{"vertices":[-50,0,-50,-37.5,1.1770414166778385,-50,-25,-0.8348394361528286,-50,-12.5,-2.179044467526866,-50,0,0,-50,12.5,-1.4501358641679574,-50,25,-0.24101846827261628,-50,37.5,0.8844378950395498,-50,50,0,-50,-50,-0.5921428339837413,-37.5,-37.5,0.6232244706459579,-37.5,-25,-1.0688814384275356,-37.5,-12.5,1.664796226794663,-37.5,0,-0.9934411189571353,-37.5,12.5,-0.8168398241867126,-37.5,25,-1.174891442793388,-37.5,37.5,1.5869917186752684,-37.5,50,-1.1231184516007122,-37.5,-50,-0.23898852422492015,-25,-37.5,1.285697722126717,-25,-25,-0.9335000572864492,-25,-12.5,1.8746406269518012,-25,0,0.1831472552432266,-25,12.5,-1.3278567311848568,-25,25,-0.47131740720571697,-25,37.5,0.36137857260937206,-25,50,-0.22759234658935656,-25,-50,0.02667648852073384,-12.5,-37.5,1.8465933150956317,-12.5,-25,-0.8381949074260807,-12.5,-12.5,2.1377307611413907,-12.5,0,1.281289014108328,-12.5,12.5,-1.9170953517932687,-12.5,25,0.1513290366695114,-12.5,37.5,-0.6686510285396237,-12.5,50,0.5847625443410531,-12.5,-50,0,0,-37.5,1.8228862450853462,0,-25,-0.8081296453546118,0,-12.5,1.3460920317418943,0,0,0,0,12.5,-0.7465728473890634,0,25,-0.20540541398791537,0,37.5,0.1930578815500294,0,50,0,0,-50,0.09346327405880564,12.5,-37.5,1.4997874018448525,12.5,-25,-0.6318303172299099,12.5,-12.5,0.44013880050787496,12.5,0,-1.1231184516007122,12.5,12.5,0.6167257052986428,12.5,25,0.04540317240748391,12.5,37.5,0.8086113512377313,12.5,50,-0.4500671977748978,12.5,-50,-0.24055549854824304,25,-37.5,-2.2111041266199774,25,-25,-0.8587714088238192,25,-12.5,1.1655923571303781,25,0,-0.22759234658935656,25,12.5,0.4715353189881641,25,25,1.8699978609781855,25,37.5,-1.4330205461047676,25,50,-0.23329043561973392,25,-50,-0.6626573045331595,37.5,-37.5,-2.326538994136598,37.5,-25,-1.0723812556128398,37.5,-12.5,1.9520897678662155,37.5,0,0.5847625443410531,37.5,12.5,0.39236570990719355,37.5,25,-0.5037171752372706,37.5,37.5,-2.329835232413483,37.5,50,-0.10249842319991129,37.5,-50,0,50,-37.5,-1.7642065353061493,50,-25,-0.8064202195613015,50,-12.5,0.6438060769711241,50,0,0,50,12.5,1.421153093798375,50,25,-0.21281292909078853,50,37.5,-1.9810517002312669,50,50,0,50],"indices":[0,9,1,9,10,1,1,10,2,10,11,2,2,11,3,11,12,3,3,12,4,12,13,4,4,13,5,13,14,5,5,14,6,14,15,6,6,15,7,15,16,7,7,16,8,16,17,8,9,18,10,18,19,10,10,19,11,19,20,11,11,20,12,20,21,12,12,21,13,21,22,13,13,22,14,22,23,14,14,23,15,23,24,15,15,24,16,24,25,16,16,25,17,25,26,17,18,27,19,27,28,19,19,28,20,28,29,20,20,29,21,29,30,21,21,30,22,30,31,22,22,31,23,31,32,23,23,32,24,32,33,24,24,33,25,33,34,25,25,34,26,34,35,26,27,36,28,36,37,28,28,37,29,37,38,29,29,38,30,38,39,30,30,39,31,39,40,31,31,40,32,40,41,32,32,41,33,41,42,33,33,42,34,42,43,34,34,43,35,43,44,35,36,45,37,45,46,37,37,46,38,46,47,38,38,47,39,47,48,39,39,48,40,48,49,40,40,49,41,49,50,41,41,50,42,50,51,42,42,51,43,51,52,43,43,52,44,52,53,44,45,54,46,54,55,46,46,55,47,55,56,47,47,56,48,56,57,48,48,57,49,57,58,49,49,58,50,58,59,50,50,59,51,59,60,51,51,60,52,60,61,52,52,61,53,61,62,53,54,63,55,63,64,55,55,64,56,64,65,56,56,65,57,65,66,57,57,66,58,66,67,58,58,67,59,67,68,59,59,68,60,68,69,60,60,69,61,69,70,61,61,70,62,70,71,62,63,72,64,72,73,64,64,73,65,73,74,65,65,74,66,74,75,66,66,75,67,75,76,67,67,76,68,76,77,68,68,77,69,77,78,69,69,78,70,78,79,70,70,79,71,79,80,71],"center":{"x":400,"z":100},"lod":2,"index":14}