{"vertices":[-50,0,-50,-37.5,-1.2123970504326924,-50,-25,0.34774544631882515,-50,-12.5,1.2125362143157057,-50,0,0,-50,12.5,-1.3089668747227592,-50,25,0.46180871964177006,-50,37.5,1.92102511242454,-50,50,0,-50,-50,-1.1231184516007122,-37.5,-37.5,-1.9861718707070442,-37.5,-25,0.437475422478574,-37.5,-12.5,1.9549182933486218,-37.5,0,1.2889330406312418,-37.5,12.5,-1.696576194901474,-37.5,25,1.6513505941291227,-37.5,37.5,1.7999324694344965,-37.5,50,0.6553421165354169,-37.5,-50,-0.22759234658935656,-25,-37.5,-0.7004427557067,-25,-25,0.30479610342727664,-25,-12.5,0.7035400286167938,-25,0,0.20921601051417857,-25,12.5,-0.7413798275929205,-25,25,0.7015095048915236,-25,37.5,1.8886007761017036,-25,50,-0.22232161504341996,-25,-50,0.5847625443410531,-12.5,-37.5,1.769509062236261,-12.5,-25,-3.905477567946675,-12.5,-12.5,-0.5986670841676851,-12.5,0,-0.794292714112917,-12.5,12.5,0.2930623917027419,-12.5,25,-0.18006498989625,-12.5,37.5,2.0464181294696764,-12.5,50,-1.181159447578369,-12.5,-50,0,0,-37.5,0.944915828288438,0,-25,-4.280486148924824,0,-12.5,0.4889942741001158,0,0,0,0,12.5,-0.6102199670522089,0,25,0.45895967559382445,0,37.5,1.3202196693687034,0,50,0,0,-50,-0.4500671977748978,12.5,-37.5,0.12951594679151812,12.5,-25,0.39341678754160525,12.5,-12.5,-0.03954430063172075,12.5,0,0.6626573079877267,12.5,12.5,-1.620525102655158,12.5,25,0.955818599935227,12.5,37.5,0.4575896773110952,12.5,50,1.3839593744731005,12.5,-50,-0.23329043561973392,25,-37.5,1.0909015706999727,25,-25,0.32231772515616697,25,-12.5,-1.088335571859037,25,0,0.24055549860430792,25,12.5,-0.40691221784703335,25,25,0.6274343525545255,25,37.5,1.1627156083949874,25,50,0.19269155293116802,25,-50,-0.10249842319991129,37.5,-37.5,1.9595100600025137,37.5,-25,0.2416189971220018,37.5,-12.5,-2.046116147772387,37.5,0,-0.0934632773799919,37.5,12.5,2.0301912122449175,37.5,25,-3.6833172144904793,37.5,37.5,1.9426296603892914,37.5,50,-0.9286291916944146,37.5,-50,0,50,-37.5,1.664504720111244,50,-25,0.3571472922202156,50,-12.5,-1.6733513139950096,50,0,0,50,12.5,1.5601222816415539,50,25,-4.184086950723471,50,37.5,0.5917610407727643,50,50,0,50],"indices":[0,9,1,9,10,1,1,10,2,10,11,2,2,11,3,11,12,3,3,12,4,12,13,4,4,13,5,13,14,5,5,14,6,14,15,6,6,15,7,15,16,7,7,16,8,16,17,8,9,18,10,18,19,10,10,19,11,19,20,11,11,20,12,20,21,12,12,21,13,21,22,13,13,22,14,22,23,14,14,23,15,23,24,15,15,24,16,24,25,16,16,25,17,25,26,17,18,27,19,27,28,19,19,28,20,28,29,20,20,29,21,29,30,21,21,30,22,30,31,22,22,31,23,31,32,23,23,32,24,32,33,24,24,33,25,33,34,25,25,34,26,34,35,26,27,36,28,36,37,28,28,37,29,37,38,29,29,38,30,38,39,30,30,39,31,39,40,31,31,40,32,40,41,32,32,41,33,41,42,33,33,42,34,42,43,34,34,43,35,43,44,35,36,45,37,45,46,37,37,46,38,46,47,38,38,47,39,47,48,39,39,48,40,48,49,40,40,49,41,49,50,41,41,50,42,50,51,42,42,51,43,51,52,43,43,52,44,52,53,44,45,54,46,54,55,46,46,55,47,55,56,47,47,56,48,56,57,48,48,57,49,57,58,49,49,58,50,58,59,50,50,59,51,59,60,51,51,60,52,60,61,52,52,61,53,61,62,53,54,63,55,63,64,55,55,64,56,64,65,56,56,65,57,65,66,57,57,66,58,66,67,58,58,67,59,67,68,59,59,68,60,68,69,60,60,69,61,69,70,61,61,70,62,70,71,62,63,72,64,72,73,64,64,73,65,73,74,65,65,74,66,74,75,66,66,75,67,75,76,67,67,76,68,76,77,68,68,77,69,77,78,69,69,78,70,78,79,70,70,79,71,79,80,71],"center":{"x":500,"z":100},"lod":2,"index":15}