{"vertices":[-50,0,-50,-25,-1.7419324256285538,-50,0,0,-50,25,-1.1894226002761112,-50,50,0,-50,-50,0.2411253074068838,-25,-25,0.6630055636666055,-25,0,0.18314725507968843,-25,25,-1.181445276748542,-25,50,0.24055549859496747,-25,-50,0,0,-25,3.049549411449606,0,0,0,0,25,-1.1697641940931838,0,50,0,0,-50,0.23329043522490495,25,-25,3.032027789237113,25,0,-0.22759234666878775,25,25,-0.9675283428164201,25,50,0.2389885241431525,25,-50,0,50,-25,-1.6479139611023514,50,0,0,50,25,-1.1082248375143735,50,50,0,50],"indices":[0,5,1,5,6,1,1,6,2,6,7,2,2,7,3,7,8,3,3,8,4,8,9,4,5,10,6,10,11,6,6,11,7,11,12,7,7,12,8,12,13,8,8,13,9,13,14,9,10,15,11,15,16,11,11,16,12,16,17,12,12,17,13,17,18,13,13,18,14,18,19,14,15,20,16,20,21,16,16,21,17,21,22,17,17,22,18,22,23,18,18,23,19,23,24,19],"center":{"x":200,"z":500},"lod":3,"index":52}