{"vertices":[-50,0,-50,-37.5,-1.3693042190319233,-50,-25,1.199851878376706,-50,-12.5,-0.25144883690963965,-50,0,0,-50,12.5,0.8643014609595916,-50,25,1.373460179810308,-50,37.5,-1.7404866936088745,-50,50,0,-50,-50,1.181159452231029,-37.5,-37.5,-0.8110105066973252,-37.5,-25,1.6402118518549582,-37.5,-12.5,0.6188365113374914,-37.5,0,0.9286291868471714,-37.5,12.5,1.4778197811898393,-37.5,25,0.2584926120653195,-37.5,37.5,2.107070617006275,-37.5,50,0.37900684356238107,-37.5,-50,0.22232161457617722,-25,-37.5,-1.2913945000798082,-25,-25,1.319725419829971,-25,-12.5,-0.43102075515552446,-25,0,-0.19269155360399856,-25,12.5,2.7650564498742276,-25,25,-3.5542309063053708,-25,37.5,1.8810008274245102,-25,50,0.22915932139861256,-25,-50,-0.655342122299601,-12.5,-37.5,-1.842112688289548,-12.5,-25,0.9747274684185725,-12.5,-12.5,-1.6745132455607652,-12.5,0,-1.3839593795440028,-12.5,12.5,-0.8209351670188878,-12.5,25,-3.3489064420301355,-12.5,37.5,1.5374496486035472,-12.5,50,0.16896719734945154,-12.5,-50,0,0,-37.5,-0.6994756682446754,0,-25,1.2898816806400524,0,-12.5,-0.9591969442456318,0,0,0,0,12.5,-1.242774464385074,0,25,-3.39067083168238,0,37.5,1.812871622117333,0,50,0,0,-50,0.5211959958150665,12.5,-37.5,0.5259507265868907,12.5,-25,1.4435638922013914,12.5,-12.5,-0.36591328258987077,12.5,0,1.1811594517657633,12.5,12.5,-1.3322766681500484,12.5,25,-3.2635065480001275,12.5,37.5,2.206405804018419,12.5,50,-0.3009251032483161,12.5,-50,0.23656683655638533,25,-37.5,-0.4888765633896718,25,-25,1.4966047773424496,25,-12.5,-1.0738996786969615,25,0,0.22232161462290173,25,12.5,-0.7473518608569343,25,25,-1.2478876583299916,25,37.5,0.5012055130091398,25,50,0.24012814199594337,25,-50,0.03850938171771591,37.5,-37.5,-1.2988204345130456,37.5,-25,1.6350257207231307,37.5,-12.5,-1.6873619204655952,37.5,0,-0.6553421217231824,37.5,12.5,-0.08025580163651588,37.5,25,0.6926135063176597,37.5,37.5,-1.2899947178095044,37.5,50,0.8691024925494423,37.5,-50,0,50,-37.5,-0.0257908911109365,50,-25,1.3040556761928634,50,-12.5,-1.6273223293218408,50,0,0,50,12.5,-0.5938329702381874,50,25,1.3922638721656033,50,37.5,-0.3724777730609751,50,50,0,50],"indices":[0,9,1,9,10,1,1,10,2,10,11,2,2,11,3,11,12,3,3,12,4,12,13,4,4,13,5,13,14,5,5,14,6,14,15,6,6,15,7,15,16,7,7,16,8,16,17,8,9,18,10,18,19,10,10,19,11,19,20,11,11,20,12,20,21,12,12,21,13,21,22,13,13,22,14,22,23,14,14,23,15,23,24,15,15,24,16,24,25,16,16,25,17,25,26,17,18,27,19,27,28,19,19,28,20,28,29,20,20,29,21,29,30,21,21,30,22,30,31,22,22,31,23,31,32,23,23,32,24,32,33,24,24,33,25,33,34,25,25,34,26,34,35,26,27,36,28,36,37,28,28,37,29,37,38,29,29,38,30,38,39,30,30,39,31,39,40,31,31,40,32,40,41,32,32,41,33,41,42,33,33,42,34,42,43,34,34,43,35,43,44,35,36,45,37,45,46,37,37,46,38,46,47,38,38,47,39,47,48,39,39,48,40,48,49,40,40,49,41,49,50,41,41,50,42,50,51,42,42,51,43,51,52,43,43,52,44,52,53,44,45,54,46,54,55,46,46,55,47,55,56,47,47,56,48,56,57,48,48,57,49,57,58,49,49,58,50,58,59,50,50,59,51,59,60,51,51,60,52,60,61,52,52,61,53,61,62,53,54,63,55,63,64,55,55,64,56,64,65,56,56,65,57,65,66,57,57,66,58,66,67,58,58,67,59,67,68,59,59,68,60,68,69,60,60,69,61,69,70,61,61,70,62,70,71,62,63,72,64,72,73,64,64,73,65,73,74,65,65,74,66,74,75,66,66,75,67,75,76,67,67,76,68,76,77,68,68,77,69,77,78,69,69,78,70,78,79,70,70,79,71,79,80,71],"center":{"x":700,"z":300},"lod":2,"index":37}