{"vertices":[-50,0,-50,-25,0.3477454458282197,-50,0,0,-50,25,-4.194058605553596,-50,50,0,-50,-50,-0.2405554985202084,-25,-25,0.37018167006070074,-25,0,0.23329043534639685,-25,25,0.6463804965842312,-25,50,0.23827626294077325,-25,-50,0,0,-25,0.34347187994903516,0,0,0,0,25,0.4669369993953107,0,50,0,0,-50,-0.2092160110608493,25,-25,0.3669764951011235,25,0,0.22759234694679778,25,25,0.6948142509828652,25,50,0.22490356099554368,25,-50,0,50,-25,0.35992511066194355,50,0,0,50,25,0.4556120484195979,50,50,0,50],"indices":[0,5,1,5,6,1,1,6,2,6,7,2,2,7,3,7,8,3,3,8,4,8,9,4,5,10,6,10,11,6,6,11,7,11,12,7,7,12,8,12,13,8,8,13,9,13,14,9,10,15,11,15,16,11,11,16,12,16,17,12,12,17,13,17,18,13,13,18,14,18,19,14,15,20,16,20,21,16,16,21,17,21,22,17,17,22,18,22,23,18,18,23,19,23,24,19],"center":{"x":500,"z":600},"lod":3,"index":65}