{"vertices":[-50,0,-50,-37.5,1.0947382400004808,-50,-25,-1.7533998289941493,-50,-12.5,-0.5502254042243033,-50,0,0,-50,12.5,0.30638938322703735,-50,25,-1.1794509444951449,-50,37.5,0.8096468498648153,-50,50,0,-50,-50,0.9353834728399951,-37.5,-37.5,1.7037630804435664,-37.5,-25,-2.21797236672497,-37.5,-12.5,-0.07507444315070469,-37.5,0,-0.8621629149368379,-37.5,12.5,1.7472031348830794,-37.5,25,-0.3440715532056674,-37.5,37.5,0.0005074466200928711,-37.5,50,0.8013875440254088,-37.5,-50,0.23827626292208362,-25,-37.5,1.6179622587216915,-25,-25,-1.6639398369996514,-25,-12.5,-0.6627337622018523,-25,0,0.20138113896531765,-25,12.5,0.7873811874883716,-25,25,-1.2056621579147817,-25,37.5,0.6481761061173797,-25,50,0.24112530743025481,-25,-50,-0.3716115302419654,-12.5,-37.5,1.5784088854277054,-12.5,-25,3.0032515491317,-12.5,-12.5,-2.411790809642622,-12.5,0,1.3381648165596205,-12.5,12.5,-0.11004651588197589,-12.5,25,-2.223640202350638,-12.5,37.5,1.3481525167815134,-12.5,50,-0.2308379916403355,-12.5,-50,0,0,-37.5,1.6683610471068597,0,-25,3.01792501871872,0,-12.5,-2.6055682318846456,0,0,0,0,12.5,0.9887898988903944,0,25,-1.163496296713452,0,37.5,0.11737497940433203,0,50,0,0,-50,0.23809308373821614,12.5,-37.5,-2.414459930251688,12.5,-25,2.5339335592473637,12.5,-12.5,1.3122884057350408,12.5,0,-1.2365144504683532,12.5,12.5,1.9848613251816485,12.5,25,-0.11564668489029449,12.5,37.5,-1.0411461428173083,12.5,50,0.10249842746020099,12.5,-50,0.22490356097510178,25,-37.5,-1.980329157944611,25,-25,3.0542503350258263,25,-12.5,1.4600452941995101,25,0,-0.21619616917105727,25,12.5,1.569315891044834,25,25,-0.9803490480233481,25,37.5,-0.39488536460046175,25,50,0.2332904353767633,25,-50,0.30826532762947945,37.5,-37.5,-1.4449031463256663,37.5,-25,3.5365501751992316,37.5,-12.5,1.6750668121270231,37.5,0,0.7252689808951874,37.5,12.5,1.190249126961839,37.5,25,-1.8944630906116604,37.5,37.5,0.1834577781755234,37.5,50,0.450067193108358,37.5,-50,0,50,-37.5,-1.831006765335836,50,-25,2.965217699661587,50,-12.5,0.9101676732907817,50,0,0,50,12.5,1.6209760095367898,50,25,-1.1523850247582574,50,37.5,-0.5897771651449911,50,50,0,50],"indices":[0,9,1,9,10,1,1,10,2,10,11,2,2,11,3,11,12,3,3,12,4,12,13,4,4,13,5,13,14,5,5,14,6,14,15,6,6,15,7,15,16,7,7,16,8,16,17,8,9,18,10,18,19,10,10,19,11,19,20,11,11,20,12,20,21,12,12,21,13,21,22,13,13,22,14,22,23,14,14,23,15,23,24,15,15,24,16,24,25,16,16,25,17,25,26,17,18,27,19,27,28,19,19,28,20,28,29,20,20,29,21,29,30,21,21,30,22,30,31,22,22,31,23,31,32,23,23,32,24,32,33,24,24,33,25,33,34,25,25,34,26,34,35,26,27,36,28,36,37,28,28,37,29,37,38,29,29,38,30,38,39,30,30,39,31,39,40,31,31,40,32,40,41,32,32,41,33,41,42,33,33,42,34,42,43,34,34,43,35,43,44,35,36,45,37,45,46,37,37,46,38,46,47,38,38,47,39,47,48,39,39,48,40,48,49,40,40,49,41,49,50,41,41,50,42,50,51,42,42,51,43,51,52,43,43,52,44,52,53,44,45,54,46,54,55,46,46,55,47,55,56,47,47,56,48,56,57,48,48,57,49,57,58,49,49,58,50,58,59,50,50,59,51,59,60,51,51,60,52,60,61,52,52,61,53,61,62,53,54,63,55,63,64,55,55,64,56,64,65,56,56,65,57,65,66,57,57,66,58,66,67,58,58,67,59,67,68,59,59,68,60,68,69,60,60,69,61,69,70,61,61,70,62,70,71,62,63,72,64,72,73,64,64,73,65,73,74,65,65,74,66,74,75,66,66,75,67,75,76,67,67,76,68,76,77,68,68,77,69,77,78,69,69,78,70,78,79,70,70,79,71,79,80,71],"center":{"x":200,"z":900},"lod":2,"index":92}