{"vertices":[-50,0,-50,-37.5,1.3716618274489907,-50,-25,-1.0631084355845835,-50,-12.5,0.022227830415977378,-50,0,0,-50,12.5,1.732570831669601,-50,25,-0.9284608167044217,-50,37.5,0.7390838150698119,-50,50,0,-50,-50,-0.5921428334034105,-37.5,-37.5,1.2393486496178294,-37.5,-25,-0.7946121245273392,-37.5,-12.5,-1.2150811077233807,-37.5,0,-0.038509386990475666,-37.5,12.5,2.204824574975142,-37.5,25,0.21538283098522318,-37.5,37.5,-0.3176508212754933,-37.5,50,0.6626573079877267,-37.5,-50,-0.23898852420856434,-25,-37.5,1.468599643654651,-25,-25,-1.0740060311518795,-25,-12.5,-0.5649486218871881,-25,0,-0.23656683632276376,-25,12.5,0.15339109474708984,-25,25,-0.7394730210846466,-25,37.5,0.42814269850042086,-25,50,0.24055549860430792,-25,-50,0.02667648797930363,-12.5,-37.5,-2.05196911942823,-12.5,-25,-1.3318877053814782,-12.5,-12.5,-0.0021394185141452166,-12.5,0,-0.5211959899865466,-12.5,12.5,-1.7998795910924232,-12.5,25,-1.5912260347473526,-12.5,37.5,1.1789989125884597,-12.5,50,-0.0934632773799919,-12.5,-50,0,0,-37.5,-2.206042461101492,0,-25,-0.9605428404027108,0,-12.5,-0.7062086790431781,0,0,0,0,12.5,-1.8611626704717548,0,25,-0.9110816466581182,0,37.5,0.05459951845978576,0,50,0,0,-50,0.09346327461233857,12.5,-37.5,-1.8138902020309253,12.5,-25,3.962406360896687,12.5,-12.5,-2.681415081696821,12.5,0,0.6553421165354169,12.5,12.5,-2.0388747393122717,12.5,25,-0.3433950349850703,12.5,37.5,-0.9886839973129999,12.5,50,-0.02667648527215655,12.5,-50,-0.24055549855758804,25,-37.5,-2.10447661786368,25,-25,3.7023046450737858,25,-12.5,-2.6767609567668242,25,0,-0.22232161504341996,25,12.5,-1.2979037225618262,25,25,1.7185284190649883,25,37.5,-1.2337904546728207,25,50,0.23898852412679902,25,-50,-0.6626573051089193,37.5,-37.5,-2.4403865478059847,37.5,-25,3.386767871394905,37.5,-12.5,0.9304039338840355,37.5,0,-1.181159447578369,37.5,12.5,-0.45595044864179324,37.5,25,3.845037038165085,37.5,37.5,-1.5346967100250803,37.5,50,0.5921428305017433,37.5,-50,0,50,-37.5,-1.5376695944401029,50,-25,3.645466211787935,50,-12.5,1.3990877054074122,50,0,0,50,12.5,-1.1581755837897234,50,25,3.800626948854088,50,37.5,-2.111593948867132,50,50,0,50],"indices":[0,9,1,9,10,1,1,10,2,10,11,2,2,11,3,11,12,3,3,12,4,12,13,4,4,13,5,13,14,5,5,14,6,14,15,6,6,15,7,15,16,7,7,16,8,16,17,8,9,18,10,18,19,10,10,19,11,19,20,11,11,20,12,20,21,12,12,21,13,21,22,13,13,22,14,22,23,14,14,23,15,23,24,15,15,24,16,24,25,16,16,25,17,25,26,17,18,27,19,27,28,19,19,28,20,28,29,20,20,29,21,29,30,21,21,30,22,30,31,22,22,31,23,31,32,23,23,32,24,32,33,24,24,33,25,33,34,25,25,34,26,34,35,26,27,36,28,36,37,28,28,37,29,37,38,29,29,38,30,38,39,30,30,39,31,39,40,31,31,40,32,40,41,32,32,41,33,41,42,33,33,42,34,42,43,34,34,43,35,43,44,35,36,45,37,45,46,37,37,46,38,46,47,38,38,47,39,47,48,39,39,48,40,48,49,40,40,49,41,49,50,41,41,50,42,50,51,42,42,51,43,51,52,43,43,52,44,52,53,44,45,54,46,54,55,46,46,55,47,55,56,47,47,56,48,56,57,48,48,57,49,57,58,49,49,58,50,58,59,50,50,59,51,59,60,51,51,60,52,60,61,52,52,61,53,61,62,53,54,63,55,63,64,55,55,64,56,64,65,56,56,65,57,65,66,57,57,66,58,66,67,58,58,67,59,67,68,59,59,68,60,68,69,60,60,69,61,69,70,61,61,70,62,70,71,62,63,72,64,72,73,64,64,73,65,73,74,65,65,74,66,74,75,66,66,75,67,75,76,67,67,76,68,76,77,68,68,77,69,77,78,69,69,78,70,78,79,70,70,79,71,79,80,71],"center":{"x":300,"z":300},"lod":2,"index":33}