{"vertices":[-50,0,-50,-37.5,-0.10024757484427482,-50,-25,-1.7077438929111,-50,-12.5,0.6305821023132421,-50,0,0,-50,12.5,-2.288184679360929,-50,25,-1.046970383978352,-50,37.5,-0.8760268292050554,-50,50,0,-50,-50,-0.725268974624751,-37.5,-37.5,-0.7968750510466921,-37.5,-25,-2.2683449901077157,-37.5,-12.5,-0.5517516210362494,-37.5,0,-0.30826533398846023,-37.5,12.5,-2.256708075037968,-37.5,25,3.880863046835133,-37.5,37.5,-2.708436637311422,-37.5,50,-0.8621629160390819,-37.5,-50,0.21619616976212402,-25,-37.5,0.40974549844744307,-25,-25,-1.9686700586650687,-25,-12.5,0.42019904074269726,-25,0,-0.22490356119996863,-25,12.5,-1.7715290310910743,-25,25,3.839552012701458,-25,37.5,-0.7133111862619916,-25,50,0.20138113882981742,-25,-50,1.2365144456040014,-12.5,-37.5,1.5200965945577734,-12.5,-25,-1.6672167091682233,-12.5,-12.5,1.344664866302164,-12.5,0,-0.23809307744187908,-12.5,12.5,-1.1705601984120482,-12.5,25,3.8329013699316072,-12.5,37.5,1.2210530415194862,-12.5,50,1.3381648173395213,-12.5,-50,0,0,-37.5,0.6007600663573625,0,-25,-1.7653658150456495,0,-12.5,-0.05253123099194057,0,0,0,0,12.5,-1.6453530514000538,0,25,3.529408607674652,0,37.5,1.2583932442686951,0,50,0,0,-50,-1.3381648208490724,12.5,-37.5,-0.15699140547886734,12.5,-25,-1.7347377406511248,12.5,-12.5,-1.302602639365729,12.5,0,0.37161152384654833,12.5,12.5,-0.8311479263386979,12.5,25,-1.461163152020374,12.5,37.5,1.3861386723527875,12.5,50,-1.2365144495839262,12.5,-50,-0.201381138220058,25,-37.5,0.7280920800939851,25,-25,-1.9757926697194197,25,-12.5,-0.6345908112290963,25,0,-0.23827626312766167,25,12.5,0.3658952089629546,25,25,-0.9226558926869145,25,37.5,0.7555620125796934,25,50,-0.2161961692785273,25,-50,0.8621629209991777,37.5,-37.5,1.5318162363862042,37.5,-25,-2.2916950962026448,37.5,-12.5,-0.051953946248187804,37.5,0,-0.935383466933656,37.5,12.5,1.6211430164259206,37.5,25,-0.2703279341662195,37.5,37.5,0.04271520421125914,37.5,50,0.7252689797551087,37.5,-50,0,50,-37.5,1.3012381024653692,50,-25,-1.7280433344781965,50,-12.5,-0.7645996467341134,50,0,0,50,12.5,0.5042857717750935,50,25,-1.187998078307048,50,37.5,0.5942271695183365,50,50,0,50],"indices":[0,9,1,9,10,1,1,10,2,10,11,2,2,11,3,11,12,3,3,12,4,12,13,4,4,13,5,13,14,5,5,14,6,14,15,6,6,15,7,15,16,7,7,16,8,16,17,8,9,18,10,18,19,10,10,19,11,19,20,11,11,20,12,20,21,12,12,21,13,21,22,13,13,22,14,22,23,14,14,23,15,23,24,15,15,24,16,24,25,16,16,25,17,25,26,17,18,27,19,27,28,19,19,28,20,28,29,20,20,29,21,29,30,21,21,30,22,30,31,22,22,31,23,31,32,23,23,32,24,32,33,24,24,33,25,33,34,25,25,34,26,34,35,26,27,36,28,36,37,28,28,37,29,37,38,29,29,38,30,38,39,30,30,39,31,39,40,31,31,40,32,40,41,32,32,41,33,41,42,33,33,42,34,42,43,34,34,43,35,43,44,35,36,45,37,45,46,37,37,46,38,46,47,38,38,47,39,47,48,39,39,48,40,48,49,40,40,49,41,49,50,41,41,50,42,50,51,42,42,51,43,51,52,43,43,52,44,52,53,44,45,54,46,54,55,46,46,55,47,55,56,47,47,56,48,56,57,48,48,57,49,57,58,49,49,58,50,58,59,50,50,59,51,59,60,51,51,60,52,60,61,52,52,61,53,61,62,53,54,63,55,63,64,55,55,64,56,64,65,56,56,65,57,65,66,57,57,66,58,66,67,58,58,67,59,67,68,59,59,68,60,68,69,60,60,69,61,69,70,61,61,70,62,70,71,62,63,72,64,72,73,64,64,73,65,73,74,65,65,74,66,74,75,66,66,75,67,75,76,67,67,76,68,76,77,68,68,77,69,77,78,69,69,78,70,78,79,70,70,79,71,79,80,71],"center":{"x":200,"z":200},"lod":2,"index":22}