{"vertices":[-50,0,-50,-25,-1.9160695812376491,-50,0,0,-50,25,-1.883987559666487,-50,50,0,-50,-50,-0.22915932091267951,-25,-25,-1.7670396332274483,-25,0,0.22759234694679778,-25,25,-1.8664659374259625,-25,50,0.21619616976212402,-25,-50,0,0,-25,-2.0060993838105463,0,0,0,0,25,-1.8540725944180059,0,50,0,0,-50,-0.23200836574325753,25,-25,-1.7698886777659921,25,0,-0.18314725450731212,25,25,0.7555941595980327,25,50,-0.201381138220058,25,-50,0,50,-25,-1.9390756154486972,50,0,0,50,25,2.931711153639122,50,50,0,50],"indices":[0,5,1,5,6,1,1,6,2,6,7,2,2,7,3,7,8,3,3,8,4,8,9,4,5,10,6,10,11,6,6,11,7,11,12,7,7,12,8,12,13,8,8,13,9,13,14,9,10,15,11,15,16,11,11,16,12,16,17,12,12,17,13,17,18,13,13,18,14,18,19,14,15,20,16,20,21,16,16,21,17,21,22,17,17,22,18,22,23,18,18,23,19,23,24,19],"center":{"x":100,"z":200},"lod":3,"index":21}