{"vertices":[-50,0,-50,-25,3.672888263445703,-50,0,0,-50,25,3.8088891773465594,-50,50,0,-50,-50,0.21619616949345902,-25,-25,-1.0143897763159604,-25,0,-0.18314725426201628,-25,25,-1.0747129469138956,-25,50,-0.22232161490324712,-25,-50,0,0,-25,-1.0727239605123364,0,0,0,0,25,-0.9395720895555566,0,50,0,0,-50,-0.20138113855881629,25,-25,-1.252879719087914,25,0,-0.24012814183241737,25,25,-1.1516371452028553,25,50,0.19269155315544495,25,-50,0,50,-25,-1.0491481183841322,50,0,0,50,25,-0.9236174413708598,50,50,0,50],"indices":[0,5,1,5,6,1,1,6,2,6,7,2,2,7,3,7,8,3,3,8,4,8,9,4,5,10,6,10,11,6,6,11,7,11,12,7,7,12,8,12,13,8,8,13,9,13,14,9,10,15,11,15,16,11,11,16,12,16,17,12,12,17,13,17,18,13,13,18,14,18,19,14,15,20,16,20,21,16,16,21,17,21,22,17,17,22,18,22,23,18,18,23,19,23,24,19],"center":{"x":300,"z":600},"lod":3,"index":63}