{"vertices":[-50,0,-50,-25,1.5257718737723482,-50,0,0,-50,25,2.1114018395886474,-50,50,0,-50,-50,0.20138113923631878,-25,-25,1.5485642292119663,-25,0,0.17274823874797085,-25,25,1.9321844882088646,-25,50,-0.19269155375351632,-25,-50,0,0,-25,1.4068954995724225,0,0,0,0,25,-2.6325721821357595,0,50,0,0,-50,-0.21619616895612936,25,-25,-3.2677755200200913,25,0,0.23827626303421318,25,25,-2.948698582888401,25,50,0.2223216145294527,25,-50,0,50,-25,-3.2549548219760567,50,0,0,50,25,-2.692402114980611,50,50,0,50],"indices":[0,5,1,5,6,1,1,6,2,6,7,2,2,7,3,7,8,3,3,8,4,8,9,4,5,10,6,10,11,6,6,11,7,11,12,7,7,12,8,12,13,8,8,13,9,13,14,9,10,15,11,15,16,11,11,16,12,16,17,12,12,17,13,17,18,13,13,18,14,18,19,14,15,20,16,20,21,16,16,21,17,21,22,17,17,22,18,22,23,18,18,23,19,23,24,19],"center":{"x":800,"z":800},"lod":3,"index":88}