{"vertices":[-50,0,-50,-37.5,1.1645659040246499,-50,-25,2.24312918829135,-50,-12.5,0.22833404434608595,-50,0,0,-50,12.5,-0.015074292834357406,-50,25,-2.006099383892318,-50,37.5,-0.835408611287384,-50,50,0,-50,-50,1.2889330431338886,-37.5,-37.5,0.9500576232189594,-37.5,-25,2.397852755406599,-37.5,-12.5,-0.8290814464125763,-37.5,0,-0.3009251020932914,-37.5,12.5,-0.9220509765649576,-37.5,25,-1.9027235132100684,-37.5,37.5,-1.5875452842845625,-37.5,50,1.3839593695082053,-37.5,-50,0.20921601014972524,-25,-37.5,-0.8402702258698852,-25,-25,1.9805648224302668,-25,-12.5,-0.1268650630669816,-25,0,0.24012814201932337,-25,12.5,0.12700778640912094,-25,25,-2.2009989476987792,-25,37.5,-1.390403105856053,-25,50,0.19269155248260805,-25,-50,-0.7942927174825569,-12.5,-37.5,-2.725500442903577,-12.5,-25,1.4682123060699384,-12.5,-12.5,0.5644620862985195,-12.5,0,0.8691024914499884,-12.5,12.5,1.2537341923507968,-12.5,25,-2.5682078868113316,-12.5,37.5,-1.2624738763753294,-12.5,50,-0.9286291949259052,-12.5,-50,0,0,-37.5,-2.605568234068602,0,-25,2.1815898302255343,0,-12.5,-0.17095563045573778,0,0,0,0,12.5,0.37834089716844105,0,25,-1.9761844182116326,0,37.5,-1.2091883493146414,0,50,0,0,-50,0.9353834690814179,12.5,-37.5,-2.279195571487314,12.5,-25,2.274282311039932,12.5,-12.5,-1.2879574017803506,12.5,0,-0.7252689780449892,12.5,12.5,-0.32734320313677373,12.5,25,-1.4129586449266485,12.5,37.5,-1.0855725699243894,12.5,50,1.062641851972445,12.5,-50,0.2382762630529028,25,-37.5,-1.141485397821573,25,-25,-2.502767939044141,25,-12.5,-0.6961629897750744,25,0,0.2161961694397242,25,12.5,0.5541482737812066,25,25,0.37139874669523376,25,37.5,1.6765557896872272,25,50,0.23200836531806615,25,-50,-0.3716115261721545,37.5,-37.5,-1.3416645476744335,37.5,-25,-3.2051543691516087,37.5,-12.5,-0.16645968834577,37.5,0,1.2365144482572843,37.5,12.5,1.3614644419088526,37.5,25,2.1631424357770794,37.5,37.5,0.6732994908809219,37.5,50,-0.513780650158949,37.5,-50,0,50,-37.5,-0.5502254077778634,50,-25,-2.5842506076678857,50,-12.5,-0.8727107283741413,50,0,0,50,12.5,1.078818933470193,50,25,2.7970635346386494,50,37.5,0.895587195834531,50,50,0,50],"indices":[0,9,1,9,10,1,1,10,2,10,11,2,2,11,3,11,12,3,3,12,4,12,13,4,4,13,5,13,14,5,5,14,6,14,15,6,6,15,7,15,16,7,7,16,8,16,17,8,9,18,10,18,19,10,10,19,11,19,20,11,11,20,12,20,21,12,12,21,13,21,22,13,13,22,14,22,23,14,14,23,15,23,24,15,15,24,16,24,25,16,16,25,17,25,26,17,18,27,19,27,28,19,19,28,20,28,29,20,20,29,21,29,30,21,21,30,22,30,31,22,22,31,23,31,32,23,23,32,24,32,33,24,24,33,25,33,34,25,25,34,26,34,35,26,27,36,28,36,37,28,28,37,29,37,38,29,29,38,30,38,39,30,30,39,31,39,40,31,31,40,32,40,41,32,32,41,33,41,42,33,33,42,34,42,43,34,34,43,35,43,44,35,36,45,37,45,46,37,37,46,38,46,47,38,38,47,39,47,48,39,39,48,40,48,49,40,40,49,41,49,50,41,41,50,42,50,51,42,42,51,43,51,52,43,43,52,44,52,53,44,45,54,46,54,55,46,46,55,47,55,56,47,47,56,48,56,57,48,48,57,49,57,58,49,49,58,50,58,59,50,50,59,51,59,60,51,51,60,52,60,61,52,52,61,53,61,62,53,54,63,55,63,64,55,55,64,56,64,65,56,56,65,57,65,66,57,57,66,58,66,67,58,58,67,59,67,68,59,59,68,60,68,69,60,60,69,61,69,70,61,61,70,62,70,71,62,63,72,64,72,73,64,64,73,65,73,74,65,65,74,66,74,75,66,66,75,67,75,76,67,67,76,68,76,77,68,68,77,69,77,78,69,69,78,70,78,79,70,70,79,71,79,80,71],"center":{"x":900,"z":0},"lod":2,"index":9}