{"vertices":[-50,0,-50,-37.5,-1.8800539932087987,-50,-25,-0.8283578608062099,-50,-12.5,0.7830680053179546,-50,0,0,-50,12.5,1.266050589940225,-50,25,-0.19714318505857287,-50,37.5,-1.8453738916097304,-50,50,0,-50,-50,0.6553421182646703,-37.5,-37.5,-1.3210427896280799,-37.5,-25,-0.5602525294547104,-37.5,-12.5,-0.5656486770069717,-37.5,0,-0.5921428357247437,-37.5,12.5,2.298971830054938,-37.5,25,0.08714366809136753,-37.5,37.5,-1.487854098526846,-37.5,50,0.09346327239821249,-37.5,-50,-0.22232161490324712,-25,-37.5,-1.7571784666180523,-25,-25,-0.747088871890708,-25,-12.5,0.24369526188629528,-25,0,-0.23898852427398057,-25,12.5,1.8281477875230403,-25,25,-0.46918062385436676,-25,37.5,-1.9665792225816012,-25,50,-0.2405554985202084,-25,-50,-1.1811594489741712,-12.5,-37.5,-2.247061879650855,-12.5,-25,3.1575954074001205,-12.5,-12.5,-0.17085197106746514,-12.5,0,0.026676490145021894,-12.5,12.5,1.40905611349899,-12.5,25,-1.1071341959992815,-12.5,37.5,-2.3448221323509393,-12.5,50,-0.6626573028058749,-12.5,-50,0,0,-37.5,-1.204828395413723,0,-25,3.9052883751507537,0,-12.5,-1.3742448733099422,0,0,0,0,12.5,1.954989997330241,0,25,-0.2413033727136223,0,37.5,1.703118231631806,0,50,0,0,-50,1.3839593769555485,12.5,-37.5,-0.06326934264188114,12.5,-25,4.136155877435206,12.5,-12.5,-2.29923324066832,12.5,0,0.09346327239821249,12.5,12.5,2.3751763694848735,12.5,25,0.7531112632164372,12.5,37.5,1.562019341825363,12.5,50,0.794292709058453,12.5,-50,0.19269155315544495,25,-37.5,-0.24665430655149362,25,-25,1.5638306563708944,25,-12.5,-1.9835807149916518,25,0,-0.2405554985202084,25,12.5,0.32733489793977544,25,25,-0.4136242594001195,25,37.5,1.6331895796981013,25,50,-0.2092160110608493,25,-50,-0.9286291900786657,37.5,-37.5,-0.22649882020099205,37.5,-25,-1.0143294721419245,37.5,-12.5,-1.735822571435106,37.5,0,-0.6626573028058749,37.5,12.5,-1.629527800688722,37.5,25,-1.506476363630448,37.5,37.5,1.7850106450012515,37.5,50,-1.2889330368772636,37.5,-50,0,50,-37.5,0.9572784737757324,50,-25,-0.8064202184165563,50,-12.5,-2.045305414281626,50,0,0,50,12.5,-1.6387435049679022,50,25,-0.23503547506055308,50,37.5,1.0964733614933624,50,50,0,50],"indices":[0,9,1,9,10,1,1,10,2,10,11,2,2,11,3,11,12,3,3,12,4,12,13,4,4,13,5,13,14,5,5,14,6,14,15,6,6,15,7,15,16,7,7,16,8,16,17,8,9,18,10,18,19,10,10,19,11,19,20,11,11,20,12,20,21,12,12,21,13,21,22,13,13,22,14,22,23,14,14,23,15,23,24,15,15,24,16,24,25,16,16,25,17,25,26,17,18,27,19,27,28,19,19,28,20,28,29,20,20,29,21,29,30,21,21,30,22,30,31,22,22,31,23,31,32,23,23,32,24,32,33,24,24,33,25,33,34,25,25,34,26,34,35,26,27,36,28,36,37,28,28,37,29,37,38,29,29,38,30,38,39,30,30,39,31,39,40,31,31,40,32,40,41,32,32,41,33,41,42,33,33,42,34,42,43,34,34,43,35,43,44,35,36,45,37,45,46,37,37,46,38,46,47,38,38,47,39,47,48,39,39,48,40,48,49,40,40,49,41,49,50,41,41,50,42,50,51,42,42,51,43,51,52,43,43,52,44,52,53,44,45,54,46,54,55,46,46,55,47,55,56,47,47,56,48,56,57,48,48,57,49,57,58,49,49,58,50,58,59,50,50,59,51,59,60,51,51,60,52,60,61,52,52,61,53,61,62,53,54,63,55,63,64,55,55,64,56,64,65,56,56,65,57,65,66,57,57,66,58,66,67,58,58,67,59,67,68,59,59,68,60,68,69,60,60,69,61,69,70,61,61,70,62,70,71,62,63,72,64,72,73,64,64,73,65,73,74,65,65,74,66,74,75,66,66,75,67,75,76,67,67,76,68,76,77,68,68,77,69,77,78,69,69,78,70,78,79,70,70,79,71,79,80,71],"center":{"x":400,"z":600},"lod":2,"index":64}