{"vertices":[-50,0,-50,-37.5,-0.6976741562954982,-50,-25,1.4068954965353409,-50,-12.5,0.47326067658568405,-50,0,0,-50,12.5,-0.37776367606638694,-50,25,-2.6046515489123063,-50,37.5,2.1368167899519874,-50,50,0,-50,-50,-0.3082653363008124,-37.5,-37.5,-1.4177406668492556,-37.5,-25,1.024087818146694,-37.5,-12.5,-0.34045859481326496,-37.5,0,-0.026676486355015017,-37.5,12.5,-1.1031016939966272,-37.5,25,2.5760089943340607,-37.5,37.5,1.0179327552225077,-37.5,50,0.2380930797314545,-37.5,-50,-0.22490356128173,-25,-37.5,-0.14430895973361352,-25,-25,1.4911559845566222,-25,-12.5,0.25539456108764297,-25,0,0.23898852415950608,-25,12.5,-0.017329718535005197,-25,25,2.0341215089962534,-25,37.5,0.11377727075542811,-25,50,0.22490356111819904,-25,-50,-0.23809307515230116,-12.5,-37.5,1.1826627974609054,-12.5,-25,1.8377329716217083,-12.5,-12.5,0.9228831953677328,-12.5,0,0.5921428316624087,-12.5,12.5,1.0427063238778258,-12.5,25,1.3119958501244453,-12.5,37.5,-0.8716780471755421,-12.5,50,0.3082653316761054,-12.5,-50,0,0,-37.5,-0.0061322145651055175,0,-25,1.5257718738541115,0,-12.5,-0.2666276564247531,0,0,0,0,12.5,0.30327004960070525,0,25,2.117883415117491,0,37.5,-0.02579088761906275,0,50,0,0,-50,0.3716115215209421,12.5,-37.5,-1.0830696031454303,12.5,-25,1.3599049888704506,12.5,-12.5,-1.5245075095576308,12.5,0,-0.7252689780449892,12.5,12.5,-0.34058918559846824,12.5,25,2.920653725017157,12.5,37.5,0.9443953411575474,12.5,50,-0.44264683820039885,12.5,-50,-0.23827626320242057,25,-37.5,0.11907024980370715,25,-25,1.306085625033969,25,-12.5,-0.7973992906981955,25,0,0.2161961694397242,25,12.5,0.46931026773173035,25,25,2.1295644970684906,25,37.5,-0.22517188563568946,25,50,0.2355696710192852,25,-50,-0.9353834647858985,37.5,-37.5,1.2453101597289107,37.5,-25,1.174619800205592,37.5,-12.5,-0.15336807459989188,37.5,0,1.2365144482572843,37.5,12.5,1.2062317279276717,37.5,25,1.328216483639853,37.5,37.5,-1.6125857024360666,37.5,50,0.9999800524047002,37.5,-50,0,50,-37.5,0.6904027884902743,50,-25,1.5300454401070906,50,-12.5,-0.9530600981735488,50,0,0,50,12.5,0.9925433283018681,50,25,2.0808458390073974,50,37.5,-0.6994756646945682,50,50,0,50],"indices":[0,9,1,9,10,1,1,10,2,10,11,2,2,11,3,11,12,3,3,12,4,12,13,4,4,13,5,13,14,5,5,14,6,14,15,6,6,15,7,15,16,7,7,16,8,16,17,8,9,18,10,18,19,10,10,19,11,19,20,11,11,20,12,20,21,12,12,21,13,21,22,13,13,22,14,22,23,14,14,23,15,23,24,15,15,24,16,24,25,16,16,25,17,25,26,17,18,27,19,27,28,19,19,28,20,28,29,20,20,29,21,29,30,21,21,30,22,30,31,22,22,31,23,31,32,23,23,32,24,32,33,24,24,33,25,33,34,25,25,34,26,34,35,26,27,36,28,36,37,28,28,37,29,37,38,29,29,38,30,38,39,30,30,39,31,39,40,31,31,40,32,40,41,32,32,41,33,41,42,33,33,42,34,42,43,34,34,43,35,43,44,35,36,45,37,45,46,37,37,46,38,46,47,38,38,47,39,47,48,39,39,48,40,48,49,40,40,49,41,49,50,41,41,50,42,50,51,42,42,51,43,51,52,43,43,52,44,52,53,44,45,54,46,54,55,46,46,55,47,55,56,47,47,56,48,56,57,48,48,57,49,57,58,49,49,58,50,58,59,50,50,59,51,59,60,51,51,60,52,60,61,52,52,61,53,61,62,53,54,63,55,63,64,55,55,64,56,64,65,56,56,65,57,65,66,57,57,66,58,66,67,58,58,67,59,67,68,59,59,68,60,68,69,60,60,69,61,69,70,61,61,70,62,70,71,62,63,72,64,72,73,64,64,73,65,73,74,65,65,74,66,74,75,66,66,75,67,75,76,67,67,76,68,76,77,68,68,77,69,77,78,69,69,78,70,78,79,70,70,79,71,79,80,71],"center":{"x":800,"z":100},"lod":2,"index":18}