{"vertices":[-50,0,-50,-25,-1.756818681870378,-50,0,0,-50,25,3.603483758780465,-50,50,0,-50,-50,-0.17274824423342963,-25,-25,-1.540123929917327,-25,0,0.23898852404504015,-25,25,1.0244442331794612,-25,50,0.17274823167698003,-25,-50,0,0,-25,-1.7653658150526585,0,0,0,0,25,-1.0469703808303044,0,50,0,0,-50,0.20921601027121628,25,-25,-1.544397496506725,25,0,0.2355696709935889,25,25,-1.3908037384786585,25,50,0.22232161466962364,25,-50,0,50,-25,-1.7077438934893112,50,0,0,50,25,-1.1822999897649313,50,50,0,50],"indices":[0,5,1,5,6,1,1,6,2,6,7,2,2,7,3,7,8,3,3,8,4,8,9,4,5,10,6,10,11,6,6,11,7,11,12,7,7,12,8,12,13,8,8,13,9,13,14,9,10,15,11,15,16,11,11,16,12,16,17,12,12,17,13,17,18,13,13,18,14,18,19,14,15,20,16,20,21,16,16,21,17,21,22,17,17,22,18,22,23,18,18,23,19,23,24,19],"center":{"x":200,"z":0},"lod":3,"index":2}