{"vertices":[-50,0,-50,-37.5,1.8813498879555115,-50,-25,0.501583161025473,-50,-12.5,-0.46215447042299285,-50,0,0,-50,12.5,-1.2282485749582115,-50,25,1.1794509382711875,-50,37.5,-1.1387399983763906,-50,50,0,-50,-50,0.6553421165354169,-37.5,-37.5,1.669363817438967,-37.5,-25,0.7176599782851913,-37.5,-12.5,0.6024660600712992,-37.5,0,1.2889330402141335,-37.5,12.5,-1.4829768191557957,-37.5,25,2.0332990403462956,-37.5,37.5,-0.4081198342439494,-37.5,50,-1.12311845062818,-37.5,-50,-0.22232161504341996,-25,-37.5,1.9335873250037516,-25,-25,0.5817125338450089,-25,-12.5,-0.620144038047495,-25,0,0.20921601057492026,-25,12.5,-0.6584499024458015,-25,25,1.1464020205380248,-25,37.5,-1.3051622225168353,-25,50,-0.22759234666878775,-25,-50,-1.181159447578369,-12.5,-37.5,-1.56899767344583,-12.5,-25,0.43219456804629414,-12.5,-12.5,-1.7746132231844645,-12.5,0,-0.7942927135513096,-12.5,12.5,0.21810840146801208,-12.5,25,0.10465003345980753,-12.5,37.5,-2.119285579554794,-12.5,50,0.5847625431795643,-12.5,-50,0,0,-37.5,-1.6954696388964519,0,-25,0.6012997143203986,0,-12.5,-1.1755216502108825,0,0,0,0,12.5,-0.5258240631064551,0,25,1.1634962898949244,0,37.5,-1.8055603602196242,0,50,0,0,-50,1.3839593744731005,12.5,-37.5,-1.2506445061284055,12.5,-25,0.7507689909870406,12.5,-12.5,-0.7000730121250943,12.5,0,0.6626573074119637,12.5,12.5,-1.4320832605610903,12.5,25,2.2264769995323332,12.5,37.5,-1.5834163048024283,12.5,50,-0.4500671966082648,12.5,-50,0.19269155293116802,25,-37.5,-1.603975334889335,25,-25,0.7628654550713597,25,-12.5,-1.2770706472968707,25,0,0.24055549859496747,25,12.5,-0.33877617672699345,25,25,1.3913735404593948,25,37.5,0.21597606629077376,25,50,-0.23329043555899237,25,-50,-0.9286291916944146,37.5,-37.5,-2.045256696207388,37.5,-25,0.7144737417460794,37.5,-12.5,-1.7530809977105282,37.5,0,-0.0934632768264608,37.5,12.5,0.8487850014191183,37.5,25,0.4665032402379863,37.5,37.5,2.0727755817271625,37.5,50,-0.10249842426498804,37.5,-50,0,50,-37.5,-1.0632835300095904,50,-25,0.5895474060185193,50,-12.5,-1.804058117061751,50,0,0,50,12.5,0.16146976940665067,50,25,1.1523850176909183,50,37.5,1.7862266660608042,50,50,0,50],"indices":[0,9,1,9,10,1,1,10,2,10,11,2,2,11,3,11,12,3,3,12,4,12,13,4,4,13,5,13,14,5,5,14,6,14,15,6,6,15,7,15,16,7,7,16,8,16,17,8,9,18,10,18,19,10,10,19,11,19,20,11,11,20,12,20,21,12,12,21,13,21,22,13,13,22,14,22,23,14,14,23,15,23,24,15,15,24,16,24,25,16,16,25,17,25,26,17,18,27,19,27,28,19,19,28,20,28,29,20,20,29,21,29,30,21,21,30,22,30,31,22,22,31,23,31,32,23,23,32,24,32,33,24,24,33,25,33,34,25,25,34,26,34,35,26,27,36,28,36,37,28,28,37,29,37,38,29,29,38,30,38,39,30,30,39,31,39,40,31,31,40,32,40,41,32,32,41,33,41,42,33,33,42,34,42,43,34,34,43,35,43,44,35,36,45,37,45,46,37,37,46,38,46,47,38,38,47,39,47,48,39,39,48,40,48,49,40,40,49,41,49,50,41,41,50,42,50,51,42,42,51,43,51,52,43,43,52,44,52,53,44,45,54,46,54,55,46,46,55,47,55,56,47,47,56,48,56,57,48,48,57,49,57,58,49,49,58,50,58,59,50,50,59,51,59,60,51,51,60,52,60,61,52,52,61,53,61,62,53,54,63,55,63,64,55,55,64,56,64,65,56,56,65,57,65,66,57,57,66,58,66,67,58,58,67,59,67,68,59,59,68,60,68,69,60,60,69,61,69,70,61,61,70,62,70,71,62,63,72,64,72,73,64,64,73,65,73,74,65,65,74,66,74,75,66,66,75,67,75,76,67,67,76,68,76,77,68,68,77,69,77,78,69,69,78,70,78,79,70,70,79,71,79,80,71],"center":{"x":600,"z":100},"lod":2,"index":16}