{"vertices":[-50,0,-50,-37.5,-0.8059105031711494,-50,-25,-1.9160695812376491,-50,-12.5,-0.07042372252102014,-50,0,0,-50,12.5,-0.046844738445530665,-50,25,-1.883987559666487,-50,37.5,-0.09001029488615002,-50,50,0,-50,-50,-0.16896720459317266,-37.5,-37.5,-0.2035646195916502,-37.5,-25,-1.3458490874255993,-37.5,-12.5,1.0809497097507823,-37.5,0,-0.5847625391143542,-37.5,12.5,1.2388232005264341,-37.5,25,-1.0209373565474709,-37.5,37.5,-1.1530389891220738,-37.5,50,-0.725268974624751,-37.5,-50,-0.22915932091267951,-25,-37.5,-0.6264494499968281,-25,-25,-1.7670396332274483,-25,-12.5,-0.20710416301236292,-25,0,0.22759234694679778,-25,12.5,0.4155183733860515,-25,25,-1.8664659374259625,-25,37.5,-0.6210434489817367,-25,50,0.21619616976212402,-25,-50,-0.3790068359998924,-12.5,-37.5,-1.117118119098487,-12.5,-25,-2.098863685076984,-12.5,-12.5,-1.4209866692800233,-12.5,0,1.1231184472243325,-12.5,12.5,-0.6102522108120102,-12.5,25,-2.6993374162701693,-12.5,37.5,-0.15534128119975615,-12.5,50,1.2365144456040014,-12.5,-50,0,0,-37.5,-0.08385930291695036,0,-25,-2.0060993838105463,0,-12.5,-0.7670705728784809,0,0,0,0,12.5,0.6290519430388588,0,25,-1.8540725944180059,0,37.5,-0.7958853777933892,0,50,0,0,-50,0.5137806425797298,12.5,-37.5,1.029906374702278,12.5,-25,-2.034325245911715,12.5,-12.5,-0.23878685715959316,12.5,0,-1.281289006407878,12.5,12.5,1.7615866540682659,12.5,25,-1.0550310596626276,12.5,37.5,-1.3234908104360752,12.5,50,-1.3381648208490724,12.5,-50,-0.23200836574325753,25,-37.5,0.4209627914133608,25,-25,-1.7698886777659921,25,-12.5,-0.8513992670137777,25,0,-0.18314725450731212,25,12.5,1.2193634577360208,25,25,0.7555941595980327,25,37.5,-2.009184112988717,25,50,-0.201381138220058,25,-50,-1.0626418454047235,37.5,-37.5,-0.37402454291617304,37.5,-25,-1.4144663339337749,37.5,-12.5,-1.3593364162450008,37.5,0,0.9934411236730512,37.5,12.5,0.7500262106822242,37.5,25,2.6492788164384455,37.5,37.5,0.9196888170662842,37.5,50,0.8621629209991777,37.5,-50,0,50,-37.5,0.5942271641409399,50,-25,-1.9390756154486972,50,-12.5,-1.3615074009189445,50,0,0,50,12.5,1.2949875427889603,50,25,2.931711153639122,50,37.5,1.295608723332263,50,50,0,50],"indices":[0,9,1,9,10,1,1,10,2,10,11,2,2,11,3,11,12,3,3,12,4,12,13,4,4,13,5,13,14,5,5,14,6,14,15,6,6,15,7,15,16,7,7,16,8,16,17,8,9,18,10,18,19,10,10,19,11,19,20,11,11,20,12,20,21,12,12,21,13,21,22,13,13,22,14,22,23,14,14,23,15,23,24,15,15,24,16,24,25,16,16,25,17,25,26,17,18,27,19,27,28,19,19,28,20,28,29,20,20,29,21,29,30,21,21,30,22,30,31,22,22,31,23,31,32,23,23,32,24,32,33,24,24,33,25,33,34,25,25,34,26,34,35,26,27,36,28,36,37,28,28,37,29,37,38,29,29,38,30,38,39,30,30,39,31,39,40,31,31,40,32,40,41,32,32,41,33,41,42,33,33,42,34,42,43,34,34,43,35,43,44,35,36,45,37,45,46,37,37,46,38,46,47,38,38,47,39,47,48,39,39,48,40,48,49,40,40,49,41,49,50,41,41,50,42,50,51,42,42,51,43,51,52,43,43,52,44,52,53,44,45,54,46,54,55,46,46,55,47,55,56,47,47,56,48,56,57,48,48,57,49,57,58,49,49,58,50,58,59,50,50,59,51,59,60,51,51,60,52,60,61,52,52,61,53,61,62,53,54,63,55,63,64,55,55,64,56,64,65,56,56,65,57,65,66,57,57,66,58,66,67,58,58,67,59,67,68,59,59,68,60,68,69,60,60,69,61,69,70,61,61,70,62,70,71,62,63,72,64,72,73,64,64,73,65,73,74,65,65,74,66,74,75,66,66,75,67,75,76,67,67,76,68,76,77,68,68,77,69,77,78,69,69,78,70,78,79,70,70,79,71,79,80,71],"center":{"x":100,"z":200},"lod":2,"index":21}