{"vertices":[-50,0,-50,-37.5,-0.4416227847378329,-50,-25,-3.1542108303105305,-50,-12.5,-1.4227296020100322,-50,0,0,-50,12.5,-1.1454003409864397,-50,25,-2.066956753098618,-50,37.5,-0.8105518647833581,-50,50,0,-50,-50,-0.16896720459317266,-37.5,-37.5,0.4730399962479384,-37.5,-25,-3.3514239043653395,-37.5,-12.5,2.547030024360557,-37.5,0,-0.7324890112449594,-37.5,12.5,-1.3126653712427105,-37.5,25,-2.863519817227833,-37.5,37.5,-0.37687491729737144,-37.5,50,1.1754468493180106,-37.5,-50,-0.22915932091267951,-25,-37.5,-0.24105459768712612,-25,-25,-0.5245295391286867,-25,-12.5,1.9113415618404306,-25,0,-0.24126775966419003,-25,12.5,-0.5890272325575517,-25,25,-2.1049914959991933,-25,37.5,-0.9587329712336397,-25,50,0.17274823309117296,-25,-50,-0.3790068359998924,-12.5,-37.5,-1.0194327218326662,-12.5,-25,2.3785734806931673,-12.5,-12.5,1.3416695144167274,-12.5,0,0.16160057835024735,-12.5,12.5,0.2318106640851409,-12.5,25,-1.3286477441293107,-12.5,37.5,-1.4518577464832172,-12.5,50,-1.0563483163007283,-12.5,-50,0,0,-37.5,0.23812344572579802,0,-25,1.6372710069767138,0,-12.5,0.6222794477305422,0,0,0,0,12.5,-0.4818602762494879,0,25,-2.122513119252466,0,37.5,-1.4351290233636738,0,50,0,0,-50,0.5137806425797298,12.5,-37.5,1.3143738438044383,12.5,-25,0.751927242280954,12.5,-12.5,-0.23305330495399054,12.5,0,-0.038509383826818296,12.5,12.5,-1.3196510641513424,12.5,25,-2.902276837738664,12.5,37.5,-1.0799784658927052,12.5,50,0.935383471766117,12.5,-50,-0.23200836574325753,25,-37.5,0.772074783278648,25,-25,1.6611317542228485,25,-12.5,0.48046377170542026,25,0,-0.23656683646293558,25,12.5,0.04966716237452129,25,25,-2.1078405404267677,25,37.5,2.596314180220905,25,50,0.23827626295945428,25,-50,-1.0626418454047235,37.5,-37.5,0.2918108485182598,37.5,-25,2.575791740845461,37.5,-12.5,1.2788976586887846,37.5,0,-0.5211959934836599,37.5,12.5,1.3333927126523093,37.5,25,-1.380472777324793,37.5,37.5,2.653029837846144,37.5,50,-0.3716115290791627,37.5,-50,0,50,-37.5,0.9394524390474123,50,-25,1.6444648447025956,50,-12.5,-0.08000650757504774,50,0,0,50,12.5,0.20125305702196356,50,25,2.572742244487363,50,37.5,0.6793688863858758,50,50,0,50],"indices":[0,9,1,9,10,1,1,10,2,10,11,2,2,11,3,11,12,3,3,12,4,12,13,4,4,13,5,13,14,5,5,14,6,14,15,6,6,15,7,15,16,7,7,16,8,16,17,8,9,18,10,18,19,10,10,19,11,19,20,11,11,20,12,20,21,12,12,21,13,21,22,13,13,22,14,22,23,14,14,23,15,23,24,15,15,24,16,24,25,16,16,25,17,25,26,17,18,27,19,27,28,19,19,28,20,28,29,20,20,29,21,29,30,21,21,30,22,30,31,22,22,31,23,31,32,23,23,32,24,32,33,24,24,33,25,33,34,25,25,34,26,34,35,26,27,36,28,36,37,28,28,37,29,37,38,29,29,38,30,38,39,30,30,39,31,39,40,31,31,40,32,40,41,32,32,41,33,41,42,33,33,42,34,42,43,34,34,43,35,43,44,35,36,45,37,45,46,37,37,46,38,46,47,38,38,47,39,47,48,39,39,48,40,48,49,40,40,49,41,49,50,41,41,50,42,50,51,42,42,51,43,51,52,43,43,52,44,52,53,44,45,54,46,54,55,46,46,55,47,55,56,47,47,56,48,56,57,48,48,57,49,57,58,49,49,58,50,58,59,50,50,59,51,59,60,51,51,60,52,60,61,52,52,61,53,61,62,53,54,63,55,63,64,55,55,64,56,64,65,56,56,65,57,65,66,57,57,66,58,66,67,58,58,67,59,67,68,59,59,68,60,68,69,60,60,69,61,69,70,61,61,70,62,70,71,62,63,72,64,72,73,64,64,73,65,73,74,65,65,74,66,74,75,66,66,75,67,75,76,67,67,76,68,76,77,68,68,77,69,77,78,69,69,78,70,78,79,70,70,79,71,79,80,71],"center":{"x":0,"z":300},"lod":2,"index":30}