{"vertices":[-50,0,-50,-37.5,1.2347726657550675,-50,-25,-1.7419324256285538,-50,-12.5,-0.6938209962060831,-50,0,0,-50,12.5,0.43979519038512216,-50,25,-1.1894226002761112,-50,37.5,0.6668225031617742,-50,50,0,-50,-50,0.801387546827702,-37.5,-37.5,1.7160469483501941,-37.5,-25,-2.2007612456115635,-37.5,-12.5,-0.3564998205668801,-37.5,0,-0.9934411200051169,-37.5,12.5,1.8079231043553137,-37.5,25,-0.16135159310703417,-37.5,37.5,-0.24095184614188012,-37.5,50,0.6626573074119637,-37.5,-50,0.2411253074068838,-25,-37.5,1.722251611394894,-25,-25,0.6630055636666055,-25,-12.5,-1.5017355957905223,-25,0,0.18314725507968843,-25,12.5,0.9414481304062257,-25,25,-1.181445276748542,-25,37.5,0.49527827367976995,-25,50,0.24055549859496747,-25,-50,-0.23083799449819048,-12.5,-37.5,1.7691760177565243,-12.5,-25,3.5292361430649337,-12.5,-12.5,-2.5286557800542515,-12.5,0,1.281289012397119,-12.5,12.5,0.13976869922794039,-12.5,25,-2.2183906156087634,-12.5,37.5,1.1830049215538232,-12.5,50,-0.0934632768264608,-12.5,-50,0,0,-37.5,-2.3247789809279134,0,-25,3.049549411449606,0,-12.5,1.3777509397341936,0,0,0,0,12.5,1.1303371838373066,0,25,-1.1697641940931838,0,37.5,-0.015074282795354759,0,50,0,0,-50,0.10249843012287312,12.5,-37.5,-2.4217719590693996,12.5,-25,2.5416048340455815,12.5,-12.5,1.074947486128865,12.5,0,-1.12311845062818,12.5,12.5,2.020516785028343,12.5,25,-0.09036383116437921,12.5,37.5,-1.0927669986663595,12.5,50,-0.026676485813583013,12.5,-50,0.23329043522490495,25,-37.5,-1.8536052507226901,25,-25,3.032027789237113,25,-12.5,1.3437192858942542,25,0,-0.22759234666878775,25,12.5,1.6954377170318946,25,25,-0.9675283428164201,25,37.5,-0.5494842775627653,25,50,0.2389885241431525,25,-50,0.4500671901917743,37.5,-37.5,-1.186871423005451,37.5,-25,3.4840020005417105,37.5,-12.5,1.6839428748093799,37.5,0,0.5847625431795643,37.5,12.5,1.430476347984003,37.5,25,-1.7349203628433991,37.5,37.5,-0.0742868019504295,37.5,50,0.592142831082077,37.5,-50,0,50,-37.5,-0.26076715812741363,50,-25,-1.6479139611023514,50,-12.5,0.7725216872563713,50,0,0,50,12.5,1.7056631582736421,50,25,-1.1082248375143735,50,37.5,-0.7346631739961086,50,50,0,50],"indices":[0,9,1,9,10,1,1,10,2,10,11,2,2,11,3,11,12,3,3,12,4,12,13,4,4,13,5,13,14,5,5,14,6,14,15,6,6,15,7,15,16,7,7,16,8,16,17,8,9,18,10,18,19,10,10,19,11,19,20,11,11,20,12,20,21,12,12,21,13,21,22,13,13,22,14,22,23,14,14,23,15,23,24,15,15,24,16,24,25,16,16,25,17,25,26,17,18,27,19,27,28,19,19,28,20,28,29,20,20,29,21,29,30,21,21,30,22,30,31,22,22,31,23,31,32,23,23,32,24,32,33,24,24,33,25,33,34,25,25,34,26,34,35,26,27,36,28,36,37,28,28,37,29,37,38,29,29,38,30,38,39,30,30,39,31,39,40,31,31,40,32,40,41,32,32,41,33,41,42,33,33,42,34,42,43,34,34,43,35,43,44,35,36,45,37,45,46,37,37,46,38,46,47,38,38,47,39,47,48,39,39,48,40,48,49,40,40,49,41,49,50,41,41,50,42,50,51,42,42,51,43,51,52,43,43,52,44,52,53,44,45,54,46,54,55,46,46,55,47,55,56,47,47,56,48,56,57,48,48,57,49,57,58,49,49,58,50,58,59,50,50,59,51,59,60,51,51,60,52,60,61,52,52,61,53,61,62,53,54,63,55,63,64,55,55,64,56,64,65,56,56,65,57,65,66,57,57,66,58,66,67,58,58,67,59,67,68,59,59,68,60,68,69,60,60,69,61,69,70,61,61,70,62,70,71,62,63,72,64,72,73,64,64,73,65,73,74,65,65,74,66,74,75,66,66,75,67,75,76,67,67,76,68,76,77,68,68,77,69,77,78,69,69,78,70,78,79,70,70,79,71,79,80,71],"center":{"x":200,"z":500},"lod":2,"index":52}