{"vertices":[-50,0,-50,-37.5,0.8836936258154938,-50,-25,-0.7909641526817992,-50,-12.5,-1.9922921133446656,-50,0,0,-50,12.5,-1.6969718923466606,-50,25,-0.2313317173648559,-50,37.5,1.166577589772218,-50,50,0,-50,-50,-0.8691024985964234,-37.5,-37.5,0.07760599125662346,-37.5,-25,-1.0658120376523268,-37.5,-12.5,-1.9788450514169398,-37.5,0,-0.7252689751947909,-37.5,12.5,-1.3596436025331207,-37.5,25,-1.4180253828878713,-37.5,37.5,1.6070806634648618,-37.5,50,-1.3381648204591226,-37.5,-50,-0.24012814186746034,-25,-37.5,1.0199322420210124,-25,-25,-0.8552813291884587,-25,-12.5,0.040126884461047466,-25,0,0.2161961697083911,-25,12.5,-1.6187082691223527,-25,25,-0.4627702739685297,-25,37.5,0.6031753544639139,-25,50,-0.2013811382878078,-25,-50,0.3009251096009624,-12.5,-37.5,1.871496725888181,-12.5,-25,-0.630285877892933,-12.5,-12.5,2.1425261306590633,-12.5,0,1.2365144460462154,-12.5,12.5,-1.953470826165936,-12.5,25,0.41760255927514145,-12.5,37.5,-0.47373206493953224,-12.5,50,0.8621629204480558,-12.5,-50,0,0,-37.5,1.589568709212824,0,-25,-0.8138277346045917,0,-12.5,1.6031445554487385,0,0,0,0,12.5,-1.0328058177855484,0,25,-0.22990719544017219,0,37.5,0.4751508337534175,0,50,0,0,-50,-0.16896720347875288,12.5,-37.5,1.4291094726805373,12.5,-25,-0.8956585927664709,12.5,-12.5,0.939813130233571,12.5,0,-1.3381648204591226,12.5,12.5,0.011308075500745432,12.5,25,-0.7390256362994083,12.5,37.5,1.4336865804320555,12.5,50,-0.7324890146597763,12.5,-50,-0.22915932098743846,25,-37.5,1.644932304698984,25,-25,-1.0097244621825714,25,-12.5,1.4660738878555448,25,0,-0.2013811382878078,25,12.5,-0.8564226647258979,25,25,-0.43285530878429845,25,37.5,0.2781392222854049,25,50,-0.24126775967820843,25,-50,-0.37900683716335215,37.5,-37.5,-1.869472453018188,37.5,-25,-1.0599790095782602,37.5,-12.5,2.053535767391904,37.5,0,0.8621629204480558,37.5,12.5,-1.5281629972327293,37.5,25,3.862156541001562,37.5,37.5,-2.097409864323428,37.5,50,0.16160058173171607,37.5,-50,0,50,-37.5,-1.9822961513021284,50,-25,-0.8383295157391341,50,-12.5,0.9249307995801561,50,0,0,50,12.5,1.106297243785201,50,25,-0.17805458777633562,50,37.5,-1.6969121093270265,50,50,0,50],"indices":[0,9,1,9,10,1,1,10,2,10,11,2,2,11,3,11,12,3,3,12,4,12,13,4,4,13,5,13,14,5,5,14,6,14,15,6,6,15,7,15,16,7,7,16,8,16,17,8,9,18,10,18,19,10,10,19,11,19,20,11,11,20,12,20,21,12,12,21,13,21,22,13,13,22,14,22,23,14,14,23,15,23,24,15,15,24,16,24,25,16,16,25,17,25,26,17,18,27,19,27,28,19,19,28,20,28,29,20,20,29,21,29,30,21,21,30,22,30,31,22,22,31,23,31,32,23,23,32,24,32,33,24,24,33,25,33,34,25,25,34,26,34,35,26,27,36,28,36,37,28,28,37,29,37,38,29,29,38,30,38,39,30,30,39,31,39,40,31,31,40,32,40,41,32,32,41,33,41,42,33,33,42,34,42,43,34,34,43,35,43,44,35,36,45,37,45,46,37,37,46,38,46,47,38,38,47,39,47,48,39,39,48,40,48,49,40,40,49,41,49,50,41,41,50,42,50,51,42,42,51,43,51,52,43,43,52,44,52,53,44,45,54,46,54,55,46,46,55,47,55,56,47,47,56,48,56,57,48,48,57,49,57,58,49,49,58,50,58,59,50,50,59,51,59,60,51,51,60,52,60,61,52,52,61,53,61,62,53,54,63,55,63,64,55,55,64,56,64,65,56,56,65,57,65,66,57,57,66,58,66,67,58,58,67,59,67,68,59,59,68,60,68,69,60,60,69,61,69,70,61,61,70,62,70,71,62,63,72,64,72,73,64,64,73,65,73,74,65,65,74,66,74,75,66,66,75,67,75,76,67,67,76,68,76,77,68,68,77,69,77,78,69,69,78,70,78,79,70,70,79,71,79,80,71],"center":{"x":400,"z":900},"lod":2,"index":94}