{"vertices":[-50,0,-50,-25,-3.171305095730102,-50,0,0,-50,25,-2.0024971233157745,-50,50,0,-50,-50,0.2291593214733797,-25,-25,-3.344124566574029,-25,0,0.2382762630529028,-25,25,-2.1158890901913243,-25,50,0.18314725557030448,-25,-50,0,0,-25,1.5894070607440542,0,0,0,0,25,-2.125290937298206,0,50,0,0,-50,0.24012814201932337,25,-25,1.6079258483534402,25,0,0.22490356111819904,25,25,-2.094521258868048,25,50,-0.22759234643048576,25,-50,0,50,-25,1.6446785230421153,50,0,0,50,25,-2.0512157842486665,50,50,0,50],"indices":[0,5,1,5,6,1,1,6,2,6,7,2,2,7,3,7,8,3,3,8,4,8,9,4,5,10,6,10,11,6,6,11,7,11,12,7,7,12,8,12,13,8,8,13,9,13,14,9,10,15,11,15,16,11,11,16,12,16,17,12,12,17,13,17,18,13,13,18,14,18,19,14,15,20,16,20,21,16,16,21,17,21,22,17,17,22,18,22,23,18,18,23,19,23,24,19],"center":{"x":0,"z":900},"lod":3,"index":90}