{"vertices":[-50,0,-50,-37.5,0.7019633890087311,-50,-25,2.211219890842604,-50,-12.5,0.726323275184856,-50,0,0,-50,12.5,-0.5166392972415604,-50,25,-1.9761844174523582,-50,37.5,-0.34358057784700363,-50,50,0,-50,-50,-0.9934411194811261,-37.5,-37.5,1.684386546853158,-37.5,-25,2.54291019951197,-37.5,-12.5,1.1116285306654712,-37.5,0,-0.1689672023643381,-37.5,12.5,0.31102660148498745,-37.5,25,-1.6236300750891117,-37.5,37.5,0.5745898551974353,-37.5,50,-0.8621629127323505,-37.5,-50,0.18314725516145608,-25,-37.5,1.2806608746788084,-25,-25,2.478057823983409,-25,-12.5,0.19534214927758858,-25,0,-0.22915932106219333,-25,12.5,-0.3177524358273621,-25,25,-1.775016957605984,-25,37.5,-0.46626453167669957,-25,50,0.20138113923631878,-25,-50,1.2812890132527253,-12.5,-37.5,0.9499947872445731,-12.5,-25,2.4823782281535998,-12.5,-12.5,-0.7822370134969423,-12.5,0,-0.379006838326812,-12.5,12.5,-1.0139800918357205,-12.5,25,-1.8325033585714265,-12.5,37.5,-1.4168597198526371,-12.5,50,1.3381648149998226,-12.5,-50,0,0,-37.5,1.3291948327686833,0,-25,2.222616068973449,0,-12.5,0.02276025818348039,0,0,0,0,12.5,0.18053841090925155,0,25,-1.9975522509366381,0,37.5,-1.031568448218386,0,50,0,0,-50,-1.1231184511144443,12.5,-37.5,1.1417807965207756,12.5,-25,1.8249586745332649,12.5,-12.5,1.0047884024336884,12.5,0,0.5137806449117978,12.5,12.5,1.3642086108029234,12.5,25,-2.2807667463756993,12.5,37.5,-0.7701871409850911,12.5,50,-1.236514452237205,12.5,-50,-0.22759234662907246,25,-37.5,-2.2685268169838055,25,-25,2.2548227382815025,25,-12.5,-0.13590651987241212,25,0,-0.23200836561242955,25,12.5,0.7090870052202052,25,25,-1.8343607658964478,25,37.5,-1.0823808067730125,25,50,-0.21619616895612936,25,-50,0.5847625437603088,37.5,-37.5,-0.6415072739086825,37.5,-25,-1.3667524509111881,37.5,-12.5,-1.2244277435244781,37.5,0,-1.0626418474255601,37.5,12.5,0.12732236399455105,37.5,25,-1.3135086310405808,37.5,37.5,2.357324293351549,37.5,50,0.7252689831753462,37.5,-50,0,50,-37.5,-0.764599650193551,50,-25,-2.53617298380708,50,-12.5,-0.6648382331742362,50,0,0,50,12.5,0.8793750464148421,50,25,2.724199224659131,50,37.5,1.0870093810100683,50,50,0,50],"indices":[0,9,1,9,10,1,1,10,2,10,11,2,2,11,3,11,12,3,3,12,4,12,13,4,4,13,5,13,14,5,5,14,6,14,15,6,6,15,7,15,16,7,7,16,8,16,17,8,9,18,10,18,19,10,10,19,11,19,20,11,11,20,12,20,21,12,12,21,13,21,22,13,13,22,14,22,23,14,14,23,15,23,24,15,15,24,16,24,25,16,16,25,17,25,26,17,18,27,19,27,28,19,19,28,20,28,29,20,20,29,21,29,30,21,21,30,22,30,31,22,22,31,23,31,32,23,23,32,24,32,33,24,24,33,25,33,34,25,25,34,26,34,35,26,27,36,28,36,37,28,28,37,29,37,38,29,29,38,30,38,39,30,30,39,31,39,40,31,31,40,32,40,41,32,32,41,33,41,42,33,33,42,34,42,43,34,34,43,35,43,44,35,36,45,37,45,46,37,37,46,38,46,47,38,38,47,39,47,48,39,39,48,40,48,49,40,40,49,41,49,50,41,41,50,42,50,51,42,42,51,43,51,52,43,43,52,44,52,53,44,45,54,46,54,55,46,46,55,47,55,56,47,47,56,48,56,57,48,48,57,49,57,58,49,49,58,50,58,59,50,50,59,51,59,60,51,51,60,52,60,61,52,52,61,53,61,62,53,54,63,55,63,64,55,55,64,56,64,65,56,56,65,57,65,66,57,57,66,58,66,67,58,58,67,59,67,68,59,59,68,60,68,69,60,60,69,61,69,70,61,61,70,62,70,71,62,63,72,64,72,73,64,64,73,65,73,74,65,65,74,66,74,75,66,66,75,67,75,76,67,67,76,68,76,77,68,68,77,69,77,78,69,69,78,70,78,79,70,70,79,71,79,80,71],"center":{"x":900,"z":600},"lod":2,"index":69}