{"vertices":[-50,0,-50,-37.5,-1.272217739362886,-50,-25,0.5702451307355293,-50,-12.5,-1.6387435000877741,-50,0,0,-50,12.5,-0.06114653011023363,-50,25,1.1865735495358,-50,37.5,1.9455470207326286,-50,50,0,-50,-50,-0.9999800581478109,-37.5,-37.5,-1.8854589109485465,-37.5,-25,0.7132514673029567,-37.5,-12.5,-1.8957150640495357,-37.5,0,-0.16896720292154802,-37.5,12.5,1.0076205295664642,-37.5,25,0.3777754293085842,-37.5,37.5,1.9213666877561673,-37.5,50,-0.026676484730725085,-37.5,-50,-0.23556967073661575,-25,-37.5,-0.7517199281136161,-25,-25,0.5810002729872128,-25,-12.5,-0.03601698243848773,-25,0,-0.22915932102481384,-25,12.5,0.5002300588038828,-25,25,0.8756466564940257,-25,37.5,1.423521591568318,-25,50,0.23898852411044552,-25,-50,0.44264684461599135,-12.5,-37.5,0.44292084787501085,-12.5,-25,0.4268122676220159,-12.5,-12.5,1.7560276609466754,-12.5,0,-0.37900683774508204,-12.5,12.5,1.3284303703014988,-12.5,25,-2.811158231866549,-12.5,37.5,0.8198538949280819,-12.5,50,0.5921428299214045,-12.5,-50,0,0,-37.5,-0.5756827362273949,0,-25,0.5870544929592874,0,-12.5,1.9549900018183963,0,0,0,0,12.5,2.1083622899739014,0,25,-3.581261218448268,0,37.5,1.320527484195354,0,50,0,0,-50,-0.3082653380350758,12.5,-37.5,-1.6741105432753187,12.5,-25,0.7398221503389008,12.5,-12.5,2.2412562359789434,12.5,0,0.5137806443287811,12.5,12.5,2.613046342703205,12.5,25,-3.7123315768362977,12.5,37.5,1.9425809535768637,12.5,50,-0.7252689763348701,12.5,-50,-0.2249035613430722,25,-37.5,-0.4263948574244522,25,-25,0.524019387104727,25,-12.5,1.4508463734983847,25,0,-0.23200836564513655,25,12.5,2.573913611443879,25,25,-3.8147653337441216,25,37.5,0.7480149840510254,25,50,0.2161961696009249,25,-50,-0.2380930734351162,37.5,-37.5,2.0289300819227996,37.5,-25,-3.7753996735046496,37.5,-12.5,0.5740678300536166,37.5,0,-1.0626418469203505,37.5,12.5,-1.0720935873989232,37.5,25,0.11823348832522665,37.5,37.5,-1.7820085606052716,37.5,50,1.2365144469306433,37.5,-50,0,50,-37.5,1.590058750728468,50,-25,-4.102431556779395,50,-12.5,1.2660505964084554,50,0,0,50,12.5,-1.4596196340119518,50,25,1.1082248288724397,50,37.5,-0.8402973151645171,50,50,0,50],"indices":[0,9,1,9,10,1,1,10,2,10,11,2,2,11,3,11,12,3,3,12,4,12,13,4,4,13,5,13,14,5,5,14,6,14,15,6,6,15,7,15,16,7,7,16,8,16,17,8,9,18,10,18,19,10,10,19,11,19,20,11,11,20,12,20,21,12,12,21,13,21,22,13,13,22,14,22,23,14,14,23,15,23,24,15,15,24,16,24,25,16,16,25,17,25,26,17,18,27,19,27,28,19,19,28,20,28,29,20,20,29,21,29,30,21,21,30,22,30,31,22,22,31,23,31,32,23,23,32,24,32,33,24,24,33,25,33,34,25,25,34,26,34,35,26,27,36,28,36,37,28,28,37,29,37,38,29,29,38,30,38,39,30,30,39,31,39,40,31,31,40,32,40,41,32,32,41,33,41,42,33,33,42,34,42,43,34,34,43,35,43,44,35,36,45,37,45,46,37,37,46,38,46,47,38,38,47,39,47,48,39,39,48,40,48,49,40,40,49,41,49,50,41,41,50,42,50,51,42,42,51,43,51,52,43,43,52,44,52,53,44,45,54,46,54,55,46,46,55,47,55,56,47,47,56,48,56,57,48,48,57,49,57,58,49,49,58,50,58,59,50,50,59,51,59,60,51,51,60,52,60,61,52,52,61,53,61,62,53,54,63,55,63,64,55,55,64,56,64,65,56,56,65,57,65,66,57,57,66,58,66,67,58,58,67,59,67,68,59,59,68,60,68,69,60,60,69,61,69,70,61,61,70,62,70,71,62,63,72,64,72,73,64,64,73,65,73,74,65,65,74,66,74,75,66,66,75,67,75,76,67,67,76,68,76,77,68,68,77,69,77,78,69,69,78,70,78,79,70,70,79,71,79,80,71],"center":{"x":600,"z":800},"lod":2,"index":86}