{"vertices":[-50,0,-50,-37.5,-0.902437882108319,-50,-25,-3.2335157634696143,-50,-12.5,2.1083622979152183,-50,0,0,-50,12.5,-0.5899907018150006,-50,25,-2.67644746665808,-50,37.5,2.3282389748368977,-50,50,0,-50,-50,0.52119599814648,-37.5,-37.5,-0.08289403515326545,-37.5,-25,-2.2463050415426338,-37.5,-12.5,2.270843400220999,-37.5,0,-0.1689672023643381,-37.5,12.5,0.29576499443102394,-37.5,25,-3.0040528704403053,-37.5,37.5,1.9455567846139812,-37.5,50,-0.4500671971915825,-37.5,-50,0.23656683664983402,-25,-37.5,-0.7775192096227821,-25,-25,1.4791187708155884,-25,-12.5,0.13254472911929444,-25,0,-0.22915932106219333,-25,12.5,-0.3916934032992587,-25,25,-0.06699438942622124,-25,37.5,1.5205797884343415,-25,50,-0.2332904355893632,-25,-50,0.03850937960861196,-12.5,-37.5,-1.5506015158084918,-12.5,-25,1.1001378265737434,-12.5,-12.5,-0.804485115450712,-12.5,0,-0.379006838326812,-12.5,12.5,-1.1567240765994977,-12.5,25,2.8579810549275146,-12.5,37.5,1.1729970306052169,-12.5,50,-0.10249842373245215,-12.5,-50,0,0,-37.5,-0.20329867444847646,0,-25,1.5300454402589363,0,-12.5,-0.06114652187617982,0,0,0,0,12.5,0.096634551642515,0,25,2.092883050736363,0,37.5,0.1939720553584442,0,50,0,0,-50,-0.16160057384162071,12.5,-37.5,1.3171879733279832,12.5,-25,1.8787902989928493,12.5,-12.5,0.7793575609886112,12.5,0,0.5137806449117978,12.5,12.5,1.1906094748759721,12.5,25,1.3296693848699936,12.5,37.5,-0.9050842132952486,12.5,50,0.23083798763932428,12.5,-50,0.24126775964550135,25,-37.5,0.322393509073449,25,-25,1.7428939826935284,25,-12.5,-0.21598935116717205,25,0,-0.23200836561242955,25,12.5,0.620197311147297,25,25,2.128353653284156,25,37.5,0.02584890488300519,25,50,-0.24112530746296196,25,-50,0.7324890066918665,37.5,-37.5,-0.593017957936141,37.5,-25,1.688730725170621,37.5,-12.5,-1.4112187299515946,37.5,0,-1.0626418474255601,37.5,12.5,0.1145994390416456,37.5,25,2.9152678073012157,37.5,37.5,0.9093258078964019,37.5,50,-0.8013875401022047,37.5,-50,0,50,-37.5,0.478217079404184,50,-25,1.5257718737723482,50,-12.5,-0.7357160608279638,50,0,0,50,12.5,0.7944466166235098,50,25,2.1114018395886474,50,37.5,-0.4884555877455471,50,50,0,50],"indices":[0,9,1,9,10,1,1,10,2,10,11,2,2,11,3,11,12,3,3,12,4,12,13,4,4,13,5,13,14,5,5,14,6,14,15,6,6,15,7,15,16,7,7,16,8,16,17,8,9,18,10,18,19,10,10,19,11,19,20,11,11,20,12,20,21,12,12,21,13,21,22,13,13,22,14,22,23,14,14,23,15,23,24,15,15,24,16,24,25,16,16,25,17,25,26,17,18,27,19,27,28,19,19,28,20,28,29,20,20,29,21,29,30,21,21,30,22,30,31,22,22,31,23,31,32,23,23,32,24,32,33,24,24,33,25,33,34,25,25,34,26,34,35,26,27,36,28,36,37,28,28,37,29,37,38,29,29,38,30,38,39,30,30,39,31,39,40,31,31,40,32,40,41,32,32,41,33,41,42,33,33,42,34,42,43,34,34,43,35,43,44,35,36,45,37,45,46,37,37,46,38,46,47,38,38,47,39,47,48,39,39,48,40,48,49,40,40,49,41,49,50,41,41,50,42,50,51,42,42,51,43,51,52,43,43,52,44,52,53,44,45,54,46,54,55,46,46,55,47,55,56,47,47,56,48,56,57,48,48,57,49,57,58,49,49,58,50,58,59,50,50,59,51,59,60,51,51,60,52,60,61,52,52,61,53,61,62,53,54,63,55,63,64,55,55,64,56,64,65,56,56,65,57,65,66,57,57,66,58,66,67,58,58,67,59,67,68,59,59,68,60,68,69,60,60,69,61,69,70,61,61,70,62,70,71,62,63,72,64,72,73,64,64,73,65,73,74,65,65,74,66,74,75,66,66,75,67,75,76,67,67,76,68,76,77,68,68,77,69,77,78,69,69,78,70,78,79,70,70,79,71,79,80,71],"center":{"x":800,"z":700},"lod":2,"index":78}