{"vertices":[-50,0,-50,-37.5,1.664504720111244,-50,-25,0.3571472922202156,-50,-12.5,-1.6733513139950096,-50,0,0,-50,12.5,1.5601222816415539,-50,25,-4.184086950723471,-50,37.5,0.5917610407727643,-50,50,0,-50,-50,0.2308379870677514,-37.5,-37.5,1.4902264810768018,-37.5,-25,0.4630124859621422,-37.5,-12.5,-1.4213515916787038,-37.5,0,-0.02667648527215655,-37.5,12.5,1.0352959753921778,-37.5,25,0.2328749862788108,-37.5,37.5,-2.100678975258144,-37.5,50,0.8013875462672368,-37.5,-50,-0.24112530746763425,-25,-37.5,1.7145744904875049,-25,-25,0.36932695687083816,-25,-12.5,-1.7340190287108426,-25,0,0.23898852412679902,-25,12.5,1.718007388816103,-25,25,0.6765803668425917,-25,37.5,-1.3734571927872747,-25,50,0.24112530741155636,-25,-50,-0.8013875395417511,-12.5,-37.5,-1.8206330328809552,-12.5,-25,0.27089960527222673,-12.5,-12.5,-1.9337721986511753,-12.5,0,0.5921428305017433,-12.5,12.5,2.306003622551379,-12.5,25,1.195731154623088,-12.5,37.5,-0.7014343065999624,-12.5,50,-0.23083799392662552,-12.5,-50,0,0,-37.5,-1.9093066167488466,0,-25,0.33891340855886604,0,-12.5,1.886200333105423,0,0,0,0,12.5,2.1764110576209603,0,25,0.47776336801336405,0,37.5,-1.5693074852917062,0,50,0,0,-50,0.9286291852314271,12.5,-37.5,-1.46431143880942,12.5,-25,0.2720506302159179,12.5,-12.5,1.4922687834983823,12.5,0,-0.7252689769049097,12.5,12.5,-1.9464510297913382,12.5,25,-0.3778979392044717,12.5,37.5,-2.3203487383385104,12.5,50,0.10249842959034453,12.5,-50,-0.19269155382827552,25,-37.5,-1.8190067403428423,25,-25,0.3703953484072198,25,-12.5,1.809038752505129,25,0,0.21619616954719198,25,12.5,-1.872890423606039,25,25,0.6737313228413668,25,37.5,-2.070223124902953,25,50,0.23329043525528437,25,-50,-1.3839593784617878,37.5,-37.5,-2.2273552199232753,37.5,-25,0.46351245981491074,37.5,-12.5,2.1804393826414374,37.5,0,1.236514447372857,37.5,12.5,-1.853338306104765,37.5,25,1.7159220250410807,37.5,37.5,-1.8659738909201127,37.5,50,0.4500671907750893,37.5,-50,0,50,-37.5,-1.2851718404619192,50,-25,0.35308740438619113,50,-12.5,1.2832051042988215,50,0,0,50,12.5,-1.3762615669020821,50,25,0.4556120482163472,50,37.5,1.963681274412468,50,50,0,50],"indices":[0,9,1,9,10,1,1,10,2,10,11,2,2,11,3,11,12,3,3,12,4,12,13,4,4,13,5,13,14,5,5,14,6,14,15,6,6,15,7,15,16,7,7,16,8,16,17,8,9,18,10,18,19,10,10,19,11,19,20,11,11,20,12,20,21,12,12,21,13,21,22,13,13,22,14,22,23,14,14,23,15,23,24,15,15,24,16,24,25,16,16,25,17,25,26,17,18,27,19,27,28,19,19,28,20,28,29,20,20,29,21,29,30,21,21,30,22,30,31,22,22,31,23,31,32,23,23,32,24,32,33,24,24,33,25,33,34,25,25,34,26,34,35,26,27,36,28,36,37,28,28,37,29,37,38,29,29,38,30,38,39,30,30,39,31,39,40,31,31,40,32,40,41,32,32,41,33,41,42,33,33,42,34,42,43,34,34,43,35,43,44,35,36,45,37,45,46,37,37,46,38,46,47,38,38,47,39,47,48,39,39,48,40,48,49,40,40,49,41,49,50,41,41,50,42,50,51,42,42,51,43,51,52,43,43,52,44,52,53,44,45,54,46,54,55,46,46,55,47,55,56,47,47,56,48,56,57,48,48,57,49,57,58,49,49,58,50,58,59,50,50,59,51,59,60,51,51,60,52,60,61,52,52,61,53,61,62,53,54,63,55,63,64,55,55,64,56,64,65,56,56,65,57,65,66,57,57,66,58,66,67,58,58,67,59,67,68,59,59,68,60,68,69,60,60,69,61,69,70,61,61,70,62,70,71,62,63,72,64,72,73,64,64,73,65,73,74,65,65,74,66,74,75,66,66,75,67,75,76,67,67,76,68,76,77,68,68,77,69,77,78,69,69,78,70,78,79,70,70,79,71,79,80,71],"center":{"x":500,"z":200},"lod":2,"index":25}