{"vertices":[-50,0,-50,-25,0.3582156842436978,-50,0,0,-50,25,0.43787674643141183,-50,50,0,-50,-50,0.22759234722481564,-25,-25,0.1632448951463954,-25,0,-0.23827626327717083,-25,25,0.24660971530225934,-25,50,-0.23329043589306286,-25,-50,0,0,-25,0.3434718793883518,0,0,0,0,25,0.4806124123953895,0,50,0,0,-50,0.1831472552432266,25,-25,0.35180533419577753,25,0,-0.20921601087863223,25,25,0.2773793948608157,25,50,-0.23656683632276376,25,-50,0,50,-25,0.34774544631882515,50,0,0,50,25,0.46180871964177006,50,50,0,50],"indices":[0,5,1,5,6,1,1,6,2,6,7,2,2,7,3,7,8,3,3,8,4,8,9,4,5,10,6,10,11,6,6,11,7,11,12,7,7,12,8,12,13,8,8,13,9,13,14,9,10,15,11,15,16,11,11,16,12,16,17,12,12,17,13,17,18,13,13,18,14,18,19,14,15,20,16,20,21,16,16,21,17,21,22,17,17,22,18,22,23,18,18,23,19,23,24,19],"center":{"x":500,"z":0},"lod":3,"index":5}