{"vertices":[-50,0,-50,-37.5,-0.04495327721160806,-50,-25,-0.9291321239671558,-50,-12.5,1.3487086579022758,-50,0,0,-50,12.5,-1.0794574478945351,-50,25,3.7841024916658927,-50,37.5,-2.1718351696198517,-50,50,0,-50,-50,-0.8621629160390819,-37.5,-37.5,-0.7493695525036582,-37.5,-25,-1.3085224793744308,-37.5,-12.5,0.8807050156201479,-37.5,0,-1.3381648204591226,-37.5,12.5,1.5540984509267028,-37.5,25,-0.5812193337162207,-37.5,37.5,-2.021051607571118,-37.5,50,0.7942927107432727,-37.5,-50,0.20138113882981742,-25,-37.5,0.47779511245400913,-25,-25,-1.0579801554207406,-25,-12.5,1.2882963566210461,-25,0,-0.2013811382878078,-25,12.5,0.8384146187284574,-25,25,-1.1242863189036694,-25,37.5,-0.1911356613436776,-25,50,-0.20921601087863223,-25,-50,1.3381648173395213,-12.5,-37.5,1.606809052022931,-12.5,-25,-0.7844682459975694,-12.5,-12.5,1.767880612087077,-12.5,0,0.8621629204480558,-12.5,12.5,-0.09222946950617827,-12.5,25,-1.728541804026724,-12.5,37.5,1.7106024719741895,-12.5,50,-1.2889330381285882,-12.5,-50,0,0,-37.5,0.6750767434754981,0,-25,-1.0701598209100691,0,-12.5,0.7024214499267472,0,0,0,0,12.5,1.0688471368713073,0,25,-0.9543871203500286,0,37.5,1.4249065226290742,0,50,0,0,-50,-1.2365144495839262,12.5,-37.5,-0.09600711240155312,12.5,-25,-1.326034944916661,12.5,-12.5,-0.48776291388622545,12.5,0,-0.7324890146597763,12.5,12.5,2.1334460019694523,12.5,25,-0.03883460194830174,12.5,37.5,1.0120437811547236,12.5,50,1.2889330406312418,12.5,-50,-0.2161961692785273,25,-37.5,0.8001231224922278,25,-25,-1.2494608657572877,25,-12.5,0.4911683727479329,25,0,-0.24126775967820843,25,12.5,1.6107275266940841,25,25,-0.9605125680300476,25,37.5,1.3235853932836625,25,50,0.20921601051417857,25,-50,0.7252689797551087,37.5,-37.5,1.6123422735608046,37.5,-25,-1.2619138441416409,37.5,-12.5,1.4058223184302685,37.5,0,0.16160058173171607,37.5,12.5,1.1461898128608756,37.5,25,-2.0428726887327255,37.5,37.5,1.6825619668319414,37.5,50,-0.794292714112917,37.5,-50,0,50,-37.5,1.3716618274489907,50,-25,-1.0631084355845835,50,-12.5,0.022227830415977378,50,0,0,50,12.5,1.732570831669601,50,25,-0.9284608167044217,50,37.5,0.7390838150698119,50,50,0,50],"indices":[0,9,1,9,10,1,1,10,2,10,11,2,2,11,3,11,12,3,3,12,4,12,13,4,4,13,5,13,14,5,5,14,6,14,15,6,6,15,7,15,16,7,7,16,8,16,17,8,9,18,10,18,19,10,10,19,11,19,20,11,11,20,12,20,21,12,12,21,13,21,22,13,13,22,14,22,23,14,14,23,15,23,24,15,15,24,16,24,25,16,16,25,17,25,26,17,18,27,19,27,28,19,19,28,20,28,29,20,20,29,21,29,30,21,21,30,22,30,31,22,22,31,23,31,32,23,23,32,24,32,33,24,24,33,25,33,34,25,25,34,26,34,35,26,27,36,28,36,37,28,28,37,29,37,38,29,29,38,30,38,39,30,30,39,31,39,40,31,31,40,32,40,41,32,32,41,33,41,42,33,33,42,34,42,43,34,34,43,35,43,44,35,36,45,37,45,46,37,37,46,38,46,47,38,38,47,39,47,48,39,39,48,40,48,49,40,40,49,41,49,50,41,41,50,42,50,51,42,42,51,43,51,52,43,43,52,44,52,53,44,45,54,46,54,55,46,46,55,47,55,56,47,47,56,48,56,57,48,48,57,49,57,58,49,49,58,50,58,59,50,50,59,51,59,60,51,51,60,52,60,61,52,52,61,53,61,62,53,54,63,55,63,64,55,55,64,56,64,65,56,56,65,57,65,66,57,57,66,58,66,67,58,58,67,59,67,68,59,59,68,60,68,69,60,60,69,61,69,70,61,61,70,62,70,71,62,63,72,64,72,73,64,64,73,65,73,74,65,65,74,66,74,75,66,66,75,67,75,76,67,67,76,68,76,77,68,68,77,69,77,78,69,69,78,70,78,79,70,70,79,71,79,80,71],"center":{"x":300,"z":200},"lod":2,"index":23}