{"vertices":[-50,0,-50,-37.5,1.235977341640158,-50,-25,-1.0491481183841322,-50,-12.5,0.15485404490880592,-50,0,0,-50,12.5,1.6147768975602925,-50,25,-0.9236174413708598,-50,37.5,0.8806594791608825,-50,50,0,-50,-50,-0.7324890123832315,-37.5,-37.5,0.9971436631430003,-37.5,-25,-0.8067417116565191,-37.5,-12.5,-1.1907097927577028,-37.5,0,-0.16896720515038255,-37.5,12.5,2.205026617999882,-37.5,25,0.18907943955842033,-37.5,37.5,-0.055839259639807695,-37.5,50,0.8013875445858615,-37.5,-50,-0.24126775966885905,-25,-37.5,1.35916976924907,-25,-25,-1.0945191502408187,-25,-12.5,-0.4084327249358898,-25,0,-0.22915932087530005,-25,12.5,2.1068025032152606,-25,25,-0.746880537658957,-25,37.5,0.7224309150107919,-25,50,0.24112530742558233,-25,-50,0.16160057947740414,-12.5,-37.5,1.6211680451251496,-12.5,-25,-1.3636990659288148,-12.5,-12.5,0.2868451166549079,-12.5,0,-0.37900683541816244,-12.5,12.5,-1.6090221951493695,-12.5,25,-1.7395695701165654,-12.5,37.5,1.44802886615513,-12.5,50,-0.23083799221190698,-12.5,-50,0,0,-37.5,-2.2913489423273203,0,-25,-1.011825638629682,0,-12.5,-0.5584914322910783,0,0,0,0,12.5,-1.970369406515404,0,25,-0.9395720900882141,0,37.5,0.201770883620602,0,50,0,0,-50,-0.03850938488136808,12.5,-37.5,-2.028521971144616,12.5,-25,-0.16753876428352052,12.5,-12.5,-1.4154513314066344,12.5,0,0.5137806419967132,12.5,12.5,-2.021446287623444,12.5,25,-0.24952166611026852,12.5,37.5,-0.9290545863835922,12.5,50,0.10249842799273687,12.5,-50,-0.23656683641621237,25,-37.5,-2.2321910131410125,25,-25,3.674953818479068,25,-12.5,-2.563007990802416,25,0,-0.23200836577596468,25,12.5,-1.432148661876604,25,25,-0.6072773639669052,25,37.5,-0.3608187751518405,25,50,0.23329043534639685,25,-50,-0.5211959923179561,37.5,-37.5,-2.4773759285647587,37.5,-25,3.4016007078497728,37.5,-12.5,-2.5010082208600637,37.5,0,-1.0626418448995139,37.5,12.5,-0.7368403521784262,37.5,25,3.206900675283222,37.5,37.5,-1.1267411984079332,37.5,50,0.4500671925250427,37.5,-50,0,50,-37.5,-1.69691211564865,50,-25,3.692475443072747,50,-12.5,1.4888179953924476,50,0,0,50,12.5,-1.313022675193246,50,25,3.8088891771433047,50,37.5,-1.9787240071019518,50,50,0,50],"indices":[0,9,1,9,10,1,1,10,2,10,11,2,2,11,3,11,12,3,3,12,4,12,13,4,4,13,5,13,14,5,5,14,6,14,15,6,6,15,7,15,16,7,7,16,8,16,17,8,9,18,10,18,19,10,10,19,11,19,20,11,11,20,12,20,21,12,12,21,13,21,22,13,13,22,14,22,23,14,14,23,15,23,24,15,15,24,16,24,25,16,16,25,17,25,26,17,18,27,19,27,28,19,19,28,20,28,29,20,20,29,21,29,30,21,21,30,22,30,31,22,22,31,23,31,32,23,23,32,24,32,33,24,24,33,25,33,34,25,25,34,26,34,35,26,27,36,28,36,37,28,28,37,29,37,38,29,29,38,30,38,39,30,30,39,31,39,40,31,31,40,32,40,41,32,32,41,33,41,42,33,33,42,34,42,43,34,34,43,35,43,44,35,36,45,37,45,46,37,37,46,38,46,47,38,38,47,39,47,48,39,39,48,40,48,49,40,40,49,41,49,50,41,41,50,42,50,51,42,42,51,43,51,52,43,43,52,44,52,53,44,45,54,46,54,55,46,46,55,47,55,56,47,47,56,48,56,57,48,48,57,49,57,58,49,49,58,50,58,59,50,50,59,51,59,60,51,51,60,52,60,61,52,52,61,53,61,62,53,54,63,55,63,64,55,55,64,56,64,65,56,56,65,57,65,66,57,57,66,58,66,67,58,58,67,59,67,68,59,59,68,60,68,69,60,60,69,61,69,70,61,61,70,62,70,71,62,63,72,64,72,73,64,64,73,65,73,74,65,65,74,66,74,75,66,66,75,67,75,76,67,67,76,68,76,77,68,68,77,69,77,78,69,69,78,70,78,79,70,70,79,71,79,80,71],"center":{"x":300,"z":700},"lod":2,"index":73}