{"vertices":[-50,0,-50,-37.5,1.5997424499420456,-50,-25,0.35308740400070704,-50,-12.5,-1.6053488123112394,-50,0,0,-50,12.5,1.4823752970032364,-50,25,-4.194058605798902,-50,37.5,0.6654531451522101,-50,50,0,-50,-50,-0.1616005749687779,-37.5,-37.5,2.11674750536416,-37.5,-25,0.2566916658966766,-37.5,-12.5,-2.214494275580852,-37.5,0,-0.038509385408644084,-37.5,12.5,2.3928810506661096,-37.5,25,0.4749601044294554,-37.5,37.5,0.2398428909767436,-37.5,50,-0.8691025002455999,-37.5,-50,0.24126775965016486,-25,-37.5,2.1270408383198305,-25,-25,0.3494548728220591,-25,-12.5,-2.153029275166455,-25,0,-0.23656683639285023,-25,12.5,2.0364270048843225,-25,25,0.18507035777613004,-25,37.5,-0.9648451511437571,-25,50,-0.24012814183241737,-25,-50,0.7324890078301416,-12.5,-37.5,2.1972878617330154,-12.5,-25,0.4290559958335222,-12.5,-12.5,-2.1530541629482403,-12.5,0,-0.5211959917351037,-12.5,12.5,1.727177744128236,-12.5,25,-0.20451450375900046,-12.5,37.5,-2.105535835953977,-12.5,50,0.3009251113335037,-12.5,-50,0,0,-37.5,-1.9558498881085646,0,-25,0.3389134087457676,0,-12.5,1.928082328529912,0,0,0,0,12.5,2.1317257860211076,0,25,0.47320489701333895,0,37.5,-1.4997086562527906,0,50,0,0,-50,-0.8621629138345941,12.5,-37.5,-2.120583092142339,12.5,-25,0.41834453246884085,12.5,-12.5,2.0549277213553627,12.5,0,0.6553421182646703,12.5,12.5,1.9909848303406545,12.5,25,1.2726570491023579,12.5,37.5,-0.9880499556570255,12.5,50,-0.16896720515038255,12.5,-50,0.20138113910081823,25,-37.5,-1.4940398866246032,25,-25,0.34582234100473974,25,-12.5,1.4779662075835385,25,0,-0.22232161490324712,25,12.5,-1.5406306842126518,25,25,0.2705416883140553,25,37.5,-1.6294897772250374,25,50,-0.22915932087530005,25,-50,1.3381648157797232,37.5,-37.5,-0.7775536854885612,37.5,-25,0.25965227948843356,37.5,-12.5,0.8104894783433203,37.5,0,-1.1811594489741712,37.5,12.5,-1.3198746872999183,37.5,25,-0.8193940596062352,37.5,37.5,-2.177769314572583,37.5,50,-0.37900683541816244,37.5,-50,0,50,-37.5,-1.3568139684207094,50,-25,0.3571472925005613,50,-12.5,1.35275635646248,50,0,0,50,12.5,-1.4420855512114756,50,25,0.4535464911422877,50,37.5,-2.068929773008498,50,50,0,50],"indices":[0,9,1,9,10,1,1,10,2,10,11,2,2,11,3,11,12,3,3,12,4,12,13,4,4,13,5,13,14,5,5,14,6,14,15,6,6,15,7,15,16,7,7,16,8,16,17,8,9,18,10,18,19,10,10,19,11,19,20,11,11,20,12,20,21,12,12,21,13,21,22,13,13,22,14,22,23,14,14,23,15,23,24,15,15,24,16,24,25,16,16,25,17,25,26,17,18,27,19,27,28,19,19,28,20,28,29,20,20,29,21,29,30,21,21,30,22,30,31,22,22,31,23,31,32,23,23,32,24,32,33,24,24,33,25,33,34,25,25,34,26,34,35,26,27,36,28,36,37,28,28,37,29,37,38,29,29,38,30,38,39,30,30,39,31,39,40,31,31,40,32,40,41,32,32,41,33,41,42,33,33,42,34,42,43,34,34,43,35,43,44,35,36,45,37,45,46,37,37,46,38,46,47,38,38,47,39,47,48,39,39,48,40,48,49,40,40,49,41,49,50,41,41,50,42,50,51,42,42,51,43,51,52,43,43,52,44,52,53,44,45,54,46,54,55,46,46,55,47,55,56,47,47,56,48,56,57,48,48,57,49,57,58,49,49,58,50,58,59,50,50,59,51,59,60,51,51,60,52,60,61,52,52,61,53,61,62,53,54,63,55,63,64,55,55,64,56,64,65,56,56,65,57,65,66,57,57,66,58,66,67,58,58,67,59,67,68,59,59,68,60,68,69,60,60,69,61,69,70,61,61,70,62,70,71,62,63,72,64,72,73,64,64,73,65,73,74,65,65,74,66,74,75,66,66,75,67,75,76,67,67,76,68,76,77,68,68,77,69,77,78,69,69,78,70,78,79,70,70,79,71,79,80,71],"center":{"x":500,"z":400},"lod":2,"index":45}