{"vertices":[-50,0,-50,-25,2.197544477795808,-50,0,0,-50,25,-1.9662127620288408,-50,50,0,-50,-50,-0.19269155375351632,-25,-25,2.009055265263467,-25,0,0.22490356109776127,-25,25,-2.2283497721663728,-25,50,-0.20921601118234004,-25,-50,0,0,-25,2.2317330108800464,0,0,0,0,25,-2.0018258174465964,0,50,0,0,-50,0.2223216145294527,25,-25,1.9591969894424455,25,0,0.23556967104498341,25,25,-2.1713688860093914,25,50,0.20921601021046626,25,-50,0,50,-25,-2.5130244982574528,50,0,0,50,25,2.69107908379228,50,50,0,50],"indices":[0,5,1,5,6,1,1,6,2,6,7,2,2,7,3,7,8,3,3,8,4,8,9,4,5,10,6,10,11,6,6,11,7,11,12,7,7,12,8,12,13,8,8,13,9,13,14,9,10,15,11,15,16,11,11,16,12,16,17,12,12,17,13,17,18,13,13,18,14,18,19,14,15,20,16,20,21,16,16,21,17,21,22,17,17,22,18,22,23,18,18,23,19,23,24,19],"center":{"x":900,"z":800},"lod":3,"index":89}