{"vertices":[-50,0,-50,-25,-0.8348394361528286,-50,0,0,-50,25,-0.24101846827261628,-50,50,0,-50,-50,-0.23898852422492015,-25,-25,-0.9335000572864492,-25,0,0.1831472552432266,-25,25,-0.47131740720571697,-25,50,-0.22759234658935656,-25,-50,0,0,-25,-0.8081296453546118,0,0,0,0,25,-0.20540541398791537,0,50,0,0,-50,-0.24055549854824304,25,-25,-0.8587714088238192,25,0,-0.22759234658935656,25,25,1.8699978609781855,25,50,-0.23329043561973392,25,-50,0,50,-25,-0.8064202195613015,50,0,0,50,25,-0.21281292909078853,50,50,0,50],"indices":[0,5,1,5,6,1,1,6,2,6,7,2,2,7,3,7,8,3,3,8,4,8,9,4,5,10,6,10,11,6,6,11,7,11,12,7,7,12,8,12,13,8,8,13,9,13,14,9,10,15,11,15,16,11,11,16,12,16,17,12,12,17,13,17,18,13,13,18,14,18,19,14,15,20,16,20,21,16,16,21,17,21,22,17,17,22,18,22,23,18,18,23,19,23,24,19],"center":{"x":400,"z":100},"lod":3,"index":14}