{"vertices":[-50,0,-50,-25,3.645466211787935,-50,0,0,-50,25,3.800626948854088,-50,50,0,-50,-50,-0.20921601081788863,-25,-25,-1.0214411616782422,-25,0,0.19269155293116802,-25,25,-0.6327763097040489,-25,50,0.21619616954719198,-25,-50,0,0,-25,-1.0733649956652145,0,0,0,0,25,-0.9486890315742986,0,50,0,0,-50,0.20921601057492026,25,-25,-0.8417127608128417,25,0,0.24112530741155636,25,25,-0.8289454758656836,25,50,-0.20138113849106615,25,-50,0,50,-25,-1.0551311114536868,50,0,0,50,25,-0.9248282851744645,50,50,0,50],"indices":[0,5,1,5,6,1,1,6,2,6,7,2,2,7,3,7,8,3,3,8,4,8,9,4,5,10,6,10,11,6,6,11,7,11,12,7,7,12,8,12,13,8,8,13,9,13,14,9,10,15,11,15,16,11,11,16,12,16,17,12,12,17,13,17,18,13,13,18,14,18,19,14,15,20,16,20,21,16,16,21,17,21,22,17,17,22,18,22,23,18,18,23,19,23,24,19],"center":{"x":300,"z":400},"lod":3,"index":43}