{"vertices":[-50,0,-50,-37.5,1.1042027734987034,-50,-25,-0.8283578601520694,-50,-12.5,-2.1389319956645254,-50,0,0,-50,12.5,-1.5150750865867586,-50,25,-0.23987885051442898,-50,37.5,0.9551531098352274,-50,50,0,-50,-50,0.6626573079877267,-37.5,-37.5,2.0417433650463637,-37.5,-25,-0.6023301866982964,-37.5,-12.5,1.9209503552085885,-37.5,0,0.9286291852314271,-37.5,12.5,-1.7834515979634913,-37.5,25,0.7579157312187278,-37.5,37.5,0.005859411742721909,-37.5,50,1.181159453161562,-37.5,-50,0.24055549860430792,-25,-37.5,1.6946912404653074,-25,-25,-0.8019329746145787,-25,-12.5,1.4853425247100085,-25,0,-0.19269155382827552,-25,12.5,-0.947104921036,-25,25,-0.0014601353321400806,-25,37.5,0.7965558950671145,-25,50,0.22232161448272852,-25,-50,-0.0934632773799919,-12.5,-37.5,1.4218803751234976,-12.5,-25,-0.8357684540114669,-12.5,-12.5,0.9653252990943271,-12.5,0,-1.3839593784617878,-12.5,12.5,-0.0221459413036809,-12.5,25,-0.6686741608799485,-12.5,37.5,1.5329223818126567,-12.5,50,-0.6553421234524358,-12.5,-50,0,0,-37.5,1.7688112300152588,0,-25,-0.8052806010800556,0,-12.5,1.4130107001660366,0,0,0,0,12.5,-0.8176052410007101,0,25,-0.2128129293197381,0,37.5,0.2678592769326631,0,50,0,0,-50,-0.02667648527215655,12.5,-37.5,1.9638346395290247,12.5,-25,-0.9249134624092131,12.5,-12.5,1.9608734874782514,12.5,0,1.181159453161562,12.5,12.5,-1.771255012067745,12.5,25,0.11338274313057355,12.5,37.5,-0.8830327912864915,12.5,50,0.5211959969807752,12.5,-50,0.23898852412679902,25,-37.5,0.1506599467222085,25,-25,-0.8104088808578431,25,-12.5,0.8919241607045989,25,0,0.22232161448272852,25,12.5,-0.6008883416292767,25,25,2.3240607432298384,25,37.5,-1.0124852061523846,25,50,0.2365668366031098,25,-50,0.5921428305017433,37.5,-37.5,-1.5636109220680483,37.5,-25,-0.5954220894019067,37.5,-12.5,-0.2435339524295418,37.5,0,-0.6553421234524358,37.5,12.5,1.9321016094616164,37.5,25,0.522635706231501,37.5,37.5,-1.2005230102063815,37.5,50,0.038509380663163915,37.5,-50,0,50,-37.5,-1.823705724587739,50,-25,-0.8188847884727504,50,-12.5,0.7129867307592176,50,0,0,50,12.5,1.344308399302305,50,25,-0.20540541373093302,50,37.5,-1.9149359947740494,50,50,0,50],"indices":[0,9,1,9,10,1,1,10,2,10,11,2,2,11,3,11,12,3,3,12,4,12,13,4,4,13,5,13,14,5,5,14,6,14,15,6,6,15,7,15,16,7,7,16,8,16,17,8,9,18,10,18,19,10,10,19,11,19,20,11,11,20,12,20,21,12,12,21,13,21,22,13,13,22,14,22,23,14,14,23,15,23,24,15,15,24,16,24,25,16,16,25,17,25,26,17,18,27,19,27,28,19,19,28,20,28,29,20,20,29,21,29,30,21,21,30,22,30,31,22,22,31,23,31,32,23,23,32,24,32,33,24,24,33,25,33,34,25,25,34,26,34,35,26,27,36,28,36,37,28,28,37,29,37,38,29,29,38,30,38,39,30,30,39,31,39,40,31,31,40,32,40,41,32,32,41,33,41,42,33,33,42,34,42,43,34,34,43,35,43,44,35,36,45,37,45,46,37,37,46,38,46,47,38,38,47,39,47,48,39,39,48,40,48,49,40,40,49,41,49,50,41,41,50,42,50,51,42,42,51,43,51,52,43,43,52,44,52,53,44,45,54,46,54,55,46,46,55,47,55,56,47,47,56,48,56,57,48,48,57,49,57,58,49,49,58,50,58,59,50,50,59,51,59,60,51,51,60,52,60,61,52,52,61,53,61,62,53,54,63,55,63,64,55,55,64,56,64,65,56,56,65,57,65,66,57,57,66,58,66,67,58,58,67,59,67,68,59,59,68,60,68,69,60,60,69,61,69,70,61,61,70,62,70,71,62,63,72,64,72,73,64,64,73,65,73,74,65,65,74,66,74,75,66,66,75,67,75,76,67,67,76,68,76,77,68,68,77,69,77,78,69,69,78,70,78,79,70,70,79,71,79,80,71],"center":{"x":400,"z":300},"lod":2,"index":34}