{"vertices":[-50,0,-50,-25,-0.8188847875733072,-50,0,0,-50,25,-0.23788451944374556,-50,50,0,-50,-50,-0.24126775967119526,-25,-25,-0.8592699915541159,-25,0,0.20138113910081823,-25,25,-0.4704626938371454,-25,50,-0.21619616906359554,-25,-50,0,0,-25,-0.8052806011968707,0,0,0,0,25,-0.21936573133905013,0,50,0,0,-50,-0.23656683639285023,25,-25,-0.8567770795310066,25,0,-0.21619616906359554,25,25,1.8629464759178584,25,50,-0.23898852427398057,25,-50,0,50,-25,-0.8283578608062099,50,0,0,50,25,-0.19714318505857287,50,50,0,50],"indices":[0,5,1,5,6,1,1,6,2,6,7,2,2,7,3,7,8,3,3,8,4,8,9,4,5,10,6,10,11,6,6,11,7,11,12,7,7,12,8,12,13,8,8,13,9,13,14,9,10,15,11,15,16,11,11,16,12,16,17,12,12,17,13,17,18,13,13,18,14,18,19,14,15,20,16,20,21,16,16,21,17,21,22,17,17,22,18,22,23,18,18,23,19,23,24,19],"center":{"x":400,"z":500},"lod":3,"index":54}