{"vertices":[-50,0,-50,-25,1.6372710078352857,-50,0,0,-50,25,2.704368093319988,-50,50,0,-50,-50,0.22232161410892615,-25,-25,-0.9656292651558154,-25,0,-0.1727482436120032,-25,25,2.4657357013064978,-25,50,0.24126775963147518,-25,-50,0,0,-25,-3.0516452323730925,0,0,0,0,25,2.692402108410901,0,50,0,0,-50,0.24112530741623728,25,-25,-3.4030997827819522,25,0,0.20921601069640616,25,25,0.09227965231730476,25,50,0.22759234702622894,25,-50,0,50,-25,-3.1371165643769987,50,0,0,50,25,-2.0808458445877305,50,50,0,50],"indices":[0,5,1,5,6,1,1,6,2,6,7,2,2,7,3,7,8,3,3,8,4,8,9,4,5,10,6,10,11,6,6,11,7,11,12,7,7,12,8,12,13,8,8,13,9,13,14,9,10,15,11,15,16,11,11,16,12,16,17,12,12,17,13,17,18,13,13,18,14,18,19,14,15,20,16,20,21,16,16,21,17,21,22,17,17,22,18,22,23,18,18,23,19,23,24,19],"center":{"x":0,"z":0},"lod":3,"index":0}