{"vertices":[-50,0,-50,-25,-0.8283578601520694,-50,0,0,-50,25,-0.23987885051442898,-50,50,0,-50,-50,0.24055549860430792,-25,-25,-0.8019329746145787,-25,0,-0.19269155382827552,-25,25,-0.0014601353321400806,-25,50,0.22232161448272852,-25,-50,0,0,-25,-0.8052806010800556,0,0,0,0,25,-0.2128129293197381,0,50,0,0,-50,0.23898852412679902,25,-25,-0.8104088808578431,25,0,0.22232161448272852,25,25,2.3240607432298384,25,50,0.2365668366031098,25,-50,0,50,-25,-0.8188847884727504,50,0,0,50,25,-0.20540541373093302,50,50,0,50],"indices":[0,5,1,5,6,1,1,6,2,6,7,2,2,7,3,7,8,3,3,8,4,8,9,4,5,10,6,10,11,6,6,11,7,11,12,7,7,12,8,12,13,8,8,13,9,13,14,9,10,15,11,15,16,11,11,16,12,16,17,12,12,17,13,17,18,13,13,18,14,18,19,14,15,20,16,20,21,16,16,21,17,21,22,17,17,22,18,22,23,18,18,23,19,23,24,19],"center":{"x":400,"z":300},"lod":3,"index":34}