{"vertices":[-50,0,-50,-37.5,1.945547014457556,-50,-25,0.3582156842436978,-50,-12.5,-1.9703694019164808,-50,0,0,-50,12.5,1.9111588342303754,-50,25,0.43787674643141183,-50,37.5,-1.2048283885420685,-50,50,0,-50,-50,-0.5847625350491519,-37.5,-37.5,1.5796431027239297,-37.5,-25,0.2360848809510209,-37.5,-12.5,-1.693277993172545,-37.5,0,0.3716115191953339,-37.5,12.5,2.4475205141476004,-37.5,25,0.9739110954327268,-37.5,37.5,-0.4930133440072181,-37.5,50,-0.4500672030247501,-37.5,-50,0.22759234722481564,-25,-37.5,-1.71730563924577,-25,-25,0.1632448951463954,-25,-12.5,1.6601627212898165,-25,0,-0.23827626327717083,-25,12.5,2.356493348068865,-25,25,0.24660971530225934,-25,37.5,-1.3792871995769067,-25,50,-0.23329043589306286,-25,-50,1.1231184438204789,-12.5,-37.5,-1.2539578177277955,-12.5,-25,0.2624300956323239,-12.5,-12.5,1.2821249734090063,-12.5,0,-0.9353834626381302,-12.5,12.5,-1.334959892787071,-12.5,25,-0.5771482176953944,-12.5,37.5,-2.1809842475403447,-12.5,50,-0.10249841840709824,-12.5,-50,0,0,-37.5,-1.8591266404109688,0,-25,0.3434718793883518,0,-12.5,1.8388828952074034,0,0,0,0,12.5,2.216412934303645,0,25,0.4806124123953895,0,37.5,-1.6367570108413954,0,50,0,0,-50,-0.9934411189571353,12.5,-37.5,-2.1222838736451113,12.5,-25,0.4381097794105955,12.5,-12.5,2.0607446802601483,12.5,0,0.7942927107432727,12.5,12.5,-1.6822850486175223,12.5,25,1.405853907537453,12.5,37.5,-1.226732783244782,12.5,50,-0.038509386990475666,12.5,-50,0.1831472552432266,25,-37.5,-1.3696614327616718,25,-25,0.35180533419577753,25,-12.5,1.3566326698808842,25,0,-0.20921601087863223,25,12.5,-1.4288119531715733,25,25,0.2773793948608157,25,37.5,-1.7407537239056459,25,50,-0.23656683632276376,25,-50,1.281289014108328,37.5,-37.5,-0.5315218312190111,37.5,-25,0.2528245893433411,37.5,-12.5,0.5660517603548035,37.5,0,-1.2889330381285882,37.5,12.5,-1.0459830851413847,37.5,25,-0.7777881861799307,37.5,37.5,-2.1588634892355745,37.5,50,-0.5211959899865466,37.5,-50,0,50,-37.5,-1.2123970504326924,50,-25,0.34774544631882515,50,-12.5,1.2125362143157057,50,0,0,50,12.5,-1.3089668747227592,50,25,0.46180871964177006,50,37.5,1.92102511242454,50,50,0,50],"indices":[0,9,1,9,10,1,1,10,2,10,11,2,2,11,3,11,12,3,3,12,4,12,13,4,4,13,5,13,14,5,5,14,6,14,15,6,6,15,7,15,16,7,7,16,8,16,17,8,9,18,10,18,19,10,10,19,11,19,20,11,11,20,12,20,21,12,12,21,13,21,22,13,13,22,14,22,23,14,14,23,15,23,24,15,15,24,16,24,25,16,16,25,17,25,26,17,18,27,19,27,28,19,19,28,20,28,29,20,20,29,21,29,30,21,21,30,22,30,31,22,22,31,23,31,32,23,23,32,24,32,33,24,24,33,25,33,34,25,25,34,26,34,35,26,27,36,28,36,37,28,28,37,29,37,38,29,29,38,30,38,39,30,30,39,31,39,40,31,31,40,32,40,41,32,32,41,33,41,42,33,33,42,34,42,43,34,34,43,35,43,44,35,36,45,37,45,46,37,37,46,38,46,47,38,38,47,39,47,48,39,39,48,40,48,49,40,40,49,41,49,50,41,41,50,42,50,51,42,42,51,43,51,52,43,43,52,44,52,53,44,45,54,46,54,55,46,46,55,47,55,56,47,47,56,48,56,57,48,48,57,49,57,58,49,49,58,50,58,59,50,50,59,51,59,60,51,51,60,52,60,61,52,52,61,53,61,62,53,54,63,55,63,64,55,55,64,56,64,65,56,56,65,57,65,66,57,57,66,58,66,67,58,58,67,59,67,68,59,59,68,60,68,69,60,60,69,61,69,70,61,61,70,62,70,71,62,63,72,64,72,73,64,64,73,65,73,74,65,65,74,66,74,75,66,66,75,67,75,76,67,67,76,68,76,77,68,68,77,69,77,78,69,69,78,70,78,79,70,70,79,71,79,80,71],"center":{"x":500,"z":0},"lod":2,"index":5}