{"vertices":[-50,0,-50,-37.5,1.2956087174454514,-50,-25,1.6372710078352857,-50,-12.5,-0.48635215007182175,-50,0,0,-50,12.5,0.622915095538135,-50,25,2.704368093319988,-50,37.5,0.2275581719606647,-50,50,0,-50,-50,1.1811594568836912,-37.5,-37.5,1.0396447338397965,-37.5,-25,0.8337936984806873,-37.5,-12.5,-1.6697401279829949,-37.5,0,1.0563483091978965,-37.5,12.5,0.04325545055374615,-37.5,25,2.6065670031425108,-37.5,37.5,-0.7705951602091471,-37.5,50,-0.1616005704601569,-37.5,-50,0.22232161410892615,-25,-37.5,-1.637463724774536,-25,-25,-0.9656292651558154,-25,-12.5,-1.0749088870641175,-25,0,-0.1727482436120032,-25,12.5,0.7195105395260177,-25,25,2.4657357013064978,-25,37.5,0.01439548383631123,-25,50,0.24126775963147518,-25,-50,-0.6553421280637929,-12.5,-37.5,-0.5658271150009796,-12.5,-25,-2.8642479970465273,-12.5,-12.5,-0.5560174800372574,-12.5,0,-1.1754468587497706,-12.5,12.5,1.2945423258283126,-12.5,25,2.209699521205239,-12.5,37.5,0.7332729692891278,-12.5,50,0.7324890032770597,-12.5,-50,0,0,-37.5,-1.0601695797442963,0,-25,-3.0516452323730925,0,-12.5,-0.9101676732314832,0,0,0,0,12.5,1.0250456069437832,0,25,2.692402108410901,0,37.5,-0.1923109798690546,0,50,0,0,-50,0.8013875457067764,12.5,-37.5,-1.1774011598221061,12.5,-25,-3.506272709022355,12.5,-12.5,-1.675066814887435,12.5,0,1.288933039379916,12.5,12.5,0.8485394921316316,12.5,25,2.961318520267435,12.5,37.5,-1.4357113685217073,12.5,50,-0.5847625379528656,12.5,-50,0.24112530741623728,25,-37.5,-0.5355055982436705,25,-25,-3.4030997827819522,25,-12.5,-1.4600452944451112,25,0,0.20921601069640616,25,12.5,-0.250224129511837,25,25,0.09227965231730476,25,37.5,-0.7219471697510259,25,50,0.22759234702622894,25,-50,-0.23083799335505253,37.5,-37.5,0.1825151124720838,37.5,-25,-3.347062946083254,37.5,-12.5,-1.3122884034872837,37.5,0,-0.7942927124280951,37.5,12.5,-1.4507769891770987,37.5,25,-2.857198867684559,37.5,37.5,-0.0925154600080954,37.5,50,1.1231184462518038,37.5,-50,0,50,-37.5,-0.37008666122556566,50,-25,-3.1371165643769987,50,-12.5,2.6055682315822715,50,0,0,50,12.5,-1.0863706597087357,50,25,-2.0808458445877305,50,37.5,-0.882636373735664,50,50,0,50],"indices":[0,9,1,9,10,1,1,10,2,10,11,2,2,11,3,11,12,3,3,12,4,12,13,4,4,13,5,13,14,5,5,14,6,14,15,6,6,15,7,15,16,7,7,16,8,16,17,8,9,18,10,18,19,10,10,19,11,19,20,11,11,20,12,20,21,12,12,21,13,21,22,13,13,22,14,22,23,14,14,23,15,23,24,15,15,24,16,24,25,16,16,25,17,25,26,17,18,27,19,27,28,19,19,28,20,28,29,20,20,29,21,29,30,21,21,30,22,30,31,22,22,31,23,31,32,23,23,32,24,32,33,24,24,33,25,33,34,25,25,34,26,34,35,26,27,36,28,36,37,28,28,37,29,37,38,29,29,38,30,38,39,30,30,39,31,39,40,31,31,40,32,40,41,32,32,41,33,41,42,33,33,42,34,42,43,34,34,43,35,43,44,35,36,45,37,45,46,37,37,46,38,46,47,38,38,47,39,47,48,39,39,48,40,48,49,40,40,49,41,49,50,41,41,50,42,50,51,42,42,51,43,51,52,43,43,52,44,52,53,44,45,54,46,54,55,46,46,55,47,55,56,47,47,56,48,56,57,48,48,57,49,57,58,49,49,58,50,58,59,50,50,59,51,59,60,51,51,60,52,60,61,52,52,61,53,61,62,53,54,63,55,63,64,55,55,64,56,64,65,56,56,65,57,65,66,57,57,66,58,66,67,58,58,67,59,67,68,59,59,68,60,68,69,60,60,69,61,69,70,61,61,70,62,70,71,62,63,72,64,72,73,64,64,73,65,73,74,65,65,74,66,74,75,66,66,75,67,75,76,67,67,76,68,76,77,68,68,77,69,77,78,69,69,78,70,78,79,70,70,79,71,79,80,71],"center":{"x":0,"z":0},"lod":2,"index":0}