{"vertices":[-50,0,-50,-37.5,-0.8354086185068994,-50,-25,-3.2059512595679913,-50,-12.5,2.03711497423629,-50,0,0,-50,12.5,-0.519339340124289,-50,25,-2.6565041562058496,-50,37.5,2.2692092937555017,-50,50,0,-50,-50,-0.4500671989415334,-37.5,-37.5,-1.4225215758804852,-37.5,-25,0.9630770907394776,-37.5,-12.5,-0.07122870008375712,-37.5,0,0.10249842692766381,-37.5,12.5,-1.1444994033342604,-37.5,25,-1.684049121205256,-37.5,37.5,2.2910360790554254,-37.5,50,0.37900684181719135,-37.5,-50,-0.2332904356804755,-25,-37.5,-0.27094772973898,-25,-25,1.4726371957288753,-25,-12.5,0.4183102352382411,-25,0,0.2332904354071383,-25,12.5,-0.022706170578970744,-25,25,1.8259026654565433,-25,37.5,0.2627771438148473,-25,50,0.2291593212864742,-25,-50,-0.10249842213483953,-12.5,-37.5,0.9593052255421701,-12.5,-25,1.935686929889576,-12.5,-12.5,0.9799204523671112,-12.5,0,0.4500671936916758,-12.5,12.5,1.0435633559167747,-12.5,25,1.3005518168365124,-12.5,37.5,-0.5923191309792808,-12.5,50,0.16896719902108118,-12.5,-50,0,0,-37.5,-0.1353566870799649,0,-25,1.528336013698177,0,-12.5,-0.1318780130586256,0,0,0,0,12.5,0.1645039216699063,0,25,2.103068384369748,0,37.5,0.11936388851242265,0,50,0,0,-50,0.2308379859246058,12.5,-37.5,-1.3199541608100616,12.5,-25,1.23503824659597,12.5,-12.5,-1.3605653889785563,12.5,0,-0.5847625402758467,12.5,12.5,-0.5789785574941768,12.5,25,2.9068614565956157,12.5,37.5,0.9601007894817595,12.5,50,-0.3009251049808549,12.5,-50,-0.24112530747697913,25,-37.5,-0.006329853518380307,25,-25,1.3049460073890884,25,-12.5,-0.6468018383703773,25,0,0.2275923468673663,25,12.5,0.3351354415812269,25,25,2.1252909304148595,25,37.5,-0.4072344813062443,25,50,0.240128141960909,25,-50,-0.801387538420836,37.5,-37.5,1.2404656583054556,37.5,-25,1.2968834510008098,37.5,-12.5,0.11811026610153452,37.5,0,1.1231184481968617,37.5,12.5,1.182327105753205,37.5,25,1.3304389607463494,37.5,37.5,-1.5716877861803766,37.5,50,0.8691024941986174,37.5,-50,0,50,-37.5,0.549306231271243,50,-25,1.526911491458109,50,-12.5,-0.807669942129886,50,0,0,50,12.5,0.8619737674653548,50,25,2.1030683849012326,50,37.5,-0.5574175551025446,50,50,0,50],"indices":[0,9,1,9,10,1,1,10,2,10,11,2,2,11,3,11,12,3,3,12,4,12,13,4,4,13,5,13,14,5,5,14,6,14,15,6,6,15,7,15,16,7,7,16,8,16,17,8,9,18,10,18,19,10,10,19,11,19,20,11,11,20,12,20,21,12,12,21,13,21,22,13,13,22,14,22,23,14,14,23,15,23,24,15,15,24,16,24,25,16,16,25,17,25,26,17,18,27,19,27,28,19,19,28,20,28,29,20,20,29,21,29,30,21,21,30,22,30,31,22,22,31,23,31,32,23,23,32,24,32,33,24,24,33,25,33,34,25,25,34,26,34,35,26,27,36,28,36,37,28,28,37,29,37,38,29,29,38,30,38,39,30,30,39,31,39,40,31,31,40,32,40,41,32,32,41,33,41,42,33,33,42,34,42,43,34,34,43,35,43,44,35,36,45,37,45,46,37,37,46,38,46,47,38,38,47,39,47,48,39,39,48,40,48,49,40,40,49,41,49,50,41,41,50,42,50,51,42,42,51,43,51,52,43,43,52,44,52,53,44,45,54,46,54,55,46,46,55,47,55,56,47,47,56,48,56,57,48,48,57,49,57,58,49,49,58,50,58,59,50,50,59,51,59,60,51,51,60,52,60,61,52,52,61,53,61,62,53,54,63,55,63,64,55,55,64,56,64,65,56,56,65,57,65,66,57,57,66,58,66,67,58,58,67,59,67,68,59,59,68,60,68,69,60,60,69,61,69,70,61,61,70,62,70,71,62,63,72,64,72,73,64,64,73,65,73,74,65,65,74,66,74,75,66,66,75,67,75,76,67,67,76,68,76,77,68,68,77,69,77,78,69,69,78,70,78,79,70,70,79,71,79,80,71],"center":{"x":800,"z":500},"lod":2,"index":58}