{"vertices":[-50,0,-50,-25,-1.9847315504197187,-50,0,0,-50,25,-1.8814946462766895,-50,50,0,-50,-50,0.24126775963147518,-25,-25,-2.235187478850972,-25,0,-0.19269155427683515,-25,25,-1.971608129797833,-25,50,-0.17274824423342963,-25,-50,0,0,-25,-2.006099383839749,0,0,0,0,25,-1.8426764173139312,0,50,0,0,-50,0.22759234702622894,25,-25,-2.2009989467736397,25,0,0.19269155315544495,25,25,2.619430962899628,25,50,0.20921601027121628,25,-50,0,50,-25,-1.9160695823298315,50,0,0,50,25,2.941397904727938,50,50,0,50],"indices":[0,5,1,5,6,1,1,6,2,6,7,2,2,7,3,7,8,3,3,8,4,8,9,4,5,10,6,10,11,6,6,11,7,11,12,7,7,12,8,12,13,8,8,13,9,13,14,9,10,15,11,15,16,11,11,16,12,16,17,12,12,17,13,17,18,13,13,18,14,18,19,14,15,20,16,20,21,16,16,21,17,21,22,17,17,22,18,22,23,18,18,23,19,23,24,19],"center":{"x":100,"z":0},"lod":3,"index":1}