{"vertices":[-50,0,-50,-25,-4.102431556779395,-50,0,0,-50,25,1.1082248288724397,-50,50,0,-50,-50,-0.23827626325848117,-25,-25,0.5161845130023796,-25,0,0.1727482373337712,-25,25,0.9675283351726274,-25,50,-0.20138113842331573,-25,-50,0,0,-25,0.5870544920598445,0,0,0,0,25,1.1697641877582508,0,50,0,0,-50,-0.17274824378954862,25,-25,0.6159010666477374,25,0,0.2382762630155149,25,25,1.1814452689762647,25,50,-0.24126775967353598,25,-50,0,50,-25,0.5702451309481165,50,0,0,50,25,1.1894225937204184,50,50,0,50],"indices":[0,5,1,5,6,1,1,6,2,6,7,2,2,7,3,7,8,3,3,8,4,8,9,4,5,10,6,10,11,6,6,11,7,11,12,7,7,12,8,12,13,8,8,13,9,13,14,9,10,15,11,15,16,11,11,16,12,16,17,12,12,17,13,17,18,13,13,18,14,18,19,14,15,20,16,20,21,16,16,21,17,21,22,17,17,22,18,22,23,18,18,23,19,23,24,19],"center":{"x":600,"z":900},"lod":3,"index":96}