{"vertices":[-50,0,-50,-37.5,1.590058750728468,-50,-25,-4.102431556779395,-50,-12.5,1.2660505964084554,-50,0,0,-50,12.5,-1.4596196340119518,-50,25,1.1082248288724397,-50,37.5,-0.8402973151645171,-50,50,0,-50,-50,0.37161151977673534,-37.5,-37.5,1.1230546914170567,-37.5,-25,-3.442063259926435,-37.5,-12.5,1.9015479350804951,-37.5,0,1.175446850721696,-37.5,12.5,-1.5114140046568871,-37.5,25,1.7349203484956601,-37.5,37.5,0.07758597850934068,-37.5,50,-1.3381648196792197,-37.5,-50,-0.23827626325848117,-25,-37.5,1.7034794155674329,-25,-25,0.5161845130023796,-25,-12.5,-0.6653252200376145,-25,0,0.1727482373337712,-25,12.5,-0.9663646975034892,-25,25,0.9675283351726274,-25,37.5,-1.0376082993138385,-25,50,-0.20138113842331573,-25,-50,-0.9353834631750703,-12.5,-37.5,2.169995621974819,-12.5,-25,0.3885018014123423,-12.5,-12.5,-1.7393120623213947,-12.5,0,-1.0563483147786925,-12.5,12.5,-0.33189116511792044,-12.5,25,0.09036382542803818,-12.5,37.5,-2.082844141620583,-12.5,50,0.8621629193458122,-12.5,-50,0,0,-37.5,2.2138680026762936,0,-25,0.5870544920598445,0,-12.5,-0.8891551309170795,0,0,0,0,12.5,-0.8076699504281373,0,25,1.1697641877582508,0,37.5,-1.5624403304900039,0,50,0,0,-50,1.0563483081832041,12.5,-37.5,-1.7101823632469946,12.5,-25,0.7706789137509777,12.5,-12.5,-0.15546937437780278,12.5,0,0.9353834701552963,12.5,12.5,-1.4185617094324674,12.5,25,2.2183906101847555,12.5,37.5,-1.1379366354897829,12.5,50,-0.7324890135215041,12.5,-50,-0.17274824378954862,25,-37.5,-1.8756215724735714,25,-25,0.6159010666477374,25,-12.5,-1.013859290946784,25,0,0.2382762630155149,25,12.5,-0.2723970194536808,25,25,1.1814452689762647,25,37.5,-1.665301599916902,25,50,-0.24126775967353598,25,-50,-1.1754468605087647,37.5,-37.5,-2.09432824182291,37.5,-25,0.45241054137783426,37.5,-12.5,-1.7805141961036202,37.5,0,-0.3716115273349558,37.5,12.5,0.8010694610582124,37.5,25,0.16135157994577212,37.5,37.5,-2.0980108753449915,37.5,50,0.16160058060455879,37.5,-50,0,50,-37.5,-1.3400211695963473,50,-25,0.5702451309481165,50,-12.5,-1.5780277632101747,50,0,0,50,12.5,-0.13187802105972996,50,25,1.1894225937204184,50,37.5,1.9914488394476946,50,50,0,50],"indices":[0,9,1,9,10,1,1,10,2,10,11,2,2,11,3,11,12,3,3,12,4,12,13,4,4,13,5,13,14,5,5,14,6,14,15,6,6,15,7,15,16,7,7,16,8,16,17,8,9,18,10,18,19,10,10,19,11,19,20,11,11,20,12,20,21,12,12,21,13,21,22,13,13,22,14,22,23,14,14,23,15,23,24,15,15,24,16,24,25,16,16,25,17,25,26,17,18,27,19,27,28,19,19,28,20,28,29,20,20,29,21,29,30,21,21,30,22,30,31,22,22,31,23,31,32,23,23,32,24,32,33,24,24,33,25,33,34,25,25,34,26,34,35,26,27,36,28,36,37,28,28,37,29,37,38,29,29,38,30,38,39,30,30,39,31,39,40,31,31,40,32,40,41,32,32,41,33,41,42,33,33,42,34,42,43,34,34,43,35,43,44,35,36,45,37,45,46,37,37,46,38,46,47,38,38,47,39,47,48,39,39,48,40,48,49,40,40,49,41,49,50,41,41,50,42,50,51,42,42,51,43,51,52,43,43,52,44,52,53,44,45,54,46,54,55,46,46,55,47,55,56,47,47,56,48,56,57,48,48,57,49,57,58,49,49,58,50,58,59,50,50,59,51,59,60,51,51,60,52,60,61,52,52,61,53,61,62,53,54,63,55,63,64,55,55,64,56,64,65,56,56,65,57,65,66,57,57,66,58,66,67,58,58,67,59,67,68,59,59,68,60,68,69,60,60,69,61,69,70,61,61,70,62,70,71,62,63,72,64,72,73,64,64,73,65,73,74,65,65,74,66,74,75,66,66,75,67,75,76,67,67,76,68,76,77,68,68,77,69,77,78,69,69,78,70,78,79,70,70,79,71,79,80,71],"center":{"x":600,"z":900},"lod":2,"index":96}