{"vertices":[-50,0,-50,-37.5,-1.133598515277707,-50,-25,0.5813564033693863,-50,-12.5,-1.7524625216973293,-50,0,0,-50,12.5,0.08577776941475884,-50,25,1.1680547615210553,-50,37.5,1.842685529747384,-50,50,0,-50,-50,-0.8691025002455999,-37.5,-37.5,-1.8544334950834929,-37.5,-25,0.740667959229354,-37.5,-12.5,-1.4553648605084193,-37.5,0,-0.03850938488136808,-37.5,12.5,1.0611243865325601,-37.5,25,0.4728629809160625,-37.5,37.5,1.9432327340611664,-37.5,50,-0.16160057609593265,-37.5,-50,-0.24012814183241737,-25,-37.5,-0.6253465866968808,-25,-25,0.5866983619404949,-25,-12.5,1.9155739177000926,-25,0,-0.23656683641621237,-25,12.5,1.3685052668049766,-25,25,-1.45507372781231,-25,37.5,1.293708808301106,-25,50,0.2412677596548462,-25,-50,0.3009251113335037,-12.5,-37.5,0.6557050640234142,-12.5,-25,0.4124112388359774,-12.5,-12.5,1.5435324533943415,-12.5,0,-0.5211959923179561,-12.5,12.5,1.7354098776680993,-12.5,25,-3.4736167808092415,-12.5,37.5,0.5426088997005386,-12.5,50,0.7324890089684166,-12.5,-50,0,0,-37.5,-0.4427422641800277,0,-25,0.567111182621532,0,-12.5,1.8385232107718397,0,0,0,0,12.5,2.2379235566984104,0,25,-3.603483765044137,0,37.5,1.1723261226632338,0,50,0,0,-50,-0.16896720515038255,12.5,-37.5,-1.423539826197287,12.5,-25,0.7119827581238948,12.5,-12.5,2.2241137818359107,12.5,0,0.6553421188410891,12.5,12.5,2.6097737661599663,12.5,25,-3.560569188555986,12.5,37.5,1.9203890170280409,12.5,50,-0.8621629149368379,12.5,-50,-0.22915932087530005,25,-37.5,0.42553395827603263,25,-25,-1.7830539292230483,25,-12.5,1.3122866901265986,25,0,-0.22232161485652294,25,12.5,0.6191750598755076,25,25,-1.4876240614631722,25,37.5,-0.08991769302494712,25,50,0.20138113896531765,25,-50,-0.37900683541816244,37.5,-37.5,2.1989884209731043,37.5,-25,-4.266233765713759,37.5,-12.5,0.31978940611884077,37.5,0,-1.181159449439437,37.5,12.5,-1.289847311104538,37.5,25,0.5151457649226773,37.5,37.5,-1.9033926473099505,37.5,50,1.3381648165596205,37.5,-50,0,50,-37.5,1.7413300690776174,50,-25,-4.083342960563645,50,-12.5,1.1062972504030506,50,0,0,50,12.5,-1.3504128981957817,50,25,1.1523850166688299,50,37.5,-0.9897807465481749,50,50,0,50],"indices":[0,9,1,9,10,1,1,10,2,10,11,2,2,11,3,11,12,3,3,12,4,12,13,4,4,13,5,13,14,5,5,14,6,14,15,6,6,15,7,15,16,7,7,16,8,16,17,8,9,18,10,18,19,10,10,19,11,19,20,11,11,20,12,20,21,12,12,21,13,21,22,13,13,22,14,22,23,14,14,23,15,23,24,15,15,24,16,24,25,16,16,25,17,25,26,17,18,27,19,27,28,19,19,28,20,28,29,20,20,29,21,29,30,21,21,30,22,30,31,22,22,31,23,31,32,23,23,32,24,32,33,24,24,33,25,33,34,25,25,34,26,34,35,26,27,36,28,36,37,28,28,37,29,37,38,29,29,38,30,38,39,30,30,39,31,39,40,31,31,40,32,40,41,32,32,41,33,41,42,33,33,42,34,42,43,34,34,43,35,43,44,35,36,45,37,45,46,37,37,46,38,46,47,38,38,47,39,47,48,39,39,48,40,48,49,40,40,49,41,49,50,41,41,50,42,50,51,42,42,51,43,51,52,43,43,52,44,52,53,44,45,54,46,54,55,46,46,55,47,55,56,47,47,56,48,56,57,48,48,57,49,57,58,49,49,58,50,58,59,50,50,59,51,59,60,51,51,60,52,60,61,52,52,61,53,61,62,53,54,63,55,63,64,55,55,64,56,64,65,56,56,65,57,65,66,57,57,66,58,66,67,58,58,67,59,67,68,59,59,68,60,68,69,60,60,69,61,69,70,61,61,70,62,70,71,62,63,72,64,72,73,64,64,73,65,73,74,65,65,74,66,74,75,66,66,75,67,75,76,67,67,76,68,76,77,68,68,77,69,77,78,69,69,78,70,78,79,70,70,79,71,79,80,71],"center":{"x":600,"z":400},"lod":2,"index":46}