{"vertices":[-50,0,-50,-25,-3.2549548219760567,-50,0,0,-50,25,-2.692402114980611,-50,50,0,-50,-50,-0.23898852430668763,-25,-25,1.4318958607269414,-25,0,0.22490356109776127,-25,25,-0.5098747732427279,-25,50,0.23656683657974756,-25,-50,0,0,-25,1.5291195005692757,0,0,0,0,25,2.080845838263315,0,50,0,0,-50,-0.24055549850151864,25,-25,1.3083648606975085,25,0,0.23556967104498341,25,25,2.113609848402536,25,50,0.24126775965250133,25,-50,0,50,-25,1.5249171605124,50,0,0,50,25,2.117883415436382,50,50,0,50],"indices":[0,5,1,5,6,1,1,6,2,6,7,2,2,7,3,7,8,3,3,8,4,8,9,4,5,10,6,10,11,6,6,11,7,11,12,7,7,12,8,12,13,8,8,13,9,13,14,9,10,15,11,15,16,11,11,16,12,16,17,12,12,17,13,17,18,13,13,18,14,18,19,14,15,20,16,20,21,16,16,21,17,21,22,17,17,22,18,22,23,18,18,23,19,23,24,19],"center":{"x":800,"z":900},"lod":3,"index":98}