{"vertices":[-50,0,-50,-25,3.692475443072747,-50,0,0,-50,25,3.8088891771433047,-50,50,0,-50,-50,-0.22232161485652294,-25,-25,-0.9855432023264316,-25,0,0.17274823167698003,-25,25,1.6908214640362105,-25,50,0.22759234694679778,-25,-50,0,0,-25,-1.0682367154514267,0,0,0,0,25,-0.9270362942938062,0,50,0,0,-50,0.19269155323020384,25,-25,-0.8559579868686095,25,0,0.23827626294077325,25,25,-0.7444588484921193,25,50,-0.18314725450731212,25,-50,0,50,-25,-1.0451594563759212,50,0,0,50,25,-0.924828285293605,50,50,0,50],"indices":[0,5,1,5,6,1,1,6,2,6,7,2,2,7,3,7,8,3,3,8,4,8,9,4,5,10,6,10,11,6,6,11,7,11,12,7,7,12,8,12,13,8,8,13,9,13,14,9,10,15,11,15,16,11,11,16,12,16,17,12,12,17,13,17,18,13,13,18,14,18,19,14,15,20,16,20,21,16,16,21,17,21,22,17,17,22,18,22,23,18,18,23,19,23,24,19],"center":{"x":300,"z":800},"lod":3,"index":83}