{"vertices":[-50,0,-50,-25,-1.0701598205316025,-50,0,0,-50,25,-0.9345150359607388,-50,50,0,-50,-50,0.2365668365096611,-25,-25,-1.0336208272490466,-25,0,0.23898852407773843,-25,25,-1.173432334149584,-25,50,-0.23898852422492015,-25,-50,0,0,-25,-0.9291321264271917,0,0,0,0,25,-0.8917081450785549,0,50,0,0,-50,0.2412677596595163,25,-25,3.7042277501779,25,0,0.2161961697083911,25,25,3.5447578363959007,25,50,-0.24055549854824304,25,-50,0,50,-25,-0.9291321239671558,50,0,0,50,25,3.7841024916658927,50,50,0,50],"indices":[0,5,1,5,6,1,1,6,2,6,7,2,2,7,3,7,8,3,3,8,4,8,9,4,5,10,6,10,11,6,6,11,7,11,12,7,7,12,8,12,13,8,8,13,9,13,14,9,10,15,11,15,16,11,11,16,12,16,17,12,12,17,13,17,18,13,13,18,14,18,19,14,15,20,16,20,21,16,16,21,17,21,22,17,17,22,18,22,23,18,18,23,19,23,24,19],"center":{"x":300,"z":100},"lod":3,"index":13}