{"vertices":[-50,0,-50,-37.5,-0.09583669171950723,-50,-25,1.3001382400595343,-50,-12.5,-1.5683197750476128,-50,0,0,-50,12.5,-0.6648382366527671,-50,25,1.3734601792846592,-50,37.5,-0.29914499865582356,-50,50,0,-50,-50,0.09346327350527463,-37.5,-37.5,-1.0068133586847123,-37.5,-25,1.6500452285772744,-37.5,-12.5,-1.8348624487008074,-37.5,0,-0.5921428339837413,-37.5,12.5,0.20930068264372212,-37.5,25,0.6981652202607955,-37.5,37.5,-1.6363096986347634,-37.5,50,0.9286291841542611,-37.5,-50,-0.24055549853889815,-25,-37.5,0.041212955845288425,-25,-25,1.255479470485152,-25,-12.5,0.03943513877637087,-25,0,-0.23898852422492015,-25,12.5,-0.4813964576231149,-25,25,1.5351559123057614,-25,37.5,-0.7830085229269911,-25,50,-0.19269155397779295,-25,-50,-0.662657303957398,-12.5,-37.5,1.0111403690150664,-12.5,-25,0.8215587832297288,-12.5,-12.5,1.8448238027948216,-12.5,0,0.02667648852073384,-12.5,12.5,-1.245332834664362,-12.5,25,2.400271588232437,-12.5,37.5,0.1437042534527461,-12.5,50,-1.3839593777403112,-12.5,-50,0,0,-37.5,2.0639547721255043,0,-25,-3.411570353611737,0,-12.5,2.029306678865352,0,0,0,0,12.5,0.022760254912293637,0,25,1.4037312759458775,0,37.5,-0.9926321642532666,0,50,0,0,-50,0.7942927101816655,12.5,-37.5,1.8242393235111396,12.5,-25,-3.092241554939566,12.5,-12.5,2.2992471990863814,12.5,0,0.09346327405880564,12.5,12.5,1.1285178477059485,12.5,25,0.4073156092764909,12.5,37.5,-2.029921255941888,12.5,50,1.1811594540920936,12.5,-50,-0.2092160109393736,25,-37.5,2.1454335877319637,25,-25,-3.495332258734814,25,-12.5,1.5187780194544702,25,0,-0.24055549854824304,25,12.5,0.545187569875178,25,25,1.3832181566490136,25,37.5,-1.5356646921653994,25,50,0.22232161438927953,25,-50,-1.2889330377114825,37.5,-37.5,-1.306226756912032,37.5,-25,-3.8483621370690058,37.5,-12.5,0.6500141889948514,37.5,0,-0.6626573045331595,37.5,12.5,0.02826231172104038,37.5,25,2.27929072981191,37.5,37.5,-1.1179395490576822,37.5,50,-0.6553421246052731,37.5,-50,0,50,-37.5,-1.4717233294965366,50,-25,-3.4115703559012243,50,-12.5,1.321344894251918,50,0,0,50,12.5,0.726323271738311,50,25,1.4059392854413524,50,37.5,-1.6457983976764834,50,50,0,50],"indices":[0,9,1,9,10,1,1,10,2,10,11,2,2,11,3,11,12,3,3,12,4,12,13,4,4,13,5,13,14,5,5,14,6,14,15,6,6,15,7,15,16,7,7,16,8,16,17,8,9,18,10,18,19,10,10,19,11,19,20,11,11,20,12,20,21,12,12,21,13,21,22,13,13,22,14,22,23,14,14,23,15,23,24,15,15,24,16,24,25,16,16,25,17,25,26,17,18,27,19,27,28,19,19,28,20,28,29,20,20,29,21,29,30,21,21,30,22,30,31,22,22,31,23,31,32,23,23,32,24,32,33,24,24,33,25,33,34,25,25,34,26,34,35,26,27,36,28,36,37,28,28,37,29,37,38,29,29,38,30,38,39,30,30,39,31,39,40,31,31,40,32,40,41,32,32,41,33,41,42,33,33,42,34,42,43,34,34,43,35,43,44,35,36,45,37,45,46,37,37,46,38,46,47,38,38,47,39,47,48,39,39,48,40,48,49,40,40,49,41,49,50,41,41,50,42,50,51,42,42,51,43,51,52,43,43,52,44,52,53,44,45,54,46,54,55,46,46,55,47,55,56,47,47,56,48,56,57,48,48,57,49,57,58,49,49,58,50,58,59,50,50,59,51,59,60,51,51,60,52,60,61,52,52,61,53,61,62,53,54,63,55,63,64,55,55,64,56,64,65,56,56,65,57,65,66,57,57,66,58,66,67,58,58,67,59,67,68,59,59,68,60,68,69,60,60,69,61,69,70,61,61,70,62,70,71,62,63,72,64,72,73,64,64,73,65,73,74,65,65,74,66,74,75,66,66,75,67,75,76,67,67,76,68,76,77,68,68,77,69,77,78,69,69,78,70,78,79,70,70,79,71,79,80,71],"center":{"x":700,"z":600},"lod":2,"index":67}