{"vertices":[-50,0,-50,-37.5,1.3044222242040424,-50,-25,-1.0551311114536868,-50,-12.5,0.08954422419734667,-50,0,0,-50,12.5,1.6749838963928843,-50,25,-0.9248282851744645,-50,37.5,0.8095903596297728,-50,50,0,-50,-50,0.6626573074119637,-37.5,-37.5,1.7775745394421583,-37.5,-25,-1.338813886531964,-37.5,-12.5,1.0802605278238562,-37.5,0,0.10249842959034453,-37.5,12.5,1.3885378547291545,-37.5,25,-2.0768527346643575,-37.5,37.5,1.4988038512420117,-37.5,50,-0.7324890129523678,-37.5,-50,0.24055549859496747,-25,-37.5,1.7981461136278156,-25,-25,-1.0464415265850087,-25,-12.5,-0.03820457349201224,-25,0,0.23329043525528437,-25,12.5,-0.3300660516367554,-25,25,-1.1631757742920605,-25,37.5,0.28934752939311303,-25,50,-0.24126775967119526,-25,-50,-0.0934632768264608,-12.5,-37.5,1.8581148964845282,-12.5,-25,-0.7189549731502001,-12.5,-12.5,-1.080169592006858,-12.5,0,0.4500671907750893,-12.5,12.5,-2.1389077025874355,-12.5,25,-0.23147082765967567,-12.5,37.5,-0.7224428284598865,-12.5,50,0.1616005800409827,-12.5,-50,0,0,-37.5,-2.251170113448486,0,-25,-0.9881073444702092,0,-12.5,-0.6325987905860321,0,0,0,0,12.5,-1.9175330581091874,0,25,-0.9270362949946692,0,37.5,0.1292698689610467,0,50,0,0,-50,-0.026676485813583013,12.5,-37.5,-2.3652418898935785,12.5,-25,-0.7677464027539473,12.5,-12.5,-0.461513439463487,12.5,0,-0.5847625373721214,12.5,12.5,-1.545064126038043,12.5,25,-1.475319426887287,12.5,37.5,0.8823931630150359,12.5,50,-0.038509385408644084,12.5,-50,0.2389885241431525,25,-37.5,-1.7878855094055635,25,-25,3.684569343431936,25,-12.5,-2.1505449819551425,25,0,0.22759234706594483,25,12.5,-1.8426757675180705,25,25,1.2257897595209097,25,37.5,-0.7813541148915583,25,50,-0.23656683639285023,25,-50,0.592142831082077,37.5,-37.5,-1.113955027761985,37.5,-25,4.01006163708662,37.5,-12.5,-2.4507477406714533,37.5,0,1.1231184457655394,37.5,12.5,-2.211213115441145,37.5,25,3.8277666152914698,37.5,37.5,-2.375857027017247,37.5,50,-0.5211959917351037,37.5,-50,0,50,-37.5,-1.6185132453245914,50,-25,3.672888263445703,50,-12.5,1.445874286001399,50,0,0,50,12.5,-1.2361141276532275,50,25,3.8088891773465594,50,37.5,-2.0471400932638963,50,50,0,50],"indices":[0,9,1,9,10,1,1,10,2,10,11,2,2,11,3,11,12,3,3,12,4,12,13,4,4,13,5,13,14,5,5,14,6,14,15,6,6,15,7,15,16,7,7,16,8,16,17,8,9,18,10,18,19,10,10,19,11,19,20,11,11,20,12,20,21,12,12,21,13,21,22,13,13,22,14,22,23,14,14,23,15,23,24,15,15,24,16,24,25,16,16,25,17,25,26,17,18,27,19,27,28,19,19,28,20,28,29,20,20,29,21,29,30,21,21,30,22,30,31,22,22,31,23,31,32,23,23,32,24,32,33,24,24,33,25,33,34,25,25,34,26,34,35,26,27,36,28,36,37,28,28,37,29,37,38,29,29,38,30,38,39,30,30,39,31,39,40,31,31,40,32,40,41,32,32,41,33,41,42,33,33,42,34,42,43,34,34,43,35,43,44,35,36,45,37,45,46,37,37,46,38,46,47,38,38,47,39,47,48,39,39,48,40,48,49,40,40,49,41,49,50,41,41,50,42,50,51,42,42,51,43,51,52,43,43,52,44,52,53,44,45,54,46,54,55,46,46,55,47,55,56,47,47,56,48,56,57,48,48,57,49,57,58,49,49,58,50,58,59,50,50,59,51,59,60,51,51,60,52,60,61,52,52,61,53,61,62,53,54,63,55,63,64,55,55,64,56,64,65,56,56,65,57,65,66,57,57,66,58,66,67,58,58,67,59,67,68,59,59,68,60,68,69,60,60,69,61,69,70,61,61,70,62,70,71,62,63,72,64,72,73,64,64,73,65,73,74,65,65,74,66,74,75,66,66,75,67,75,76,67,67,76,68,76,77,68,68,77,69,77,78,69,69,78,70,78,79,70,70,79,71,79,80,71],"center":{"x":300,"z":500},"lod":2,"index":53}