{"vertices":[-50,0,-50,-37.5,-1.0632835300095904,-50,-25,0.5895474060185193,-50,-12.5,-1.804058117061751,-50,0,0,-50,12.5,0.16146976940665067,-50,25,1.1523850176909183,-50,37.5,1.7862266660608042,-50,50,0,-50,-50,0.8013875462672368,-37.5,-37.5,0.022001380120138407,-37.5,-25,0.449101031436936,-37.5,-12.5,-1.514572397774877,-37.5,0,-0.026676485813583013,-37.5,12.5,-0.42215643318833035,-37.5,25,1.6886223125966064,-37.5,37.5,1.350863074257168,-37.5,50,0.2308379882108971,-37.5,-50,0.24112530741155636,-25,-37.5,-0.8602085176576342,-25,-25,0.6084223254258535,-25,-12.5,2.2414675454864326,-25,0,0.2389885241431525,-25,12.5,1.0631977237625807,-25,25,-1.0244442354520065,-25,37.5,1.698634092027886,-25,50,-0.24112530745828933,-25,-50,-0.23083799392662552,-12.5,-37.5,-1.802663203803557,-12.5,-25,0.7566020197285152,-12.5,-12.5,2.3883425800614018,-12.5,0,0.592142831082077,-12.5,12.5,2.462754099440688,-12.5,25,-3.623915379420864,-12.5,37.5,2.1200382842966277,-12.5,50,-0.8013875406626624,-12.5,-50,0,0,-37.5,-0.3724777771846125,0,-25,0.5539343525281336,0,-12.5,1.7754156957243383,0,0,0,0,12.5,2.2957366906894325,0,25,-3.603483765256727,0,37.5,1.0969533880648206,0,50,0,0,-50,0.10249842959034453,12.5,-37.5,0.8770799675989434,12.5,-25,0.33986911672458037,12.5,-12.5,1.0402333635228314,12.5,0,-0.7252689774749497,12.5,12.5,1.7857551968464516,12.5,25,-3.6781705432965843,12.5,37.5,-0.04764461800550153,12.5,50,0.928629186308588,12.5,-50,0.23329043525528437,25,-37.5,0.946383281583185,25,-25,-1.8159425852895645,25,-12.5,1.599615275274072,25,0,0.21619616949345902,25,12.5,-1.7327976490812513,25,25,-0.9946004974313665,25,37.5,0.03670094960614938,25,50,-0.19269155367875362,25,-50,0.4500671907750893,37.5,-37.5,1.0952184164978622,37.5,-25,-3.9301884977885675,37.5,-12.5,2.21257182025745,37.5,0,1.2365144478150716,37.5,12.5,-1.6535774981209101,37.5,25,1.7811083665411307,37.5,37.5,0.13381718513151802,37.5,50,-1.3839593791832647,37.5,-50,0,50,-37.5,1.8128716180963687,50,-25,0.479859197642331,50,-12.5,-0.38437576785253064,50,0,0,50,12.5,-1.2908252328587724,50,25,1.1680547607442613,50,37.5,-1.0644510970526098,50,50,0,50],"indices":[0,9,1,9,10,1,1,10,2,10,11,2,2,11,3,11,12,3,3,12,4,12,13,4,4,13,5,13,14,5,5,14,6,14,15,6,6,15,7,15,16,7,7,16,8,16,17,8,9,18,10,18,19,10,10,19,11,19,20,11,11,20,12,20,21,12,12,21,13,21,22,13,13,22,14,22,23,14,14,23,15,23,24,15,15,24,16,24,25,16,16,25,17,25,26,17,18,27,19,27,28,19,19,28,20,28,29,20,20,29,21,29,30,21,21,30,22,30,31,22,22,31,23,31,32,23,23,32,24,32,33,24,24,33,25,33,34,25,25,34,26,34,35,26,27,36,28,36,37,28,28,37,29,37,38,29,29,38,30,38,39,30,30,39,31,39,40,31,31,40,32,40,41,32,32,41,33,41,42,33,33,42,34,42,43,34,34,43,35,43,44,35,36,45,37,45,46,37,37,46,38,46,47,38,38,47,39,47,48,39,39,48,40,48,49,40,40,49,41,49,50,41,41,50,42,50,51,42,42,51,43,51,52,43,43,52,44,52,53,44,45,54,46,54,55,46,46,55,47,55,56,47,47,56,48,56,57,48,48,57,49,57,58,49,49,58,50,58,59,50,50,59,51,59,60,51,51,60,52,60,61,52,52,61,53,61,62,53,54,63,55,63,64,55,55,64,56,64,65,56,56,65,57,65,66,57,57,66,58,66,67,58,58,67,59,67,68,59,59,68,60,68,69,60,60,69,61,69,70,61,61,70,62,70,71,62,63,72,64,72,73,64,64,73,65,73,74,65,65,74,66,74,75,66,66,75,67,75,76,67,67,76,68,76,77,68,68,77,69,77,78,69,69,78,70,78,79,70,70,79,71,79,80,71],"center":{"x":600,"z":200},"lod":2,"index":26}