{"vertices":[-50,0,-50,-37.5,-1.6185132453245914,-50,-25,3.672888263445703,-50,-12.5,1.445874286001399,-50,0,0,-50,12.5,-1.2361141276532275,-50,25,3.8088891773465594,-50,37.5,-2.0471400932638963,-50,50,0,-50,-50,-0.7252689774749497,-37.5,-37.5,-0.8052124594257913,-37.5,-25,-1.2468729427909875,-37.5,-12.5,1.131862226271935,-37.5,0,-1.2812890038410591,-37.5,12.5,0.012410821618426458,-37.5,25,3.4095450006463417,-37.5,37.5,-1.8046537705155965,-37.5,50,0.6553421182646703,-37.5,-50,0.21619616949345902,-25,-37.5,0.34788717521196166,-25,-25,-1.0143897763159604,-25,-12.5,1.417077473979302,-25,0,-0.18314725426201628,-25,12.5,0.3844087885211148,-25,25,-1.0747129469138956,-25,37.5,-2.1413994183983283,-25,50,-0.22232161490324712,-25,-50,1.2365144478150716,-12.5,-37.5,1.540221638326905,-12.5,-25,-0.7560223184374787,-12.5,-12.5,1.7715279980088747,-12.5,0,0.9934411252450255,-12.5,12.5,-0.3286348840031639,-12.5,25,-1.5639119733306996,-12.5,37.5,1.2694062155305965,-12.5,50,-1.1811594489741712,-12.5,-50,0,0,-37.5,0.5403271003613893,0,-25,-1.0727239605123364,0,-12.5,0.8463959869794991,0,0,0,0,12.5,0.9236923608338774,0,25,-0.9395720895555566,0,37.5,1.5345556396291449,0,50,0,0,-50,-1.3381648188993231,12.5,-37.5,-0.3512182124194714,12.5,-25,-1.38157755898084,12.5,-12.5,-0.21828429149390913,12.5,0,-0.8691025002455999,12.5,12.5,2.089547340541941,12.5,25,-0.16944061046932085,12.5,37.5,1.251678809952538,12.5,50,1.3839593769555485,12.5,-50,-0.20138113855881629,25,-37.5,0.6677562153370105,25,-25,-1.252879719087914,25,-12.5,0.6468679518064596,25,0,-0.24012814183241737,25,12.5,1.466621666306383,25,25,-1.1516371452028553,25,37.5,1.4307848474451768,25,50,0.19269155315544495,25,-50,0.8621629182435697,37.5,-37.5,1.6097683522260398,37.5,-25,-1.1372307318045716,37.5,-12.5,1.5973713251754287,37.5,0,0.3009251113335037,37.5,12.5,0.9029594477434109,37.5,25,-2.0490092640353126,37.5,37.5,1.6956499598184702,37.5,50,-0.9286291900786657,37.5,-50,0,50,-37.5,1.235977341640158,50,-25,-1.0491481183841322,50,-12.5,0.15485404490880592,50,0,0,50,12.5,1.6147768975602925,50,25,-0.9236174413708598,50,37.5,0.8806594791608825,50,50,0,50],"indices":[0,9,1,9,10,1,1,10,2,10,11,2,2,11,3,11,12,3,3,12,4,12,13,4,4,13,5,13,14,5,5,14,6,14,15,6,6,15,7,15,16,7,7,16,8,16,17,8,9,18,10,18,19,10,10,19,11,19,20,11,11,20,12,20,21,12,12,21,13,21,22,13,13,22,14,22,23,14,14,23,15,23,24,15,15,24,16,24,25,16,16,25,17,25,26,17,18,27,19,27,28,19,19,28,20,28,29,20,20,29,21,29,30,21,21,30,22,30,31,22,22,31,23,31,32,23,23,32,24,32,33,24,24,33,25,33,34,25,25,34,26,34,35,26,27,36,28,36,37,28,28,37,29,37,38,29,29,38,30,38,39,30,30,39,31,39,40,31,31,40,32,40,41,32,32,41,33,41,42,33,33,42,34,42,43,34,34,43,35,43,44,35,36,45,37,45,46,37,37,46,38,46,47,38,38,47,39,47,48,39,39,48,40,48,49,40,40,49,41,49,50,41,41,50,42,50,51,42,42,51,43,51,52,43,43,52,44,52,53,44,45,54,46,54,55,46,46,55,47,55,56,47,47,56,48,56,57,48,48,57,49,57,58,49,49,58,50,58,59,50,50,59,51,59,60,51,51,60,52,60,61,52,52,61,53,61,62,53,54,63,55,63,64,55,55,64,56,64,65,56,56,65,57,65,66,57,57,66,58,66,67,58,58,67,59,67,68,59,59,68,60,68,69,60,60,69,61,69,70,61,61,70,62,70,71,62,63,72,64,72,73,64,64,73,65,73,74,65,65,74,66,74,75,66,66,75,67,75,76,67,67,76,68,76,77,68,68,77,69,77,78,69,69,78,70,78,79,70,70,79,71,79,80,71],"center":{"x":300,"z":600},"lod":2,"index":63}