{"vertices":[-50,0,-50,-25,1.5283360135696853,-50,0,0,-50,25,2.09288305137415,-50,50,0,-50,-50,0.18314725540676188,-25,-25,1.5078228952122776,-25,0,0.19269155330496274,-25,25,-0.47504520388042343,-25,50,-0.17274824325689797,-25,-50,0,0,-25,-3.2059512570565523,0,0,0,0,25,-2.676447465627808,0,50,0,0,-50,-0.22759234650992505,25,-25,-3.2794566024634504,25,0,0.24112530743492294,25,25,-2.95354195860861,25,50,0.23200836541618713,25,-50,0,50,-25,-3.2059512595679913,50,0,0,50,25,-2.6565041562058496,50,50,0,50],"indices":[0,5,1,5,6,1,1,6,2,6,7,2,2,7,3,7,8,3,3,8,4,8,9,4,5,10,6,10,11,6,6,11,7,11,12,7,7,12,8,12,13,8,8,13,9,13,14,9,10,15,11,15,16,11,11,16,12,16,17,12,12,17,13,17,18,13,13,18,14,18,19,14,15,20,16,20,21,16,16,21,17,21,22,17,17,22,18,22,23,18,18,23,19,23,24,19],"center":{"x":800,"z":400},"lod":3,"index":48}