{"vertices":[-50,0,-50,-37.5,0.5211769293342935,-50,-25,-1.9548165853990147,-50,-12.5,-1.3139629297029494,-50,0,0,-50,12.5,1.2381747740693736,-50,25,2.917181027115113,-50,37.5,1.3452486610588377,-50,50,0,-50,-50,-1.1171003542734328,-37.5,-37.5,-0.08143473749331492,-37.5,-25,-0.8791747889649821,-37.5,-12.5,2.454873962550904,-37.5,0,0.9353834706922362,-37.5,12.5,1.006587698486106,-37.5,25,2.7614605226144633,-37.5,37.5,1.1245430213269934,-37.5,50,0.801387546827702,-37.5,-50,1.0632772093344123e-8,-25,-37.5,0.6891193856393232,-25,-25,2.712019560572413,-25,-12.5,0.8500691627083795,-25,0,0.23827626299682508,-25,12.5,-0.7745504826985652,-25,25,2.699204206383616,-25,37.5,1.2581408829025147,-25,50,0.2411253074068838,-25,-50,1.1171003616031232,-12.5,-37.5,1.379844832612591,-12.5,-25,2.2058424882923386,-12.5,-12.5,0.4025216169227503,-12.5,0,-0.3716115279163572,-12.5,12.5,-2.6525840493787154,-12.5,25,2.514425642018484,-12.5,37.5,1.4461913588100295,-12.5,50,-0.23083799449819048,-12.5,-50,0,0,-37.5,1.201160209563127,0,-25,2.8235596474407703,0,-12.5,0.7599093875229648,0,0,0,0,12.5,-2.3276002549714194,0,25,2.844530399062376,0,37.5,0.7351532185994918,0,50,0,0,-50,-0.9999800576257165,12.5,-37.5,1.1151215130671135,12.5,-25,3.4196964086269306,12.5,-12.5,1.2461175766534187,12.5,0,0.23809308144863692,12.5,12.5,-0.4347509701941505,12.5,25,-1.2644405948874928,12.5,37.5,-0.08454505009247068,12.5,50,0.10249843012287312,12.5,-50,-0.23556967076230537,25,-37.5,-0.7581940022552367,25,-25,2.8145851583942068,25,-12.5,0.1838887239182543,25,0,0.22490356105687753,25,12.5,-0.7964672185186057,25,25,-2.0439151024058733,25,37.5,0.5419880951847168,25,50,0.23329043522490495,25,-50,0.4426468440327528,37.5,-37.5,-2.709189215552759,37.5,-25,2.179422054868659,37.5,-12.5,-0.9582898614223,37.5,0,0.30826532994184186,37.5,12.5,-1.2435639119316497,37.5,25,-2.7149092240757513,37.5,37.5,1.2631000235116177,37.5,50,0.4500671901917743,37.5,-50,0,50,-37.5,-2.3544400584063663,50,-25,2.691079086689186,50,-12.5,0.0598854179091715,50,0,0,50,12.5,-0.1892567529581529,50,25,-1.8780045663714882,50,37.5,0.04288134837518855,50,50,0,50],"indices":[0,9,1,9,10,1,1,10,2,10,11,2,2,11,3,11,12,3,3,12,4,12,13,4,4,13,5,13,14,5,5,14,6,14,15,6,6,15,7,15,16,7,7,16,8,16,17,8,9,18,10,18,19,10,10,19,11,19,20,11,11,20,12,20,21,12,12,21,13,21,22,13,13,22,14,22,23,14,14,23,15,23,24,15,15,24,16,24,25,16,16,25,17,25,26,17,18,27,19,27,28,19,19,28,20,28,29,20,20,29,21,29,30,21,21,30,22,30,31,22,22,31,23,31,32,23,23,32,24,32,33,24,24,33,25,33,34,25,25,34,26,34,35,26,27,36,28,36,37,28,28,37,29,37,38,29,29,38,30,38,39,30,30,39,31,39,40,31,31,40,32,40,41,32,32,41,33,41,42,33,33,42,34,42,43,34,34,43,35,43,44,35,36,45,37,45,46,37,37,46,38,46,47,38,38,47,39,47,48,39,39,48,40,48,49,40,40,49,41,49,50,41,41,50,42,50,51,42,42,51,43,51,52,43,43,52,44,52,53,44,45,54,46,54,55,46,46,55,47,55,56,47,47,56,48,56,57,48,48,57,49,57,58,49,49,58,50,58,59,50,50,59,51,59,60,51,51,60,52,60,61,52,52,61,53,61,62,53,54,63,55,63,64,55,55,64,56,64,65,56,56,65,57,65,66,57,57,66,58,66,67,58,58,67,59,67,68,59,59,68,60,68,69,60,60,69,61,69,70,61,61,70,62,70,71,62,63,72,64,72,73,64,64,73,65,73,74,65,65,74,66,74,75,66,66,75,67,75,76,67,67,76,68,76,77,68,68,77,69,77,78,69,69,78,70,78,79,70,70,79,71,79,80,71],"center":{"x":100,"z":500},"lod":2,"index":51}