{"vertices":[-50,0,-50,-37.5,0.9394524390474123,-50,-25,1.6444648447025956,-50,-12.5,-0.08000650757504774,-50,0,0,-50,12.5,0.20125305702196356,-50,25,2.572742244487363,-50,37.5,0.6793688863858758,-50,50,0,-50,-50,1.1754468493180106,-37.5,-37.5,1.4713881505620117,-37.5,-25,0.7186679879177678,-37.5,-12.5,-1.536508341422962,-37.5,0,0.6553421199939273,-37.5,12.5,-0.7678612745939396,-37.5,25,2.122286364014295,-37.5,37.5,-0.0016595398809432851,-37.5,50,0.23809308259342526,-37.5,-50,0.17274823309117296,-25,-37.5,1.4284059880710411,-25,-25,1.5190944336866612,-25,-12.5,-0.595082097524672,-25,0,-0.22232161476307327,-25,12.5,0.32479534105831964,-25,25,2.4563338538877355,-25,37.5,0.4815526427065087,-25,50,0.22490356101599374,-25,-50,-1.0563483163007283,-12.5,-37.5,1.432774674501325,-12.5,-25,2.2533789519928633,-12.5,-12.5,0.2729008776994414,-12.5,0,-1.1811594503699674,-12.5,12.5,1.3321855629718284,-12.5,25,2.6761480342516695,-12.5,37.5,1.0347760405369757,-12.5,50,0.30826532878566454,-12.5,-50,0,0,-37.5,-2.5864782580362333,0,-25,1.5614864283709882,0,-12.5,-0.7725216870975307,0,0,0,0,12.5,0.8965109983037078,0,25,2.712345418576943,0,37.5,-0.05924238401959997,0,50,0,0,-50,0.935383471766117,12.5,-37.5,-1.1956904655815646,12.5,-25,-3.577378206430338,12.5,-12.5,-1.6839428773960177,12.5,0,1.383959379437997,12.5,12.5,0.587437005105823,12.5,25,2.860798864821456,12.5,37.5,-1.2718010440916347,12.5,50,-0.44264683528422577,12.5,-50,0.23827626295945428,25,-37.5,-0.6717988445750964,25,-25,-3.37033577224616,25,-12.5,-1.343719285968137,25,0,0.19269155337971938,25,12.5,0.9671957190312218,25,25,2.4093246236039985,25,37.5,-0.5707303841509214,25,50,0.23556967114778116,25,-50,-0.3716115290791627,37.5,-37.5,-0.06764678237940347,37.5,-25,-3.208810146507426,37.5,-12.5,-1.0749474836863506,37.5,0,-0.9286291884629183,37.5,12.5,-1.1435267464960566,37.5,25,-2.2213009799065886,37.5,37.5,0.18009924667024058,37.5,50,0.9999800497941922,37.5,-50,0,50,-37.5,-0.5132649127161555,50,-25,-3.165607007513898,50,-12.5,-1.3777509400968613,50,0,0,50,12.5,-1.20188424530843,50,25,-2.051215782745311,50,37.5,-0.7372462175904304,50,50,0,50],"indices":[0,9,1,9,10,1,1,10,2,10,11,2,2,11,3,11,12,3,3,12,4,12,13,4,4,13,5,13,14,5,5,14,6,14,15,6,6,15,7,15,16,7,7,16,8,16,17,8,9,18,10,18,19,10,10,19,11,19,20,11,11,20,12,20,21,12,12,21,13,21,22,13,13,22,14,22,23,14,14,23,15,23,24,15,15,24,16,24,25,16,16,25,17,25,26,17,18,27,19,27,28,19,19,28,20,28,29,20,20,29,21,29,30,21,21,30,22,30,31,22,22,31,23,31,32,23,23,32,24,32,33,24,24,33,25,33,34,25,25,34,26,34,35,26,27,36,28,36,37,28,28,37,29,37,38,29,29,38,30,38,39,30,30,39,31,39,40,31,31,40,32,40,41,32,32,41,33,41,42,33,33,42,34,42,43,34,34,43,35,43,44,35,36,45,37,45,46,37,37,46,38,46,47,38,38,47,39,47,48,39,39,48,40,48,49,40,40,49,41,49,50,41,41,50,42,50,51,42,42,51,43,51,52,43,43,52,44,52,53,44,45,54,46,54,55,46,46,55,47,55,56,47,47,56,48,56,57,48,48,57,49,57,58,49,49,58,50,58,59,50,50,59,51,59,60,51,51,60,52,60,61,52,52,61,53,61,62,53,54,63,55,63,64,55,55,64,56,64,65,56,56,65,57,65,66,57,57,66,58,66,67,58,58,67,59,67,68,59,59,68,60,68,69,60,60,69,61,69,70,61,61,70,62,70,71,62,63,72,64,72,73,64,64,73,65,73,74,65,65,74,66,74,75,66,66,75,67,75,76,67,67,76,68,76,77,68,68,77,69,77,78,69,69,78,70,78,79,70,70,79,71,79,80,71],"center":{"x":0,"z":400},"lod":2,"index":40}