{"vertices":[-50,0,-50,-37.5,0.6904027884902743,-50,-25,1.5300454401070906,-50,-12.5,-0.9530600981735488,-50,0,0,-50,12.5,0.9925433283018681,-50,25,2.0808458390073974,-50,37.5,-0.6994756646945682,-50,50,0,-50,-50,1.0563483097052415,-37.5,-37.5,0.26470598393514116,-37.5,-25,1.9390036735326779,-37.5,-12.5,-1.6321500025232025,-37.5,0,-1.3381648185093726,-37.5,12.5,0.8754802096761911,-37.5,25,2.8571988650099467,-37.5,37.5,0.12152348380587022,-37.5,50,-1.1171003567166657,-37.5,-50,-0.17274824352322649,-25,-37.5,0.7857348035630365,-25,-25,1.4550443481700719,-25,-12.5,-1.4839663815082318,-25,0,-0.2013811386265667,-25,12.5,-0.23050186701909378,-25,25,-0.09227965672835285,-25,37.5,-0.8242794299754943,-25,50,3.544259705168251e-9,-25,-50,-1.17544685787027,-12.5,-37.5,2.4686261258220257,-12.5,-25,-3.1430961784910227,-12.5,-12.5,-1.3856643359327434,-12.5,0,0.8621629176924456,-12.5,12.5,-1.4238362737706858,-12.5,25,-2.961318529011155,-12.5,37.5,-1.6695536176471926,-12.5,50,1.1171003591598934,-12.5,-50,0,0,-37.5,-1.361507402421347,0,-25,-3.233515761460472,0,-12.5,-1.5538655431303117,0,0,0,0,12.5,-1.118872938283563,0,25,-2.692402114179293,0,37.5,-1.3693042163390314,0,50,0,0,-50,1.062641851972445,12.5,-37.5,-1.1439690088552568,12.5,-25,-2.824788943672684,12.5,-12.5,2.4630850822045773,12.5,0,-0.7324890118140948,12.5,12.5,-0.6953945005535395,12.5,25,-2.5333879607887293,12.5,37.5,-1.1843250359538269,12.5,50,-0.9999800550152081,12.5,-50,0.23200836531806615,25,-37.5,-1.332628234372613,25,-25,-3.276678784418287,25,-12.5,2.106070040294684,25,0,-0.2412677596665273,25,12.5,-0.9870318249806789,25,25,-2.472003604825505,25,37.5,0.6625839240604557,25,50,-0.23556967089079753,25,-50,-0.513780650158949,37.5,-37.5,-1.5928229648833754,37.5,-25,-3.684745648893247,37.5,-12.5,1.6448549410962674,37.5,0,0.16160057891382634,37.5,12.5,-1.3395029866585517,37.5,25,-2.2947666580345425,37.5,37.5,2.5913063683521935,37.5,50,0.44264684111657465,37.5,-50,0,50,-37.5,-0.7670705751386953,50,-25,-3.172261310271176,50,-12.5,1.9618903957259304,50,0,0,50,12.5,-0.4485135301108184,50,25,-2.632572183623925,50,37.5,2.2053184306965936,50,50,0,50],"indices":[0,9,1,9,10,1,1,10,2,10,11,2,2,11,3,11,12,3,3,12,4,12,13,4,4,13,5,13,14,5,5,14,6,14,15,6,6,15,7,15,16,7,7,16,8,16,17,8,9,18,10,18,19,10,10,19,11,19,20,11,11,20,12,20,21,12,12,21,13,21,22,13,13,22,14,22,23,14,14,23,15,23,24,15,15,24,16,24,25,16,16,25,17,25,26,17,18,27,19,27,28,19,19,28,20,28,29,20,20,29,21,29,30,21,21,30,22,30,31,22,22,31,23,31,32,23,23,32,24,32,33,24,24,33,25,33,34,25,25,34,26,34,35,26,27,36,28,36,37,28,28,37,29,37,38,29,29,38,30,38,39,30,30,39,31,39,40,31,31,40,32,40,41,32,32,41,33,41,42,33,33,42,34,42,43,34,34,43,35,43,44,35,36,45,37,45,46,37,37,46,38,46,47,38,38,47,39,47,48,39,39,48,40,48,49,40,40,49,41,49,50,41,41,50,42,50,51,42,42,51,43,51,52,43,43,52,44,52,53,44,45,54,46,54,55,46,46,55,47,55,56,47,47,56,48,56,57,48,48,57,49,57,58,49,49,58,50,58,59,50,50,59,51,59,60,51,51,60,52,60,61,52,52,61,53,61,62,53,54,63,55,63,64,55,55,64,56,64,65,56,56,65,57,65,66,57,57,66,58,66,67,58,58,67,59,67,68,59,59,68,60,68,69,60,60,69,61,69,70,61,61,70,62,70,71,62,63,72,64,72,73,64,64,73,65,73,74,65,65,74,66,74,75,66,66,75,67,75,76,67,67,76,68,76,77,68,68,77,69,77,78,69,69,78,70,78,79,70,70,79,71,79,80,71],"center":{"x":800,"z":200},"lod":2,"index":28}