{"vertices":[-50,0,-50,-37.5,0.42291481003355114,-50,-25,1.2288409074748776,-50,-12.5,2.1764110617916743,-50,0,0,-50,12.5,-0.17095563584898926,-50,25,1.409073234246859,-50,37.5,-0.7811638612735674,-50,50,0,-50,-50,-0.5847625362106403,-37.5,-37.5,1.3434104990618225,-37.5,-25,0.30574157945664643,-37.5,-12.5,1.8363274693281735,-37.5,0,0.10249843012287312,-37.5,12.5,-1.1065003874337953,-37.5,25,2.3923782883511366,-37.5,37.5,0.09833275867452064,-37.5,50,-1.3381648227988296,-37.5,-50,0.22759234714538432,-25,-37.5,2.4428164861596273,-25,-25,-3.467340396463325,-25,-12.5,2.100878919034352,-25,0,0.23329043522490495,-25,12.5,0.0016508785720081437,-25,25,1.4106402080363567,-25,37.5,-0.9469703691346283,-25,50,-0.20138113788130607,-25,-50,1.123118444793008,-12.5,-37.5,2.3332658201542404,-12.5,-25,-3.121881076551285,-12.5,-12.5,2.4109267855378267,-12.5,0,0.4500671901917743,-12.5,12.5,1.0604904784639382,-12.5,25,0.4364932726730876,-12.5,37.5,-1.9198921869528203,-12.5,50,0.8621629237547797,-12.5,-50,0,0,-37.5,2.269209290729603,0,-25,-3.484862020484041,0,-12.5,1.8468126588055223,0,0,0,0,12.5,0.2283340385908365,0,25,1.4047996675558458,0,37.5,-1.2033267158453096,0,50,0,0,-50,-0.9934411200051169,12.5,-37.5,2.573925002077005,12.5,-25,-3.872873377664474,12.5,-12.5,1.1226149823249414,12.5,0,-0.30092510613588314,12.5,12.5,-0.42860252175811253,12.5,25,2.398227732807828,12.5,37.5,-0.6378781244109217,12.5,50,-0.9999800565815132,12.5,-50,0.18314725507968843,25,-37.5,0.7046723619754471,25,-25,-3.460502691979434,25,-12.5,1.6612946043299597,25,0,0.24012814193754695,25,12.5,0.3983409389863046,25,25,1.6222779061328247,25,37.5,-1.2980071237622368,25,50,-0.23556967081370217,25,-50,1.281289012397119,37.5,-37.5,-1.0658259718657817,37.5,-25,1.0723456454972111,37.5,-12.5,0.9880464225345499,37.5,0,0.8691024952980695,37.5,12.5,1.1543217742994778,37.5,25,0.7509711015696581,37.5,37.5,-1.8778672029835977,37.5,50,0.44264684286628153,37.5,-50,0,50,-37.5,-1.3129338313636372,50,-25,1.22884090485365,50,-12.5,-0.32908147026938284,50,0,0,50,12.5,0.9313211258373888,50,25,1.3495282071769856,50,37.5,-1.7805991656817861,50,50,0,50],"indices":[0,9,1,9,10,1,1,10,2,10,11,2,2,11,3,11,12,3,3,12,4,12,13,4,4,13,5,13,14,5,5,14,6,14,15,6,6,15,7,15,16,7,7,16,8,16,17,8,9,18,10,18,19,10,10,19,11,19,20,11,11,20,12,20,21,12,12,21,13,21,22,13,13,22,14,22,23,14,14,23,15,23,24,15,15,24,16,24,25,16,16,25,17,25,26,17,18,27,19,27,28,19,19,28,20,28,29,20,20,29,21,29,30,21,21,30,22,30,31,22,22,31,23,31,32,23,23,32,24,32,33,24,24,33,25,33,34,25,25,34,26,34,35,26,27,36,28,36,37,28,28,37,29,37,38,29,29,38,30,38,39,30,30,39,31,39,40,31,31,40,32,40,41,32,32,41,33,41,42,33,33,42,34,42,43,34,34,43,35,43,44,35,36,45,37,45,46,37,37,46,38,46,47,38,38,47,39,47,48,39,39,48,40,48,49,40,40,49,41,49,50,41,41,50,42,50,51,42,42,51,43,51,52,43,43,52,44,52,53,44,45,54,46,54,55,46,46,55,47,55,56,47,47,56,48,56,57,48,48,57,49,57,58,49,49,58,50,58,59,50,50,59,51,59,60,51,51,60,52,60,61,52,52,61,53,61,62,53,54,63,55,63,64,55,55,64,56,64,65,56,56,65,57,65,66,57,57,66,58,66,67,58,58,67,59,67,68,59,59,68,60,68,69,60,60,69,61,69,70,61,61,70,62,70,71,62,63,72,64,72,73,64,64,73,65,73,74,65,65,74,66,74,75,66,66,75,67,75,76,67,67,76,68,76,77,68,68,77,69,77,78,69,69,78,70,78,79,70,70,79,71,79,80,71],"center":{"x":700,"z":0},"lod":2,"index":7}