{"vertices":[-50,0,-50,-37.5,-0.6222794508067196,-50,-25,-2.571786038512298,-50,-12.5,-0.8045275182871796,-50,0,0,-50,12.5,1.0142114965487332,-50,25,2.777191450082319,-50,37.5,0.9612575988237524,-50,50,0,-50,-50,-0.3082653345665488,-37.5,-37.5,-1.1589730371015885,-37.5,-25,-3.2497658409580104,-37.5,-12.5,-0.4486224969579617,-37.5,0,1.3839593786105142,-37.5,12.5,1.5306264204250066,-37.5,25,2.229334305772313,-37.5,37.5,0.38612764433586416,-37.5,50,-0.4500671989415334,-37.5,-50,-0.22490356122041258,-25,-37.5,-0.0440605156479332,-25,-25,-2.598994412428619,-25,-12.5,-0.936505797521021,-25,0,0.19269155330496274,-25,12.5,1.4982841094816663,-25,25,2.8301836758535996,-25,37.5,0.8558960576495854,-25,50,-0.2332904356804755,-25,-50,-0.23809307686948245,-12.5,-37.5,1.1451612210601503,-12.5,-25,-1.9235453630287664,-12.5,-12.5,-1.3370035551320345,-12.5,0,-0.9286291890015039,-12.5,12.5,1.511433725974568,-12.5,25,3.3993619115993563,-12.5,37.5,1.4082538429072549,-12.5,50,-0.10249842213483953,-12.5,-50,0,0,-37.5,0.08000650437892862,0,-25,-2.5361729850335935,0,-12.5,-1.3914438707276555,0,0,0,0,12.5,-2.5280872944542194,0,25,2.7771914518928895,0,37.5,0.26579098744760543,0,50,0,0,-50,0.3716115232651463,12.5,-37.5,-1.0940540480518115,12.5,-25,-2.6528200119524032,12.5,-12.5,2.387075658738698,12.5,0,0.8013875434649513,12.5,12.5,-2.4206692176491895,12.5,25,1.6657882710512402,12.5,37.5,-0.9907414004321201,12.5,50,0.2308379859246058,12.5,-50,-0.2382762631463473,25,-37.5,0.2340120076470812,25,-25,2.025663414297669,25,-12.5,1.1862732594800591,25,0,0.24112530743492294,25,12.5,-0.6127738018759475,25,25,-1.9354430820126836,25,37.5,-0.05178584027735646,25,50,-0.24112530747697913,25,-50,-0.9353834663967167,37.5,-37.5,1.5042049738278886,37.5,-25,2.563052191324297,37.5,-12.5,1.30151876066958,37.5,0,-0.2308379910687613,37.5,12.5,0.012656681750068554,37.5,25,-1.512262554660442,37.5,37.5,0.8752618523477963,37.5,50,-0.801387538420836,37.5,-50,0,50,-37.5,0.7725216838092537,50,-25,2.2226160683847227,50,-12.5,0.6558655594628822,50,0,0,50,12.5,-0.44337204539502395,50,25,-1.9847315506766983,50,37.5,-0.41451280967769355,50,50,0,50],"indices":[0,9,1,9,10,1,1,10,2,10,11,2,2,11,3,11,12,3,3,12,4,12,13,4,4,13,5,13,14,5,5,14,6,14,15,6,6,15,7,15,16,7,7,16,8,16,17,8,9,18,10,18,19,10,10,19,11,19,20,11,11,20,12,20,21,12,12,21,13,21,22,13,13,22,14,22,23,14,14,23,15,23,24,15,15,24,16,24,25,16,16,25,17,25,26,17,18,27,19,27,28,19,19,28,20,28,29,20,20,29,21,29,30,21,21,30,22,30,31,22,22,31,23,31,32,23,23,32,24,32,33,24,24,33,25,33,34,25,25,34,26,34,35,26,27,36,28,36,37,28,28,37,29,37,38,29,29,38,30,38,39,30,30,39,31,39,40,31,31,40,32,40,41,32,32,41,33,41,42,33,33,42,34,42,43,34,34,43,35,43,44,35,36,45,37,45,46,37,37,46,38,46,47,38,38,47,39,47,48,39,39,48,40,48,49,40,40,49,41,49,50,41,41,50,42,50,51,42,42,51,43,51,52,43,43,52,44,52,53,44,45,54,46,54,55,46,46,55,47,55,56,47,47,56,48,56,57,48,48,57,49,57,58,49,49,58,50,58,59,50,50,59,51,59,60,51,51,60,52,60,61,52,52,61,53,61,62,53,54,63,55,63,64,55,55,64,56,64,65,56,56,65,57,65,66,57,57,66,58,66,67,58,58,67,59,67,68,59,59,68,60,68,69,60,60,69,61,69,70,61,61,70,62,70,71,62,63,72,64,72,73,64,64,73,65,73,74,65,65,74,66,74,75,66,66,75,67,75,76,67,67,76,68,76,77,68,68,77,69,77,78,69,69,78,70,78,79,70,70,79,71,79,80,71],"center":{"x":900,"z":300},"lod":2,"index":39}