{"vertices":[-50,0,-50,-25,1.3001382400595343,-50,0,0,-50,25,1.3734601792846592,-50,50,0,-50,-50,-0.24055549853889815,-25,-25,1.255479470485152,-25,0,-0.23898852422492015,-25,25,1.5351559123057614,-25,50,-0.19269155397779295,-25,-50,0,0,-25,-3.411570353611737,0,0,0,0,25,1.4037312759458775,0,50,0,0,-50,-0.2092160109393736,25,-25,-3.495332258734814,25,0,-0.24055549854824304,25,25,1.3832181566490136,25,50,0.22232161438927953,25,-50,0,50,-25,-3.4115703559012243,50,0,0,50,25,1.4059392854413524,50,50,0,50],"indices":[0,5,1,5,6,1,1,6,2,6,7,2,2,7,3,7,8,3,3,8,4,8,9,4,5,10,6,10,11,6,6,11,7,11,12,7,7,12,8,12,13,8,8,13,9,13,14,9,10,15,11,15,16,11,11,16,12,16,17,12,12,17,13,17,18,13,13,18,14,18,19,14,15,20,16,20,21,16,16,21,17,21,22,17,17,22,18,22,23,18,18,23,19,23,24,19],"center":{"x":700,"z":600},"lod":3,"index":67}