{"vertices":[-50,0,-50,-37.5,0.6201182690638739,-50,-25,1.5283360135696853,-50,-12.5,-0.880201422675684,-50,0,0,-50,12.5,0.9280894727887413,-50,25,2.09288305137415,-50,37.5,-0.6278410488494821,-50,50,0,-50,-50,-0.993441117909154,-37.5,-37.5,1.421968009617847,-37.5,-25,1.1187181046790342,-37.5,-12.5,-0.45944731170524045,-37.5,0,1.3839593786105142,-37.5,12.5,1.3751988993499242,-37.5,25,1.2684267115995702,-37.5,37.5,-1.816301216953591,-37.5,50,1.05634831122728,-37.5,-50,0.18314725540676188,-25,-37.5,1.2005104352254738,-25,-25,1.5078228952122776,-25,-12.5,-1.031560298688673,-25,0,0.19269155330496274,-25,12.5,2.1142710928665815,-25,25,-0.47504520388042343,-25,37.5,-1.2187055394370696,-25,50,-0.17274824325689797,-25,-50,1.281289015819541,-12.5,-37.5,1.0542168110257766,-12.5,-25,1.8637493957287856,-12.5,-12.5,-1.5124553008206212,-12.5,0,-0.9286291890015039,-12.5,12.5,-0.7457398183558892,-12.5,25,-2.248704826414106,-12.5,37.5,-0.6777724772571437,-12.5,50,-1.1754468552317696,-12.5,-50,0,0,-37.5,2.663959193222798,0,-25,-3.2059512570565523,0,-12.5,-1.5087378904930056,0,0,0,0,12.5,-1.1766860720431407,0,25,-2.676447465627808,0,37.5,-1.3129338285117398,0,50,0,0,-50,-1.1231184525732414,12.5,-37.5,-1.3437603624831889,12.5,-25,-3.704535932961504,12.5,-12.5,-1.1655645804188037,12.5,0,0.8013875434649513,12.5,12.5,-1.276816607808756,12.5,25,-2.954352254497587,12.5,37.5,-1.7984674560266256,12.5,50,1.0626418504568185,12.5,-50,-0.22759234650992505,25,-37.5,-0.911954190603237,25,-25,-3.2794566024634504,25,-12.5,2.530122566464097,25,0,0.24112530743492294,25,12.5,-0.6745245323222422,25,25,-2.95354195860861,25,37.5,0.2517132776534079,25,50,0.23200836541618713,25,-50,0.5847625455025416,37.5,-37.5,-0.3742035778327804,37.5,-25,-2.8104463436364524,37.5,-12.5,2.60804694744285,37.5,0,-0.2308379910687613,37.5,12.5,0.007789330685272193,37.5,25,-3.011695737800471,37.5,37.5,2.209332458097398,37.5,50,-0.5137806484098938,37.5,-50,0,50,-37.5,-0.8354086185068994,50,-25,-3.2059512595679913,50,-12.5,2.03711497423629,50,0,0,50,12.5,-0.519339340124289,50,25,-2.6565041562058496,50,37.5,2.2692092937555017,50,50,0,50],"indices":[0,9,1,9,10,1,1,10,2,10,11,2,2,11,3,11,12,3,3,12,4,12,13,4,4,13,5,13,14,5,5,14,6,14,15,6,6,15,7,15,16,7,7,16,8,16,17,8,9,18,10,18,19,10,10,19,11,19,20,11,11,20,12,20,21,12,12,21,13,21,22,13,13,22,14,22,23,14,14,23,15,23,24,15,15,24,16,24,25,16,16,25,17,25,26,17,18,27,19,27,28,19,19,28,20,28,29,20,20,29,21,29,30,21,21,30,22,30,31,22,22,31,23,31,32,23,23,32,24,32,33,24,24,33,25,33,34,25,25,34,26,34,35,26,27,36,28,36,37,28,28,37,29,37,38,29,29,38,30,38,39,30,30,39,31,39,40,31,31,40,32,40,41,32,32,41,33,41,42,33,33,42,34,42,43,34,34,43,35,43,44,35,36,45,37,45,46,37,37,46,38,46,47,38,38,47,39,47,48,39,39,48,40,48,49,40,40,49,41,49,50,41,41,50,42,50,51,42,42,51,43,51,52,43,43,52,44,52,53,44,45,54,46,54,55,46,46,55,47,55,56,47,47,56,48,56,57,48,48,57,49,57,58,49,49,58,50,58,59,50,50,59,51,59,60,51,51,60,52,60,61,52,52,61,53,61,62,53,54,63,55,63,64,55,55,64,56,64,65,56,56,65,57,65,66,57,57,66,58,66,67,58,58,67,59,67,68,59,59,68,60,68,69,60,60,69,61,69,70,61,61,70,62,70,71,62,63,72,64,72,73,64,64,73,65,73,74,65,65,74,66,74,75,66,66,75,67,75,76,67,67,76,68,76,77,68,68,77,69,77,78,69,69,78,70,78,79,70,70,79,71,79,80,71],"center":{"x":800,"z":400},"lod":2,"index":48}