{"vertices":[-50,0,-50,-25,1.3040556761928634,-50,0,0,-50,25,1.3922638721656033,-50,50,0,-50,-50,0.2412677596548462,-25,-25,1.260963881196456,-25,0,0.23656683653302318,-25,25,1.3798705287647692,-25,50,0.18314725540676188,-25,-50,0,0,-25,-3.442981067961049,0,0,0,0,25,1.4033751453917,0,50,0,0,-50,0.20138113896531765,25,-25,-3.4907025619247407,25,0,0.24126775965718242,25,25,1.4453985494045418,25,50,-0.22759234650992505,25,-50,0,50,-25,1.1661619286862381,50,0,0,50,25,1.3922638725650947,50,50,0,50],"indices":[0,5,1,5,6,1,1,6,2,6,7,2,2,7,3,7,8,3,3,8,4,8,9,4,5,10,6,10,11,6,6,11,7,11,12,7,7,12,8,12,13,8,8,13,9,13,14,9,10,15,11,15,16,11,11,16,12,16,17,12,12,17,13,17,18,13,13,18,14,18,19,14,15,20,16,20,21,16,16,21,17,21,22,17,17,22,18,22,23,18,18,23,19,23,24,19],"center":{"x":700,"z":400},"lod":3,"index":47}