{"vertices":[-50,0,-50,-37.5,-1.4223175198401559,-50,-25,1.1661619286862381,-50,-12.5,-0.17111601062406867,-50,0,0,-50,12.5,0.7958853748292996,-50,25,1.3922638725650947,-50,37.5,-1.695469636176503,-50,50,0,-50,-50,-1.2365144504683532,-37.5,-37.5,-1.6593465383822465,-37.5,-25,0.8490328618393412,-37.5,-12.5,-1.3359997362124585,-37.5,0,-0.8621629154879595,-37.5,12.5,0.565827096870495,-37.5,25,1.9933484344898478,-37.5,37.5,-1.1652211242452422,-37.5,50,-0.4500671989415334,-37.5,-50,-0.21619616917105727,-25,-37.5,-0.8888892349078809,-25,-25,1.265664803401314,-25,-12.5,-0.5676334988723254,-25,0,0.20138113889756754,-25,12.5,1.6374637152588627,-25,25,-0.7909757308479748,-25,37.5,2.3999027699685236,-25,50,-0.2332904356804755,-25,-50,0.7252689808951874,-12.5,-37.5,-0.01513745478128543,-12.5,-25,1.641160606737761,-12.5,-12.5,0.19938787743171194,-12.5,0,1.338164816949571,-12.5,12.5,-1.0396447344105921,-12.5,25,-3.4690218613947845,-12.5,37.5,2.3699515846629353,-12.5,50,-0.10249842213483953,-12.5,-50,0,0,-37.5,-0.7720710019372063,0,-25,1.2944401516774608,0,-12.5,-0.8883364949783888,0,0,0,0,12.5,-1.2956087260712428,0,25,-3.3906708316017777,0,37.5,1.8813498917934521,0,50,0,0,-50,-0.5921428345640749,12.5,-37.5,-1.6320154876219617,12.5,-25,1.0649980525610783,12.5,-12.5,-1.8589169607887448,12.5,0,-1.236514450026139,12.5,12.5,-1.0135161298353033,12.5,25,-3.412546441600928,12.5,37.5,1.2406737805930408,12.5,50,0.2308379859246058,12.5,-50,-0.23898852424127365,25,-37.5,-0.2803777522278317,25,-25,1.0709076929124874,25,-12.5,-1.4728085814755119,25,0,-0.2161961692247905,25,12.5,-1.1953110415188426,25,25,-3.0895019148826988,25,37.5,1.7375535185819215,25,50,-0.24112530747697913,25,-50,0.02667648906216399,37.5,-37.5,0.9810446392418868,37.5,-25,1.0074598108702262,37.5,-12.5,-1.1649044157996675,37.5,0,0.7252689803251479,37.5,12.5,-1.4334122069529833,37.5,25,1.4274398654001728,37.5,37.5,1.0429871603118237,37.5,50,-0.801387538420836,37.5,-50,0,50,-37.5,-0.09583669171950723,50,-25,1.3001382400595343,50,-12.5,-1.5683197750476128,50,0,0,50,12.5,-0.6648382366527671,50,25,1.3734601792846592,50,37.5,-0.29914499865582356,50,50,0,50],"indices":[0,9,1,9,10,1,1,10,2,10,11,2,2,11,3,11,12,3,3,12,4,12,13,4,4,13,5,13,14,5,5,14,6,14,15,6,6,15,7,15,16,7,7,16,8,16,17,8,9,18,10,18,19,10,10,19,11,19,20,11,11,20,12,20,21,12,12,21,13,21,22,13,13,22,14,22,23,14,14,23,15,23,24,15,15,24,16,24,25,16,16,25,17,25,26,17,18,27,19,27,28,19,19,28,20,28,29,20,20,29,21,29,30,21,21,30,22,30,31,22,22,31,23,31,32,23,23,32,24,32,33,24,24,33,25,33,34,25,25,34,26,34,35,26,27,36,28,36,37,28,28,37,29,37,38,29,29,38,30,38,39,30,30,39,31,39,40,31,31,40,32,40,41,32,32,41,33,41,42,33,33,42,34,42,43,34,34,43,35,43,44,35,36,45,37,45,46,37,37,46,38,46,47,38,38,47,39,47,48,39,39,48,40,48,49,40,40,49,41,49,50,41,41,50,42,50,51,42,42,51,43,51,52,43,43,52,44,52,53,44,45,54,46,54,55,46,46,55,47,55,56,47,47,56,48,56,57,48,48,57,49,57,58,49,49,58,50,58,59,50,50,59,51,59,60,51,51,60,52,60,61,52,52,61,53,61,62,53,54,63,55,63,64,55,55,64,56,64,65,56,56,65,57,65,66,57,57,66,58,66,67,58,58,67,59,67,68,59,59,68,60,68,69,60,60,69,61,69,70,61,61,70,62,70,71,62,63,72,64,72,73,64,64,73,65,73,74,65,65,74,66,74,75,66,66,75,67,75,76,67,67,76,68,76,77,68,68,77,69,77,78,69,69,78,70,78,79,70,70,79,71,79,80,71],"center":{"x":700,"z":500},"lod":2,"index":57}