{"vertices":[-50,0,-50,-25,2.2317330104221482,-50,0,0,-50,25,-1.9918541617018422,-50,50,0,-50,-50,3.544259705168251e-9,-25,-25,2.4749238753461076,-25,0,-0.23656683643957235,-25,25,-1.775586766539388,-25,50,0.18314725540676188,-25,-50,0,0,-25,2.197544478646187,0,0,0,0,25,-1.9847315513191577,0,50,0,0,-50,-0.23556967089079753,25,-25,-0.16371409957322333,25,0,-0.22232161480979873,25,25,-1.8894310178500833,25,50,-0.22759234650992505,25,-50,0,50,-25,-2.571786038512298,50,0,0,50,25,2.777191450082319,50,50,0,50],"indices":[0,5,1,5,6,1,1,6,2,6,7,2,2,7,3,7,8,3,3,8,4,8,9,4,5,10,6,10,11,6,6,11,7,11,12,7,7,12,8,12,13,8,8,13,9,13,14,9,10,15,11,15,16,11,11,16,12,16,17,12,12,17,13,17,18,13,13,18,14,18,19,14,15,20,16,20,21,16,16,21,17,21,22,17,17,22,18,22,23,18,18,23,19,23,24,19],"center":{"x":900,"z":200},"lod":3,"index":29}