{"vertices":[-50,0,-50,-37.5,0.8727107229060806,-50,-25,1.6446785230549554,-50,-12.5,-0.014608210504169479,-50,0,0,-50,12.5,0.13287494893829246,-50,25,-2.0024971262068405,-50,37.5,2.1636565950853806,-50,50,0,-50,-50,-1.1171003542734328,-37.5,-37.5,0.5694498365612654,-37.5,-25,2.572858671933889,-37.5,-12.5,1.1931442258303377,-37.5,0,-0.5847625408565891,-37.5,12.5,1.4663000367241352,-37.5,25,3.1872605805226346,-37.5,37.5,1.0463180020990488,-37.5,50,-0.3082653374569897,-37.5,-50,1.0632772093344123e-8,-25,-37.5,0.9963602777984015,-25,-25,1.6763029146667943,-25,-12.5,-0.18900052467840794,-25,0,0.2275923468276507,-25,12.5,0.7041610236618605,-25,25,2.905108197125714,-25,37.5,0.19422405733255668,-25,50,-0.22490356132261383,-25,-50,1.1171003616031232,-12.5,-37.5,1.3346606948679387,-12.5,-25,0.9256020380813584,-12.5,-12.5,-1.4978360608827188,-12.5,0,1.123118448683124,-12.5,12.5,0.022896799999517506,-12.5,25,2.6786813267642495,-12.5,37.5,-0.7221034978279774,-12.5,50,-0.23809307400751284,-12.5,-50,0,0,-37.5,-2.635504704980902,0,-25,1.5894070629926582,0,-12.5,-0.7019633922947786,0,0,0,0,12.5,0.8298022521479137,0,25,2.7163340805022202,0,37.5,0.01025044057401743,0,50,0,0,-50,-0.9999800576257165,12.5,-37.5,-2.27793444355346,12.5,-25,1.6325922416761793,12.5,-12.5,-0.027523655180763683,12.5,0,-1.2812890089746931,12.5,12.5,1.4957794689530353,12.5,25,2.5994413833596024,12.5,37.5,0.8385408787714239,12.5,50,0.3716115203581394,12.5,-50,-0.23556967076230537,25,-37.5,-1.1220027604030955,25,-25,-2.878825763254463,25,-12.5,-0.800297754919026,25,0,-0.18314725475261984,25,12.5,1.3806942889929115,25,25,2.8808913223210175,25,37.5,-0.14236573803011618,25,50,-0.23827626323980017,25,-50,0.4426468440327528,37.5,-37.5,-1.288079108937171,37.5,-25,-3.1945145295220345,37.5,-12.5,-1.470248746752013,37.5,0,0.9934411221010782,37.5,12.5,1.3339228195058037,37.5,25,3.2164474933902802,37.5,37.5,-1.325505430904027,37.5,50,-0.935383463712018,37.5,-50,0,50,-37.5,-0.5847626408687193,50,-25,-3.1713050959870817,50,-12.5,-1.3291948355493808,50,0,0,50,12.5,-1.2555719683829074,50,25,-2.030702662947327,50,37.5,-0.6638767173516146,50,50,0,50],"indices":[0,9,1,9,10,1,1,10,2,10,11,2,2,11,3,11,12,3,3,12,4,12,13,4,4,13,5,13,14,5,5,14,6,14,15,6,6,15,7,15,16,7,7,16,8,16,17,8,9,18,10,18,19,10,10,19,11,19,20,11,11,20,12,20,21,12,12,21,13,21,22,13,13,22,14,22,23,14,14,23,15,23,24,15,15,24,16,24,25,16,16,25,17,25,26,17,18,27,19,27,28,19,19,28,20,28,29,20,20,29,21,29,30,21,21,30,22,30,31,22,22,31,23,31,32,23,23,32,24,32,33,24,24,33,25,33,34,25,25,34,26,34,35,26,27,36,28,36,37,28,28,37,29,37,38,29,29,38,30,38,39,30,30,39,31,39,40,31,31,40,32,40,41,32,32,41,33,41,42,33,33,42,34,42,43,34,34,43,35,43,44,35,36,45,37,45,46,37,37,46,38,46,47,38,38,47,39,47,48,39,39,48,40,48,49,40,40,49,41,49,50,41,41,50,42,50,51,42,42,51,43,51,52,43,43,52,44,52,53,44,45,54,46,54,55,46,46,55,47,55,56,47,47,56,48,56,57,48,48,57,49,57,58,49,49,58,50,58,59,50,50,59,51,59,60,51,51,60,52,60,61,52,52,61,53,61,62,53,54,63,55,63,64,55,55,64,56,64,65,56,56,65,57,65,66,57,57,66,58,66,67,58,58,67,59,67,68,59,59,68,60,68,69,60,60,69,61,69,70,61,61,70,62,70,71,62,63,72,64,72,73,64,64,73,65,73,74,65,65,74,66,74,75,66,66,75,67,75,76,67,67,76,68,76,77,68,68,77,69,77,78,69,69,78,70,78,79,70,70,79,71,79,80,71],"center":{"x":0,"z":600},"lod":2,"index":60}