{"vertices":[-50,0,-50,-37.5,0.5942271641409399,-50,-25,-1.9390756154486972,-50,-12.5,-1.3615074009189445,-50,0,0,-50,12.5,1.2949875427889603,-50,25,2.931711153639122,-50,37.5,1.295608723332263,-50,50,0,-50,-50,1.1754468493180106,-37.5,-37.5,1.4638313938760836,-37.5,-25,-1.9755997041988054,-37.5,-12.5,2.442016396396107,-37.5,0,-0.8691024985964234,-37.5,12.5,1.6904183001522544,-37.5,25,3.055745152597689,-37.5,37.5,1.335759698009085,-37.5,50,-0.732489015228913,-37.5,-50,0.17274823309117296,-25,-37.5,1.1380245380271623,-25,-25,2.759242471092091,-25,-12.5,1.2625321715821325,-25,0,-0.24012814186746034,-25,12.5,-0.2774680043091946,-25,25,3.167352052163675,-25,37.5,0.8117511807136267,-25,50,-0.24126775968054448,-25,-50,-1.0563483163007283,-12.5,-37.5,0.8700041601290915,-12.5,-25,3.396530672866983,-12.5,-12.5,1.4195775549957634,-12.5,0,0.3009251096009624,-12.5,12.5,-2.1338924383906464,-12.5,25,3.331361321624207,-12.5,37.5,0.2035765066938901,-12.5,50,0.1616005822952946,-12.5,-50,0,0,-37.5,1.2583932401510023,0,-25,2.8301836756865626,0,-12.5,0.6904027907842164,0,0,0,0,12.5,-2.260612725603317,0,25,2.810626771433058,0,37.5,0.6648382333540203,0,50,0,0,-50,0.935383471766117,12.5,-37.5,1.5253544161183954,12.5,-25,2.239902480168789,12.5,-12.5,-0.1761385729927671,12.5,0,-0.16896720347875288,12.5,12.5,-1.0905050490717096,12.5,25,-2.375742153030597,12.5,37.5,1.2244277424085779,12.5,50,-0.03850938751775165,12.5,-50,0.23827626295945428,25,-37.5,-0.35954422558441695,25,-25,2.789157437643019,25,-12.5,0.5538219556386196,25,0,-0.22915932098743846,25,12.5,-0.248215110269801,25,25,-1.732619608747671,25,37.5,0.13590652149190877,25,50,-0.23656683629940156,25,-50,-0.3716115290791627,37.5,-37.5,-2.150203666228975,37.5,-25,3.3045822193324197,37.5,-12.5,1.3664827818612593,37.5,0,-0.37900683716335215,37.5,12.5,0.6803788525531183,37.5,25,-1.0176570602524881,37.5,37.5,-1.0047884027241982,37.5,50,-0.5211959894036942,37.5,-50,0,50,-37.5,-0.87602683433174,50,-25,-1.885798484652362,50,-12.5,-0.0061322124266659315,50,0,0,50,12.5,-0.11742306561587389,50,25,-1.8814946457860753,50,37.5,-0.02276025814192719,50,50,0,50],"indices":[0,9,1,9,10,1,1,10,2,10,11,2,2,11,3,11,12,3,3,12,4,12,13,4,4,13,5,13,14,5,5,14,6,14,15,6,6,15,7,15,16,7,7,16,8,16,17,8,9,18,10,18,19,10,10,19,11,19,20,11,11,20,12,20,21,12,12,21,13,21,22,13,13,22,14,22,23,14,14,23,15,23,24,15,15,24,16,24,25,16,16,25,17,25,26,17,18,27,19,27,28,19,19,28,20,28,29,20,20,29,21,29,30,21,21,30,22,30,31,22,22,31,23,31,32,23,23,32,24,32,33,24,24,33,25,33,34,25,25,34,26,34,35,26,27,36,28,36,37,28,28,37,29,37,38,29,29,38,30,38,39,30,30,39,31,39,40,31,31,40,32,40,41,32,32,41,33,41,42,33,33,42,34,42,43,34,34,43,35,43,44,35,36,45,37,45,46,37,37,46,38,46,47,38,38,47,39,47,48,39,39,48,40,48,49,40,40,49,41,49,50,41,41,50,42,50,51,42,42,51,43,51,52,43,43,52,44,52,53,44,45,54,46,54,55,46,46,55,47,55,56,47,47,56,48,56,57,48,48,57,49,57,58,49,49,58,50,58,59,50,50,59,51,59,60,51,51,60,52,60,61,52,52,61,53,61,62,53,54,63,55,63,64,55,55,64,56,64,65,56,56,65,57,65,66,57,57,66,58,66,67,58,58,67,59,67,68,59,59,68,60,68,69,60,60,69,61,69,70,61,61,70,62,70,71,62,63,72,64,72,73,64,64,73,65,73,74,65,65,74,66,74,75,66,66,75,67,75,76,67,67,76,68,76,77,68,68,77,69,77,78,69,69,78,70,78,79,70,70,79,71,79,80,71],"center":{"x":100,"z":300},"lod":2,"index":31}