{"vertices":[-50,0,-50,-37.5,0.6668224978271841,-50,-25,-1.9160695823298315,-50,-12.5,2.663959194775987,-50,0,0,-50,12.5,1.3487086532035968,-50,25,2.941397904727938,-50,37.5,1.242774461537358,-50,50,0,-50,-50,-1.281289004696665,-37.5,-37.5,0.16706363819002262,-37.5,-25,3.2688038965541373,-37.5,-12.5,1.2138209009332777,-37.5,0,0.8013875445858615,-37.5,12.5,0.8203172401305125,-37.5,25,2.905556089006567,-37.5,37.5,0.8990960038309532,-37.5,50,0.6626573102907678,-37.5,-50,-0.18314725434378423,-25,-37.5,0.8209754681556929,-25,-25,2.7678608302012404,-25,-12.5,0.7202252178717135,-25,0,0.24112530742558233,-25,12.5,-2.724039447276568,-25,25,2.6792608962934987,-25,37.5,1.1298611302112123,-25,50,0.24055549864169173,-25,-50,0.9934411247210351,-12.5,-37.5,1.3904324852902952,-12.5,-25,2.2325478276790642,-12.5,-12.5,0.12594031048975768,-12.5,0,-0.23083799221190698,-12.5,12.5,-2.676863067163051,-12.5,25,2.332062736483988,-12.5,37.5,1.418529342053587,-12.5,50,-0.09346327959411606,-12.5,-50,0,0,-37.5,1.312667326710755,0,-25,2.832391685162175,0,-12.5,0.6201182713792263,0,0,0,0,12.5,-0.7790706999016159,0,25,-1.767461643793857,0,37.5,0.5938329669479467,0,50,0,0,-50,-0.8691024996958746,12.5,-37.5,0.9012386232056895,12.5,-25,3.4090859444544193,12.5,-12.5,1.2434261870286492,12.5,0,0.10249842799273687,12.5,12.5,-0.1469594549418568,12.5,25,-1.1930546451462765,12.5,37.5,-0.33295987941121385,12.5,50,-0.026676483106434556,12.5,-50,-0.24012814184409811,25,-37.5,-2.7060314113772375,25,-25,2.7821060529815993,25,-12.5,0.05558059200052308,25,0,0.23329043534639685,25,12.5,-0.6428059305257643,25,25,-1.8949563843055104,25,37.5,0.42150719698711786,25,50,0.23898852406138496,25,-50,0.3009251107559899,37.5,-37.5,-2.7027985348882644,37.5,-25,2.1261538289406037,37.5,-12.5,-1.2037913005302905,37.5,0,0.4500671925250427,37.5,12.5,-1.2256519323209627,37.5,25,-2.7364751532784175,37.5,37.5,1.0954460597323756,37.5,50,0.5921428281804113,37.5,-50,0,50,-37.5,-0.8059105031711494,50,-25,-1.9160695812376491,50,-12.5,-0.07042372252102014,50,0,0,50,12.5,-0.046844738445530665,50,25,-1.883987559666487,50,37.5,-0.09001029488615002,50,50,0,50],"indices":[0,9,1,9,10,1,1,10,2,10,11,2,2,11,3,11,12,3,3,12,4,12,13,4,4,13,5,13,14,5,5,14,6,14,15,6,6,15,7,15,16,7,7,16,8,16,17,8,9,18,10,18,19,10,10,19,11,19,20,11,11,20,12,20,21,12,12,21,13,21,22,13,13,22,14,22,23,14,14,23,15,23,24,15,15,24,16,24,25,16,16,25,17,25,26,17,18,27,19,27,28,19,19,28,20,28,29,20,20,29,21,29,30,21,21,30,22,30,31,22,22,31,23,31,32,23,23,32,24,32,33,24,24,33,25,33,34,25,25,34,26,34,35,26,27,36,28,36,37,28,28,37,29,37,38,29,29,38,30,38,39,30,30,39,31,39,40,31,31,40,32,40,41,32,32,41,33,41,42,33,33,42,34,42,43,34,34,43,35,43,44,35,36,45,37,45,46,37,37,46,38,46,47,38,38,47,39,47,48,39,39,48,40,48,49,40,40,49,41,49,50,41,41,50,42,50,51,42,42,51,43,51,52,43,43,52,44,52,53,44,45,54,46,54,55,46,46,55,47,55,56,47,47,56,48,56,57,48,48,57,49,57,58,49,49,58,50,58,59,50,50,59,51,59,60,51,51,60,52,60,61,52,52,61,53,61,62,53,54,63,55,63,64,55,55,64,56,64,65,56,56,65,57,65,66,57,57,66,58,66,67,58,58,67,59,67,68,59,59,68,60,68,69,60,60,69,61,69,70,61,61,70,62,70,71,62,63,72,64,72,73,64,64,73,65,73,74,65,65,74,66,74,75,66,66,75,67,75,76,67,67,76,68,76,77,68,68,77,69,77,78,69,69,78,70,78,79,70,70,79,71,79,80,71],"center":{"x":100,"z":100},"lod":2,"index":11}