{"vertices":[-50,0,-50,-37.5,1.1665775840491346,-50,-25,-1.0451594563759212,-50,-12.5,0.21790688825853108,-50,0,0,-50,12.5,1.5522002394636167,-50,25,-0.924828285293605,-50,37.5,0.9520407693713394,-50,50,0,-50,-50,0.8013875440254088,-37.5,-37.5,1.7795268508393989,-37.5,-25,-1.2296395843405563,-37.5,-12.5,1.327760974974711,-37.5,0,0.238093083165822,-37.5,12.5,1.1674935011944703,-37.5,25,-2.0459404193648725,-37.5,37.5,1.5113187054991553,-37.5,50,-0.8691024985964234,-37.5,-50,0.24112530743025481,-25,-37.5,1.6927065706172324,-25,-25,-1.0438773862888933,-25,-12.5,0.09417346256048625,-25,0,0.22490356099554368,-25,12.5,1.6276025847747377,-25,25,-1.0565378229501285,-25,37.5,0.40511263227026817,-25,50,-0.24012814186746034,-25,-50,-0.2308379916403355,-12.5,-37.5,1.6667450202307443,-12.5,-25,-0.7503156061536849,-12.5,-12.5,-1.071069208779035,-12.5,0,0.30826532820756813,-12.5,12.5,-1.6682518542168348,-12.5,25,-0.10514506292261776,-12.5,37.5,-0.762987108311276,-12.5,50,0.3009251096009624,-12.5,-50,0,0,-37.5,1.7431201049184861,0,-25,-1.031697722881133,0,-12.5,-0.4841370084501042,0,0,0,0,12.5,-2.0194213113986095,0,25,-0.9486890319387462,0,37.5,0.2718521581466513,0,50,0,0,-50,0.10249842746020099,12.5,-37.5,-2.3552216604497462,12.5,-25,-1.29750719699748,12.5,-12.5,-0.029052640600450364,12.5,0,-0.44264683470097943,12.5,12.5,-1.8020936305835584,12.5,25,-1.6484029060115786,12.5,37.5,1.1259141402718789,12.5,50,-0.16896720347875288,12.5,-50,0.2332904353767633,25,-37.5,-1.910451036044092,25,-25,1.3642657766756567,25,-12.5,-1.3144001913222227,25,0,0.2355696711734709,25,12.5,-1.9779801950867706,25,25,-1.1016364174060496,25,37.5,0.07420201568172398,25,50,-0.22915932098743846,25,-50,0.450067193108358,37.5,-37.5,-1.3662440938206488,37.5,-25,4.005578843133694,37.5,-12.5,-2.485572625409815,37.5,0,0.9999800492720977,37.5,12.5,-2.2219897073205606,37.5,25,3.453008996882611,37.5,37.5,-2.1875647224463513,37.5,50,-0.37900683716335215,37.5,-50,0,50,-37.5,-1.7726158011204787,50,-25,3.7042277506690895,50,-12.5,-2.54178021881832,50,0,0,50,12.5,-1.3886508221179787,50,25,3.800626948244336,50,37.5,-1.9065960946730915,50,50,0,50],"indices":[0,9,1,9,10,1,1,10,2,10,11,2,2,11,3,11,12,3,3,12,4,12,13,4,4,13,5,13,14,5,5,14,6,14,15,6,6,15,7,15,16,7,7,16,8,16,17,8,9,18,10,18,19,10,10,19,11,19,20,11,11,20,12,20,21,12,12,21,13,21,22,13,13,22,14,22,23,14,14,23,15,23,24,15,15,24,16,24,25,16,16,25,17,25,26,17,18,27,19,27,28,19,19,28,20,28,29,20,20,29,21,29,30,21,21,30,22,30,31,22,22,31,23,31,32,23,23,32,24,32,33,24,24,33,25,33,34,25,25,34,26,34,35,26,27,36,28,36,37,28,28,37,29,37,38,29,29,38,30,38,39,30,30,39,31,39,40,31,31,40,32,40,41,32,32,41,33,41,42,33,33,42,34,42,43,34,34,43,35,43,44,35,36,45,37,45,46,37,37,46,38,46,47,38,38,47,39,47,48,39,39,48,40,48,49,40,40,49,41,49,50,41,41,50,42,50,51,42,42,51,43,51,52,43,43,52,44,52,53,44,45,54,46,54,55,46,46,55,47,55,56,47,47,56,48,56,57,48,48,57,49,57,58,49,49,58,50,58,59,50,50,59,51,59,60,51,51,60,52,60,61,52,52,61,53,61,62,53,54,63,55,63,64,55,55,64,56,64,65,56,56,65,57,65,66,57,57,66,58,66,67,58,58,67,59,67,68,59,59,68,60,68,69,60,60,69,61,69,70,61,61,70,62,70,71,62,63,72,64,72,73,64,64,73,65,73,74,65,65,74,66,74,75,66,66,75,67,75,76,67,67,76,68,76,77,68,68,77,69,77,78,69,69,78,70,78,79,70,70,79,71,79,80,71],"center":{"x":300,"z":900},"lod":2,"index":93}