{"vertices":[-50,0,-50,-25,1.6441087141110429,-50,0,0,-50,25,2.604651541345026,-50,50,0,-50,-50,-0.18314725434378423,-25,-25,1.8409313767218838,-25,0,0.2161961693859922,-25,25,2.9390118252876913,-25,50,-0.22915932091267951,-25,-50,0,0,-25,1.5275828005407486,0,0,0,0,25,2.704368094546501,0,50,0,0,-50,-0.24012814184409811,25,-25,-2.9127293914164403,25,0,-0.2013811386943159,25,25,2.817927442526775,25,50,-0.23200836574325753,25,-50,0,50,-25,-3.1542108303105305,50,0,0,50,25,-2.066956753098618,50,50,0,50],"indices":[0,5,1,5,6,1,1,6,2,6,7,2,2,7,3,7,8,3,3,8,4,8,9,4,5,10,6,10,11,6,6,11,7,11,12,7,7,12,8,12,13,8,8,13,9,13,14,9,10,15,11,15,16,11,11,16,12,16,17,12,12,17,13,17,18,13,13,18,14,18,19,14,15,20,16,20,21,16,16,21,17,21,22,17,17,22,18,22,23,18,18,23,19,23,24,19],"center":{"x":0,"z":200},"lod":3,"index":20}