{"vertices":[-50,0,-50,-37.5,1.8128716180963687,-50,-25,0.479859197642331,-50,-12.5,-0.38437576785253064,-50,0,0,-50,12.5,-1.2908252328587724,-50,25,1.1680547607442613,-50,37.5,-1.0644510970526098,-50,50,0,-50,-50,-0.5847625373721214,-37.5,-37.5,2.3802960441006267,-37.5,-25,0.3499701459480652,-37.5,-12.5,-1.6899232009804568,-37.5,0,-1.3381648188993231,-37.5,12.5,-0.8037052780230582,-37.5,25,0.40684741251921397,-37.5,37.5,-2.169633814252231,-37.5,50,1.181159452231029,-37.5,-50,0.22759234706594483,-25,-37.5,2.3539280529216846,-25,-25,0.5635498761350484,-25,-12.5,-0.936046701198231,-25,0,-0.20138113855881629,-25,12.5,-1.1606369338175668,-25,25,1.2994081742918728,-25,37.5,-1.6130556766322481,-25,50,0.22232161457617722,-25,-50,1.1231184457655394,-12.5,-37.5,2.383143858274459,-12.5,-25,0.7608602832536744,-12.5,-12.5,-0.12412235302666332,-12.5,0,0.8621629182435697,-12.5,12.5,-1.5876770300060883,-12.5,25,2.225360196432287,-12.5,37.5,-1.1131115388839632,-12.5,50,-0.655342122299601,-12.5,-50,0,0,-37.5,-1.7404866960544843,0,-25,0.6009435836797808,0,-12.5,-1.1044057885363565,0,0,0,0,12.5,-0.594542721092893,0,25,1.1627128027294622,0,37.5,-1.7488581866280075,0,50,0,0,-50,-1.2812890038410591,12.5,-37.5,-1.8946829781677255,12.5,-25,0.4370830165014381,12.5,-12.5,-1.957057446685767,12.5,0,-0.7324890123832315,12.5,12.5,0.5048774106165989,12.5,25,0.10827978256404261,12.5,37.5,-2.2611314045024242,12.5,50,0.5211959958150665,12.5,-50,-0.18314725426201628,25,-37.5,-1.2536980245878373,25,-25,0.47714014607672706,25,-12.5,-1.6861960452660651,25,0,-0.24126775966885905,25,12.5,-0.1348191511287709,25,25,1.0638385002707218,25,37.5,-0.1628820538263942,25,50,0.23656683655638533,25,-50,0.9934411252450255,37.5,-37.5,-0.5138143699830932,37.5,-25,0.48471218944976024,37.5,-12.5,-1.4895919381029712,37.5,0,0.16160057947740414,37.5,12.5,-0.9767460486154274,37.5,25,1.9665946105405596,37.5,37.5,1.8568246378418027,37.5,50,0.03850938171771591,37.5,-50,0,50,-37.5,-1.133598515277707,50,-25,0.5813564033693863,50,-12.5,-1.7524625216973293,50,0,0,50,12.5,0.08577776941475884,50,25,1.1680547615210553,50,37.5,1.842685529747384,50,50,0,50],"indices":[0,9,1,9,10,1,1,10,2,10,11,2,2,11,3,11,12,3,3,12,4,12,13,4,4,13,5,13,14,5,5,14,6,14,15,6,6,15,7,15,16,7,7,16,8,16,17,8,9,18,10,18,19,10,10,19,11,19,20,11,11,20,12,20,21,12,12,21,13,21,22,13,13,22,14,22,23,14,14,23,15,23,24,15,15,24,16,24,25,16,16,25,17,25,26,17,18,27,19,27,28,19,19,28,20,28,29,20,20,29,21,29,30,21,21,30,22,30,31,22,22,31,23,31,32,23,23,32,24,32,33,24,24,33,25,33,34,25,25,34,26,34,35,26,27,36,28,36,37,28,28,37,29,37,38,29,29,38,30,38,39,30,30,39,31,39,40,31,31,40,32,40,41,32,32,41,33,41,42,33,33,42,34,42,43,34,34,43,35,43,44,35,36,45,37,45,46,37,37,46,38,46,47,38,38,47,39,47,48,39,39,48,40,48,49,40,40,49,41,49,50,41,41,50,42,50,51,42,42,51,43,51,52,43,43,52,44,52,53,44,45,54,46,54,55,46,46,55,47,55,56,47,47,56,48,56,57,48,48,57,49,57,58,49,49,58,50,58,59,50,50,59,51,59,60,51,51,60,52,60,61,52,52,61,53,61,62,53,54,63,55,63,64,55,55,64,56,64,65,56,56,65,57,65,66,57,57,66,58,66,67,58,58,67,59,67,68,59,59,68,60,68,69,60,60,69,61,69,70,61,61,70,62,70,71,62,63,72,64,72,73,64,64,73,65,73,74,65,65,74,66,74,75,66,66,75,67,75,76,67,67,76,68,76,77,68,68,77,69,77,78,69,69,78,70,78,79,70,70,79,71,79,80,71],"center":{"x":600,"z":300},"lod":2,"index":36}