{"vertices":[-50,0,-50,-37.5,-1.5172712437092581,-50,-25,-3.442981069792646,-50,-12.5,1.4026993699318164,-50,0,0,-50,12.5,0.6558655559784387,-50,25,1.4144864184390737,-50,37.5,-1.5917233824006032,-50,50,0,-50,-50,-1.3381648196792197,-37.5,-37.5,-1.6309436622182751,-37.5,-25,0.7907610011816686,-37.5,-12.5,-1.082058666435235,-37.5,0,-0.7252689769049097,-37.5,12.5,0.31829142119693987,-37.5,25,2.1679232103502604,-37.5,37.5,-1.3685666849541211,-37.5,50,-0.5921428368854109,-37.5,-50,-0.20138113842331573,-25,-37.5,-1.0133561649011924,-25,-25,1.240593212710774,-25,-12.5,-0.26246271537393817,-25,0,0.21619616954719198,-25,12.5,0.8052174415040534,-25,25,1.5436442833078305,-25,37.5,0.441270709763367,-25,50,-0.23898852430668763,-25,-50,0.8621629193458122,-12.5,-37.5,-0.28791425927499614,-12.5,-25,1.6528517043724928,-12.5,-12.5,0.4984557551308285,-12.5,0,1.236514447372857,-12.5,12.5,2.469887256308433,-12.5,25,-3.0909760175782837,-12.5,37.5,2.3378949183870814,-12.5,50,0.026676491227882255,-12.5,-50,0,0,-37.5,-0.9182353245895936,0,-25,1.3040556762956612,0,-12.5,-0.7477123672722031,0,0,0,0,12.5,-1.3914438729116143,0,25,-3.3710124252599822,0,37.5,2.008114976456543,0,50,0,0,-50,-0.7324890135215041,12.5,-37.5,-1.6685774988666062,12.5,-25,0.9522030231050409,12.5,-12.5,-1.8420300996314032,12.5,0,-1.3381648192892734,12.5,12.5,-1.2317277281511734,12.5,25,-3.279857069081957,12.5,37.5,1.5239816111605453,12.5,50,0.09346327129115042,12.5,-50,-0.24126775967353598,25,-37.5,-0.3984593730412619,25,-25,1.0729020241116753,25,-12.5,-1.3275747888298035,25,0,-0.20138113849106615,25,12.5,-1.3181002626275753,25,25,-3.129388535742766,25,37.5,1.901367309147346,25,50,-0.24055549850151864,25,-50,0.16160058060455879,37.5,-37.5,0.9192536012908996,37.5,-25,1.124567358961939,37.5,-12.5,-0.8927196999017901,37.5,0,0.8621629187946918,37.5,12.5,-1.4568149639945116,37.5,25,-2.8446777206576885,37.5,37.5,2.3466082722339046,37.5,50,-0.6626573016543515,37.5,-50,0,50,-37.5,-0.2296130967129439,50,-25,1.289881680378392,50,-12.5,-1.4420855469471388,50,0,0,50,12.5,-0.8045275216731439,50,25,1.3204679538871718,50,37.5,-0.14427620533340463,50,50,0,50],"indices":[0,9,1,9,10,1,1,10,2,10,11,2,2,11,3,11,12,3,3,12,4,12,13,4,4,13,5,13,14,5,5,14,6,14,15,6,6,15,7,15,16,7,7,16,8,16,17,8,9,18,10,18,19,10,10,19,11,19,20,11,11,20,12,20,21,12,12,21,13,21,22,13,13,22,14,22,23,14,14,23,15,23,24,15,15,24,16,24,25,16,16,25,17,25,26,17,18,27,19,27,28,19,19,28,20,28,29,20,20,29,21,29,30,21,21,30,22,30,31,22,22,31,23,31,32,23,23,32,24,32,33,24,24,33,25,33,34,25,25,34,26,34,35,26,27,36,28,36,37,28,28,37,29,37,38,29,29,38,30,38,39,30,30,39,31,39,40,31,31,40,32,40,41,32,32,41,33,41,42,33,33,42,34,42,43,34,34,43,35,43,44,35,36,45,37,45,46,37,37,46,38,46,47,38,38,47,39,47,48,39,39,48,40,48,49,40,40,49,41,49,50,41,41,50,42,50,51,42,42,51,43,51,52,43,43,52,44,52,53,44,45,54,46,54,55,46,46,55,47,55,56,47,47,56,48,56,57,48,48,57,49,57,58,49,49,58,50,58,59,50,50,59,51,59,60,51,51,60,52,60,61,52,52,61,53,61,62,53,54,63,55,63,64,55,55,64,56,64,65,56,56,65,57,65,66,57,57,66,58,66,67,58,58,67,59,67,68,59,59,68,60,68,69,60,60,69,61,69,70,61,61,70,62,70,71,62,63,72,64,72,73,64,64,73,65,73,74,65,65,74,66,74,75,66,66,75,67,75,76,67,67,76,68,76,77,68,68,77,69,77,78,69,69,78,70,78,79,70,70,79,71,79,80,71],"center":{"x":700,"z":900},"lod":2,"index":97}