{"vertices":[-50,0,-50,-25,0.501583161025473,-50,0,0,-50,25,1.1794509382711875,-50,50,0,-50,-50,-0.22232161504341996,-25,-25,0.5817125338450089,-25,0,0.20921601057492026,-25,25,1.1464020205380248,-25,50,-0.22759234666878775,-25,-50,0,0,-25,0.6012997143203986,0,0,0,0,25,1.1634962898949244,0,50,0,0,-50,0.19269155293116802,25,-25,0.7628654550713597,25,0,0.24055549859496747,25,25,1.3913735404593948,25,50,-0.23329043555899237,25,-50,0,50,-25,0.5895474060185193,50,0,0,50,25,1.1523850176909183,50,50,0,50],"indices":[0,5,1,5,6,1,1,6,2,6,7,2,2,7,3,7,8,3,3,8,4,8,9,4,5,10,6,10,11,6,6,11,7,11,12,7,7,12,8,12,13,8,8,13,9,13,14,9,10,15,11,15,16,11,11,16,12,16,17,12,12,17,13,17,18,13,13,18,14,18,19,14,15,20,16,20,21,16,16,21,17,21,22,17,17,22,18,22,23,18,18,23,19,23,24,19],"center":{"x":600,"z":100},"lod":3,"index":16}