{"vertices":[-50,0,-50,-37.5,1.6669756451910485,-50,-25,-4.0976594079993784,-50,-12.5,1.1866300765572295,-50,0,0,-50,12.5,-1.4067611666774438,-50,25,1.1324417060448835,-50,37.5,-0.9149793511548775,-50,50,0,-50,-50,-0.44264683470097943,-37.5,-37.5,2.389617213200444,-37.5,-25,0.31441830116108316,-37.5,-12.5,-1.4055688974154348,-37.5,0,-1.2812890072634806,-37.5,12.5,-1.0472791791674074,-37.5,25,0.5227886328689273,-37.5,37.5,-2.1177744090335167,-37.5,50,1.2889330410483506,-37.5,-50,0.2355696711734709,-25,-37.5,2.246718986313412,-25,-25,0.5393329988107453,-25,-12.5,-0.6308759081759481,-25,0,-0.18314725458908648,-25,12.5,-1.2886633545105681,-25,25,1.3989235090861922,-25,37.5,-1.463781471563364,-25,50,0.20921601045344101,-25,-50,0.9999800492720977,-12.5,-37.5,2.1645299709324353,-12.5,-25,0.7495976544670768,-12.5,-12.5,0.14453228819442254,-12.5,0,0.9934411231490583,-12.5,12.5,-1.6011227527688496,-12.5,25,2.2517641232186585,-12.5,37.5,-0.8671257091677962,-12.5,50,-0.7942927146745222,-12.5,-50,0,0,-37.5,2.2538919984503547,0,-25,0.5938209725495038,0,-12.5,-0.9609721245976589,0,0,0,0,12.5,-0.7357160690455284,0,25,1.1658467516611328,0,37.5,-1.6270477674713941,0,50,0,0,-50,-1.1171003537847803,12.5,-37.5,-1.8574367093103596,12.5,-25,0.4317466227019372,12.5,-12.5,-1.9476813057294409,12.5,0,-0.8691024980466976,12.5,12.5,0.25026015956111425,12.5,25,0.10475742909871848,12.5,37.5,-2.266587584749795,12.5,50,0.6626573085634908,12.5,-50,1.2050482167680341e-8,25,-37.5,-1.3564386202342094,25,-25,0.574946054403726,25,-12.5,-1.5488800362768336,25,0,-0.24012814187914153,25,12.5,-0.5728402795636532,25,25,1.148325128880934,25,37.5,-2.097670888416135,25,50,0.2405554986136571,25,-50,1.1171003620917674,37.5,-37.5,-0.7561537298573208,37.5,-25,0.6256283632534443,37.5,-12.5,-1.2268933974699514,37.5,0,0.30092510902345254,37.5,12.5,-1.2071178033493348,37.5,25,2.119704080605002,37.5,37.5,1.6611334988998352,37.5,50,-0.09346327793352294,37.5,-50,0,50,-37.5,-1.272217739362886,50,-25,0.5702451307355293,50,-12.5,-1.6387435000877741,50,0,0,50,12.5,-0.06114653011023363,50,25,1.1865735495358,50,37.5,1.9455470207326286,50,50,0,50],"indices":[0,9,1,9,10,1,1,10,2,10,11,2,2,11,3,11,12,3,3,12,4,12,13,4,4,13,5,13,14,5,5,14,6,14,15,6,6,15,7,15,16,7,7,16,8,16,17,8,9,18,10,18,19,10,10,19,11,19,20,11,11,20,12,20,21,12,12,21,13,21,22,13,13,22,14,22,23,14,14,23,15,23,24,15,15,24,16,24,25,16,16,25,17,25,26,17,18,27,19,27,28,19,19,28,20,28,29,20,20,29,21,29,30,21,21,30,22,30,31,22,22,31,23,31,32,23,23,32,24,32,33,24,24,33,25,33,34,25,25,34,26,34,35,26,27,36,28,36,37,28,28,37,29,37,38,29,29,38,30,38,39,30,30,39,31,39,40,31,31,40,32,40,41,32,32,41,33,41,42,33,33,42,34,42,43,34,34,43,35,43,44,35,36,45,37,45,46,37,37,46,38,46,47,38,38,47,39,47,48,39,39,48,40,48,49,40,40,49,41,49,50,41,41,50,42,50,51,42,42,51,43,51,52,43,43,52,44,52,53,44,45,54,46,54,55,46,46,55,47,55,56,47,47,56,48,56,57,48,48,57,49,57,58,49,49,58,50,58,59,50,50,59,51,59,60,51,51,60,52,60,61,52,52,61,53,61,62,53,54,63,55,63,64,55,55,64,56,64,65,56,56,65,57,65,66,57,57,66,58,66,67,58,58,67,59,67,68,59,59,68,60,68,69,60,60,69,61,69,70,61,61,70,62,70,71,62,63,72,64,72,73,64,64,73,65,73,74,65,65,74,66,74,75,66,66,75,67,75,76,67,67,76,68,76,77,68,68,77,69,77,78,69,69,78,70,78,79,70,70,79,71,79,80,71],"center":{"x":600,"z":700},"lod":2,"index":76}