{"vertices":[-50,0,-50,-37.5,1.5327131862557153,-50,-25,0.3477454458282197,-50,-12.5,-1.5350642928593572,-50,0,0,-50,12.5,1.4026993646472798,-50,25,-4.194058605553596,-50,37.5,0.7375305593177578,-50,50,0,-50,-50,0.09346327239821249,-37.5,-37.5,1.2284797506926075,-37.5,-25,0.4623547572292126,-37.5,-12.5,-1.1530877375119895,-37.5,0,0.10249842799273687,-37.5,12.5,0.7796506308002396,-37.5,25,-3.739793325701029,-37.5,37.5,-0.7592881723931728,-37.5,50,0.9353834723030543,-37.5,-50,-0.2405554985202084,-25,-37.5,1.6051446162322676,-25,-25,0.37018167006070074,-25,-12.5,-1.6203072410319133,-25,0,0.23329043534639685,-25,12.5,1.5875240782195217,-25,25,0.6463804965842312,-25,37.5,-1.2071905527995845,-25,50,0.23827626294077325,-25,-50,-0.6626573028058749,-12.5,-37.5,1.872045876603612,-12.5,-25,0.2722951917525944,-12.5,-12.5,-1.976402342118311,-12.5,0,0.4500671925250427,-12.5,12.5,2.304705890775725,-12.5,25,1.0380147082199158,-12.5,37.5,-0.44525232744973875,-12.5,50,-0.37161152966056404,-12.5,-50,0,0,-37.5,-1.9985060501983185,0,-25,0.34347187994903516,0,-12.5,-2.1051701712185484,0,0,0,0,12.5,2.0826075237958888,0,25,0.4669369993953107,0,37.5,-1.4282109280164472,0,50,0,0,-50,0.794292709058453,12.5,-37.5,-1.6813541841138764,12.5,-25,0.343848751535082,12.5,-12.5,1.7194128039740604,12.5,0,-0.5847625391143542,12.5,12.5,1.5222066604683033,12.5,25,-0.24528647049016772,12.5,37.5,-2.3002202518193133,12.5,50,0.238093083165822,12.5,-50,-0.2092160110608493,25,-37.5,-1.9414125648388958,25,-25,0.3669764951011235,25,-12.5,1.9264264749992712,25,0,0.22759234694679778,25,12.5,-1.9596848627520134,25,25,0.6948142509828652,25,37.5,-1.955489687593011,25,50,0.22490356099554368,25,-50,-1.2889330368772636,37.5,-37.5,-2.251852869790248,37.5,-25,0.46085483550691636,37.5,-12.5,2.1985937441060495,37.5,0,1.1231184472243325,37.5,12.5,-1.8394334947291238,37.5,25,1.7008605974825013,37.5,37.5,-1.660554469053383,37.5,50,0.30826532820756813,37.5,-50,0,50,-37.5,-1.4270730300172643,50,-25,0.35992511066194355,50,-12.5,1.4209395665148838,50,0,0,50,12.5,-1.5061884233591452,50,25,0.4556120484195979,50,37.5,-2.0276892297020153,50,50,0,50],"indices":[0,9,1,9,10,1,1,10,2,10,11,2,2,11,3,11,12,3,3,12,4,12,13,4,4,13,5,13,14,5,5,14,6,14,15,6,6,15,7,15,16,7,7,16,8,16,17,8,9,18,10,18,19,10,10,19,11,19,20,11,11,20,12,20,21,12,12,21,13,21,22,13,13,22,14,22,23,14,14,23,15,23,24,15,15,24,16,24,25,16,16,25,17,25,26,17,18,27,19,27,28,19,19,28,20,28,29,20,20,29,21,29,30,21,21,30,22,30,31,22,22,31,23,31,32,23,23,32,24,32,33,24,24,33,25,33,34,25,25,34,26,34,35,26,27,36,28,36,37,28,28,37,29,37,38,29,29,38,30,38,39,30,30,39,31,39,40,31,31,40,32,40,41,32,32,41,33,41,42,33,33,42,34,42,43,34,34,43,35,43,44,35,36,45,37,45,46,37,37,46,38,46,47,38,38,47,39,47,48,39,39,48,40,48,49,40,40,49,41,49,50,41,41,50,42,50,51,42,42,51,43,51,52,43,43,52,44,52,53,44,45,54,46,54,55,46,46,55,47,55,56,47,47,56,48,56,57,48,48,57,49,57,58,49,49,58,50,58,59,50,50,59,51,59,60,51,51,60,52,60,61,52,52,61,53,61,62,53,54,63,55,63,64,55,55,64,56,64,65,56,56,65,57,65,66,57,57,66,58,66,67,58,58,67,59,67,68,59,59,68,60,68,69,60,60,69,61,69,70,61,61,70,62,70,71,62,63,72,64,72,73,64,64,73,65,73,74,65,65,74,66,74,75,66,66,75,67,75,76,67,67,76,68,76,77,68,68,77,69,77,78,69,69,78,70,78,79,70,70,79,71,79,80,71],"center":{"x":500,"z":600},"lod":2,"index":65}