{"vertices":[-50,0,-50,-25,-1.0551311114536868,-50,0,0,-50,25,-0.9248282851744645,-50,50,0,-50,-50,0.24055549859496747,-25,-25,-1.0464415265850087,-25,0,0.23329043525528437,-25,25,-1.1631757742920605,-25,50,-0.24126775967119526,-25,-50,0,0,-25,-0.9881073444702092,0,0,0,0,25,-0.9270362949946692,0,50,0,0,-50,0.2389885241431525,25,-25,3.684569343431936,25,0,0.22759234706594483,25,25,1.2257897595209097,25,50,-0.23656683639285023,25,-50,0,50,-25,3.672888263445703,50,0,0,50,25,3.8088891773465594,50,50,0,50],"indices":[0,5,1,5,6,1,1,6,2,6,7,2,2,7,3,7,8,3,3,8,4,8,9,4,5,10,6,10,11,6,6,11,7,11,12,7,7,12,8,12,13,8,8,13,9,13,14,9,10,15,11,15,16,11,11,16,12,16,17,12,12,17,13,17,18,13,13,18,14,18,19,14,15,20,16,20,21,16,16,21,17,21,22,17,17,22,18,22,23,18,18,23,19,23,24,19],"center":{"x":300,"z":500},"lod":3,"index":53}