{"vertices":[-50,0,-50,-37.5,-1.9330009368775292,-50,-25,-0.8348394365616683,-50,-12.5,0.853799496355535,-50,0,0,-50,12.5,1.1866300700039176,-50,25,-0.18802624307370466,-50,37.5,-1.7726157950301258,-50,50,0,-50,-50,-0.5847625391143542,-37.5,-37.5,-2.184375500441203,-37.5,-25,-1.0553865950657448,-37.5,-12.5,1.8065049889447702,-37.5,0,0.6626573097150139,-37.5,12.5,0.44685077039796656,-37.5,25,-0.43811336518293803,-37.5,37.5,-2.4902385853843527,-37.5,50,-0.026676483647864707,-37.5,-50,0.22759234694679778,-25,-37.5,-1.444671173857631,-25,-25,-0.7705222612324654,-25,-12.5,0.6840926755123922,-25,0,0.240555498632347,-25,12.5,1.3823098095330166,-25,25,0.01606148769568993,-25,37.5,-2.2892359575646863,-25,50,0.23898852407773843,-25,-50,1.1231184472243325,-12.5,-37.5,-0.6178589585226559,-12.5,-25,-0.4640143718762895,-12.5,-12.5,-0.6486372912576857,-12.5,0,-0.09346327904058496,-12.5,12.5,2.2341210083409617,-12.5,25,0.5645032469915449,-12.5,37.5,-2.127460171241247,-12.5,50,0.5921428287607453,-12.5,-50,0,0,-37.5,-1.2805203954328583,0,-25,3.8922539967533742,0,-12.5,-1.2945050878161202,0,0,0,0,12.5,1.898464776121899,0,25,-0.24073356381876126,0,37.5,1.7431201079961491,0,50,0,0,-50,-1.281289006407878,12.5,-37.5,-2.0347224945379687,12.5,-25,3.6729011983601105,12.5,-12.5,-0.6462152057115877,12.5,0,-0.026676483647864707,12.5,12.5,1.6519470465364696,12.5,25,-1.1684960728483729,12.5,37.5,1.628648397506101,12.5,50,-0.7252689751947909,12.5,-50,-0.18314725450731212,25,-37.5,-0.04989702213495316,25,-25,1.604696636214359,25,-12.5,-1.4353820264865238,25,0,0.23898852407773843,25,12.5,-0.07591564018006751,25,25,-0.04234392151904819,25,37.5,1.2993152890181794,25,50,0.2161961697083911,25,-50,0.9934411236730512,37.5,-37.5,1.8464503588528034,37.5,-25,-0.4985120117083295,37.5,-12.5,-2.118942129401204,37.5,0,0.5921428287607453,37.5,12.5,-1.8880708708352838,37.5,25,1.0847166536799917,37.5,37.5,0.8566698814855584,37.5,50,1.2365144460462154,37.5,-50,0,50,-37.5,0.8836936258154938,50,-25,-0.7909641526817992,50,-12.5,-1.9922921133446656,50,0,0,50,12.5,-1.6969718923466606,50,25,-0.2313317173648559,50,37.5,1.166577589772218,50,50,0,50],"indices":[0,9,1,9,10,1,1,10,2,10,11,2,2,11,3,11,12,3,3,12,4,12,13,4,4,13,5,13,14,5,5,14,6,14,15,6,6,15,7,15,16,7,7,16,8,16,17,8,9,18,10,18,19,10,10,19,11,19,20,11,11,20,12,20,21,12,12,21,13,21,22,13,13,22,14,22,23,14,14,23,15,23,24,15,15,24,16,24,25,16,16,25,17,25,26,17,18,27,19,27,28,19,19,28,20,28,29,20,20,29,21,29,30,21,21,30,22,30,31,22,22,31,23,31,32,23,23,32,24,32,33,24,24,33,25,33,34,25,25,34,26,34,35,26,27,36,28,36,37,28,28,37,29,37,38,29,29,38,30,38,39,30,30,39,31,39,40,31,31,40,32,40,41,32,32,41,33,41,42,33,33,42,34,42,43,34,34,43,35,43,44,35,36,45,37,45,46,37,37,46,38,46,47,38,38,47,39,47,48,39,39,48,40,48,49,40,40,49,41,49,50,41,41,50,42,50,51,42,42,51,43,51,52,43,43,52,44,52,53,44,45,54,46,54,55,46,46,55,47,55,56,47,47,56,48,56,57,48,48,57,49,57,58,49,49,58,50,58,59,50,50,59,51,59,60,51,51,60,52,60,61,52,52,61,53,61,62,53,54,63,55,63,64,55,55,64,56,64,65,56,56,65,57,65,66,57,57,66,58,66,67,58,58,67,59,67,68,59,59,68,60,68,69,60,60,69,61,69,70,61,61,70,62,70,71,62,63,72,64,72,73,64,64,73,65,73,74,65,65,74,66,74,75,66,66,75,67,75,76,67,67,76,68,76,77,68,68,77,69,77,78,69,69,78,70,78,79,70,70,79,71,79,80,71],"center":{"x":400,"z":800},"lod":2,"index":84}