{"vertices":[-50,0,-50,-25,-0.8348394365616683,-50,0,0,-50,25,-0.18802624307370466,-50,50,0,-50,-50,0.22759234694679778,-25,-25,-0.7705222612324654,-25,0,0.240555498632347,-25,25,0.01606148769568993,-25,50,0.23898852407773843,-25,-50,0,0,-25,3.8922539967533742,0,0,0,0,25,-0.24073356381876126,0,50,0,0,-50,-0.18314725450731212,25,-25,1.604696636214359,25,0,0.23898852407773843,25,25,-0.04234392151904819,25,50,0.2161961697083911,25,-50,0,50,-25,-0.7909641526817992,50,0,0,50,25,-0.2313317173648559,50,50,0,50],"indices":[0,5,1,5,6,1,1,6,2,6,7,2,2,7,3,7,8,3,3,8,4,8,9,4,5,10,6,10,11,6,6,11,7,11,12,7,7,12,8,12,13,8,8,13,9,13,14,9,10,15,11,15,16,11,11,16,12,16,17,12,12,17,13,17,18,13,13,18,14,18,19,14,15,20,16,20,21,16,16,21,17,21,22,17,17,22,18,22,23,18,18,23,19,23,24,19],"center":{"x":400,"z":800},"lod":3,"index":84}