{"vertices":[-50,0,-50,-25,-1.7280433344781965,-50,0,0,-50,25,-1.187998078307048,-50,50,0,-50,-50,-0.24126775968054448,-25,-25,2.959163479010549,-25,0,-0.17274824316811999,-25,25,-1.1568722684092434,-25,50,-0.23898852420856434,-25,-50,0,0,-25,3.0574555096647393,0,0,0,0,25,-1.1752486043775359,0,50,0,0,-50,-0.23656683629940156,25,-25,3.017568889089688,25,0,0.23200836544889414,25,25,-1.3986386111979643,25,50,-0.24055549855758804,25,-50,0,50,-25,-1.6810341019259898,50,0,0,50,25,-1.0797343940328883,50,50,0,50],"indices":[0,5,1,5,6,1,1,6,2,6,7,2,2,7,3,7,8,3,3,8,4,8,9,4,5,10,6,10,11,6,6,11,7,11,12,7,7,12,8,12,13,8,8,13,9,13,14,9,10,15,11,15,16,11,11,16,12,16,17,12,12,17,13,17,18,13,13,18,14,18,19,14,15,20,16,20,21,16,16,21,17,21,22,17,17,22,18,22,23,18,18,23,19,23,24,19],"center":{"x":200,"z":300},"lod":3,"index":32}