{"vertices":[-50,0,-50,-25,-2.53617298380708,-50,0,0,-50,25,2.724199224659131,-50,50,0,-50,-50,-0.2332904355893632,-25,-25,-2.5944359412335154,-25,0,0.17274823874797085,-25,25,2.824200682337824,-25,50,-0.23898852430668763,-25,-50,0,0,-25,-2.571786039329978,0,0,0,0,25,2.812519601511139,0,50,0,0,-50,-0.24112530746296196,25,-25,-0.20547040755984167,25,0,0.23827626303421318,25,25,0.4074391607965053,25,50,-0.24055549850151864,25,-50,0,50,-25,2.197544477795808,50,0,0,50,25,-1.9662127620288408,50,50,0,50],"indices":[0,5,1,5,6,1,1,6,2,6,7,2,2,7,3,7,8,3,3,8,4,8,9,4,5,10,6,10,11,6,6,11,7,11,12,7,7,12,8,12,13,8,8,13,9,13,14,9,10,15,11,15,16,11,11,16,12,16,17,12,12,17,13,17,18,13,13,18,14,18,19,14,15,20,16,20,21,16,16,21,17,21,22,17,17,22,18,22,23,18,18,23,19,23,24,19],"center":{"x":900,"z":700},"lod":3,"index":79}