{"vertices":[-50,0,-50,-25,1.2288409074748776,-50,0,0,-50,25,1.409073234246859,-50,50,0,-50,-50,0.22759234714538432,-25,-25,-3.467340396463325,-25,0,0.23329043522490495,-25,25,1.4106402080363567,-25,50,-0.20138113788130607,-25,-50,0,0,-25,-3.484862020484041,0,0,0,0,25,1.4047996675558458,0,50,0,0,-50,0.18314725507968843,25,-25,-3.460502691979434,25,0,0.24012814193754695,25,25,1.6222779061328247,25,50,-0.23556967081370217,25,-50,0,50,-25,1.22884090485365,50,0,0,50,25,1.3495282071769856,50,50,0,50],"indices":[0,5,1,5,6,1,1,6,2,6,7,2,2,7,3,7,8,3,3,8,4,8,9,4,5,10,6,10,11,6,6,11,7,11,12,7,7,12,8,12,13,8,8,13,9,13,14,9,10,15,11,15,16,11,11,16,12,16,17,12,12,17,13,17,18,13,13,18,14,18,19,14,15,20,16,20,21,16,16,21,17,21,22,17,17,22,18,22,23,18,18,23,19,23,24,19],"center":{"x":700,"z":0},"lod":3,"index":7}