{"vertices":[-50,0,-50,-25,-3.1371165643769987,-50,0,0,-50,25,-2.0808458445877305,-50,50,0,-50,-50,0.23329043528565524,-25,-25,1.3393072638017478,-25,0,0.24055549857627656,-25,25,-2.1295645038455464,-25,50,-0.18314725434378423,-25,-50,0,0,-25,1.6412596693038226,0,0,0,0,25,-2.117883422175474,0,50,0,0,-50,0.22759234702622894,25,-25,1.6329974410099277,25,0,0.23898852417585847,25,25,-2.0341215182578924,25,50,-0.24012814184409811,25,-50,0,50,-25,1.6441087141110429,50,0,0,50,25,2.604651541345026,50,50,0,50],"indices":[0,5,1,5,6,1,1,6,2,6,7,2,2,7,3,7,8,3,3,8,4,8,9,4,5,10,6,10,11,6,6,11,7,11,12,7,7,12,8,12,13,8,8,13,9,13,14,9,10,15,11,15,16,11,11,16,12,16,17,12,12,17,13,17,18,13,13,18,14,18,19,14,15,20,16,20,21,16,16,21,17,21,22,17,17,22,18,22,23,18,18,23,19,23,24,19],"center":{"x":0,"z":100},"lod":3,"index":10}