{"vertices":[-50,0,-50,-37.5,-0.87602683433174,-50,-25,-1.885798484652362,-50,-12.5,-0.0061322124266659315,-50,0,0,-50,12.5,-0.11742306561587389,-50,25,-1.8814946457860753,-50,37.5,-0.02276025814192719,-50,50,0,-50,-50,0.23809308259342526,-37.5,-37.5,-1.1068162781205308,-37.5,-25,-2.535797601321834,-37.5,-12.5,-1.4818917663779572,-37.5,0,0.5137806437457632,-37.5,12.5,-1.0405829762561656,-37.5,25,-2.7481078238805794,-37.5,37.5,0.7822370146964576,-37.5,50,0.6553421159589983,-37.5,-50,0.22490356101599374,-25,-37.5,-0.3302913313999202,-25,-25,-2.187323533189512,-25,-12.5,-0.5432962511762182,-25,0,-0.23200836567784336,-25,12.5,0.24034186628773413,-25,25,-1.8931757276372,-25,37.5,-0.19534214918811027,-25,50,-0.22232161509014445,-25,-50,0.30826532878566454,-12.5,-37.5,0.5153149700320507,-12.5,-25,-1.8308331984600092,-12.5,-12.5,0.3337638594266413,-12.5,0,-1.0626418464151428,-12.5,12.5,1.5302224073658854,-12.5,25,-1.0347624551985903,-12.5,37.5,-1.1116285317427017,-12.5,50,-1.18115944711311,-12.5,-50,0,0,-37.5,-0.15401736820595124,0,-25,-2.0046748615821524,0,-12.5,-0.6976741540046754,0,0,0,0,12.5,0.5560017083149174,0,25,-1.8615513358384677,0,37.5,-0.7263232747851679,0,50,0,0,-50,-0.44264683528422577,12.5,-37.5,-0.9206050281959572,12.5,-25,-2.043061896603339,12.5,-12.5,-1.5957550101173044,12.5,0,1.175446850253799,12.5,12.5,-0.31766240645861776,12.5,25,-2.661408703157273,12.5,37.5,-0.44267236899178103,12.5,50,1.3839593736456193,12.5,-50,0.23556967114778116,25,-37.5,0.15900294641926427,25,-25,-2.2215120661919823,25,-12.5,-1.2716882446186164,25,0,0.1727482359195719,25,12.5,0.6836749677411535,25,25,0.2924855618391415,25,37.5,-1.5751374640160334,25,50,0.19269155285640274,25,-50,0.9999800497941922,37.5,-37.5,1.2324671481872573,37.5,-25,-2.4718104461910513,37.5,-12.5,-1.0211556842679541,37.5,0,-1.0563483152860378,37.5,12.5,1.5887616598249696,37.5,25,3.1791078257247465,37.5,37.5,-2.614828328343517,37.5,50,-0.9286291922330049,37.5,-50,0,50,-37.5,0.5211769293342935,50,-25,-1.9548165853990147,50,-12.5,-1.3139629297029494,50,0,0,50,12.5,1.2381747740693736,50,25,2.917181027115113,50,37.5,1.3452486610588377,50,50,0,50],"indices":[0,9,1,9,10,1,1,10,2,10,11,2,2,11,3,11,12,3,3,12,4,12,13,4,4,13,5,13,14,5,5,14,6,14,15,6,6,15,7,15,16,7,7,16,8,16,17,8,9,18,10,18,19,10,10,19,11,19,20,11,11,20,12,20,21,12,12,21,13,21,22,13,13,22,14,22,23,14,14,23,15,23,24,15,15,24,16,24,25,16,16,25,17,25,26,17,18,27,19,27,28,19,19,28,20,28,29,20,20,29,21,29,30,21,21,30,22,30,31,22,22,31,23,31,32,23,23,32,24,32,33,24,24,33,25,33,34,25,25,34,26,34,35,26,27,36,28,36,37,28,28,37,29,37,38,29,29,38,30,38,39,30,30,39,31,39,40,31,31,40,32,40,41,32,32,41,33,41,42,33,33,42,34,42,43,34,34,43,35,43,44,35,36,45,37,45,46,37,37,46,38,46,47,38,38,47,39,47,48,39,39,48,40,48,49,40,40,49,41,49,50,41,41,50,42,50,51,42,42,51,43,51,52,43,43,52,44,52,53,44,45,54,46,54,55,46,46,55,47,55,56,47,47,56,48,56,57,48,48,57,49,57,58,49,49,58,50,58,59,50,50,59,51,59,60,51,51,60,52,60,61,52,52,61,53,61,62,53,54,63,55,63,64,55,55,64,56,64,65,56,56,65,57,65,66,57,57,66,58,66,67,58,58,67,59,67,68,59,59,68,60,68,69,60,60,69,61,69,70,61,61,70,62,70,71,62,63,72,64,72,73,64,64,73,65,73,74,65,65,74,66,74,75,66,66,75,67,75,76,67,67,76,68,76,77,68,68,77,69,77,78,69,69,78,70,78,79,70,70,79,71,79,80,71],"center":{"x":100,"z":400},"lod":2,"index":41}