{"vertices":[-50,0,-50,-25,-2.571786038512298,-50,0,0,-50,25,2.777191450082319,-50,50,0,-50,-50,-0.22490356122041258,-25,-25,-2.598994412428619,-25,0,0.19269155330496274,-25,25,2.8301836758535996,-25,50,-0.2332904356804755,-25,-50,0,0,-25,-2.5361729850335935,0,0,0,0,25,2.7771914518928895,0,50,0,0,-50,-0.2382762631463473,25,-25,2.025663414297669,25,0,0.24112530743492294,25,25,-1.9354430820126836,25,50,-0.24112530747697913,25,-50,0,50,-25,2.2226160683847227,50,0,0,50,25,-1.9847315506766983,50,50,0,50],"indices":[0,5,1,5,6,1,1,6,2,6,7,2,2,7,3,7,8,3,3,8,4,8,9,4,5,10,6,10,11,6,6,11,7,11,12,7,7,12,8,12,13,8,8,13,9,13,14,9,10,15,11,15,16,11,11,16,12,16,17,12,12,17,13,17,18,13,13,18,14,18,19,14,15,20,16,20,21,16,16,21,17,21,22,17,17,22,18,22,23,18,18,23,19,23,24,19],"center":{"x":900,"z":300},"lod":3,"index":39}