{"vertices":[-50,0,-50,-37.5,0.8045275127492819,-50,-25,1.644749749168123,-50,-12.5,0.052531231067997994,-50,0,0,-50,12.5,0.06570712826091855,-50,25,-2.030702665144546,-50,37.5,2.2337729260772243,-50,50,0,-50,-50,1.056348308690558,-37.5,-37.5,1.4568149613260744,-37.5,-25,0.7131045613324785,-37.5,-12.5,-1.344664862655802,-37.5,0,0.513780645494812,-37.5,12.5,-1.0208328211671405,-37.5,25,1.9414236581780566,-37.5,37.5,0.2629449960990132,-37.5,50,0.3790068447258331,-37.5,-50,-0.1727482437007793,-25,-37.5,1.3181002548219933,-25,-25,1.6144074269456807,-25,-12.5,-0.42019904019541265,-25,0,-0.23200836557972018,-25,12.5,0.19505322732236108,-25,25,2.428128314599611,-25,37.5,0.6396154815356857,-25,50,0.2291593214733797,-25,-50,-1.1754468596292647,-12.5,-37.5,1.2317277154801785,-12.5,-25,2.428886808570211,-12.5,-12.5,0.551751624232897,-12.5,0,-1.0626418479307695,-12.5,12.5,1.3335827014868964,-12.5,25,2.803514367472198,-12.5,37.5,1.085571657491051,-12.5,50,0.1689671962350292,-12.5,-50,0,0,-37.5,1.3914438667853521,0,-25,1.6113447044057694,0,-12.5,-0.6305821020572426,0,0,0,0,12.5,0.761799750490683,0,25,2.716334080322336,0,37.5,0.08138174389115092,0,50,0,0,-50,1.0626418529828716,12.5,-37.5,-2.46988725759182,12.5,-25,0.4379123936368381,12.5,-12.5,-1.6821673151915877,12.5,0,1.175446851657483,12.5,12.5,0.31767350319583876,12.5,25,2.7418806151158925,12.5,37.5,-1.0066419261658701,12.5,50,-0.3009251020932914,12.5,-50,0.23200836525264357,25,-37.5,-0.805217449576166,25,-25,-3.3113605535396564,25,-12.5,-1.2146727395193582,25,0,0.17274824016217016,25,12.5,0.8462344490378982,25,25,2.4437980599120683,25,37.5,-0.27838863298166977,25,50,0.24012814201932337,25,-50,-0.5137806513249719,37.5,-37.5,-0.31829143571909574,37.5,-25,-3.0472040864385965,37.5,-12.5,-0.8215216877905446,37.5,0,-1.0563483137640026,37.5,12.5,1.2708439721713318,37.5,25,2.032777619939529,37.5,37.5,0.4416204953829084,37.5,50,0.8691024914499884,37.5,-50,0,50,-37.5,-0.655865564903739,50,-25,-3.171305095730102,50,-12.5,-1.2773116926593855,50,0,0,50,12.5,-1.3062131059180782,50,25,-2.0024971233157745,50,37.5,-0.591600649202122,50,50,0,50],"indices":[0,9,1,9,10,1,1,10,2,10,11,2,2,11,3,11,12,3,3,12,4,12,13,4,4,13,5,13,14,5,5,14,6,14,15,6,6,15,7,15,16,7,7,16,8,16,17,8,9,18,10,18,19,10,10,19,11,19,20,11,11,20,12,20,21,12,12,21,13,21,22,13,13,22,14,22,23,14,14,23,15,23,24,15,15,24,16,24,25,16,16,25,17,25,26,17,18,27,19,27,28,19,19,28,20,28,29,20,20,29,21,29,30,21,21,30,22,30,31,22,22,31,23,31,32,23,23,32,24,32,33,24,24,33,25,33,34,25,25,34,26,34,35,26,27,36,28,36,37,28,28,37,29,37,38,29,29,38,30,38,39,30,30,39,31,39,40,31,31,40,32,40,41,32,32,41,33,41,42,33,33,42,34,42,43,34,34,43,35,43,44,35,36,45,37,45,46,37,37,46,38,46,47,38,38,47,39,47,48,39,39,48,40,48,49,40,40,49,41,49,50,41,41,50,42,50,51,42,42,51,43,51,52,43,43,52,44,52,53,44,45,54,46,54,55,46,46,55,47,55,56,47,47,56,48,56,57,48,48,57,49,57,58,49,49,58,50,58,59,50,50,59,51,59,60,51,51,60,52,60,61,52,52,61,53,61,62,53,54,63,55,63,64,55,55,64,56,64,65,56,56,65,57,65,66,57,57,66,58,66,67,58,58,67,59,67,68,59,59,68,60,68,69,60,60,69,61,69,70,61,61,70,62,70,71,62,63,72,64,72,73,64,64,73,65,73,74,65,65,74,66,74,75,66,66,75,67,75,76,67,67,76,68,76,77,68,68,77,69,77,78,69,69,78,70,78,79,70,70,79,71,79,80,71],"center":{"x":0,"z":800},"lod":2,"index":80}