{"vertices":[-50,0,-50,-37.5,1.4365388662843934,-50,-25,-1.0701598205316025,-50,-12.5,-0.046844732143511834,-50,0,0,-50,12.5,1.7872872990986384,-50,25,-0.9345150359607388,-50,37.5,0.6693902497727975,-50,50,0,-50,-50,0.5211959946493636,-37.5,-37.5,1.7779059062659313,-37.5,-25,-1.3583253891936113,-37.5,-12.5,0.8168224734320508,-37.5,0,-0.026676483647864707,-37.5,12.5,1.183033695820318,-37.5,25,-2.055191766145967,-37.5,37.5,1.4838228016504675,-37.5,50,-0.5921428339837413,-37.5,-50,0.2365668365096611,-25,-37.5,1.8837903627737032,-25,-25,-1.0336208272490466,-25,-12.5,-0.17701966925878587,-25,0,0.23898852407773843,-25,12.5,-2.2885795867405787,-25,25,-1.173432334149584,-25,37.5,0.46781209724455597,-25,50,-0.23898852422492015,-25,-50,0.038509382772266024,-12.5,-37.5,-1.6111455379668058,-12.5,-25,-0.6767167777505846,-12.5,-12.5,-1.087501912286504,-12.5,0,0.5921428287607453,-12.5,12.5,-2.1786064597269164,-12.5,25,-0.3477336786814708,-12.5,37.5,-0.7718199436312255,-12.5,50,0.02667648852073384,-12.5,-50,0,0,-37.5,-2.1562163895781423,0,-25,-0.9291321264271917,0,-12.5,-0.7790706933707199,0,0,0,0,12.5,-1.8015086478949076,0,25,-0.8917081450785549,0,37.5,-0.02198976359138528,0,50,0,0,-50,-0.16160057722308974,12.5,-37.5,-2.3612359577500914,12.5,-25,3.366722728314219,12.5,-12.5,-2.0028385061946667,12.5,0,-0.7252689751947909,12.5,12.5,-1.274264185228825,12.5,25,-0.8170516725502335,12.5,37.5,0.4783865664542655,12.5,50,0.09346327405880564,12.5,-50,0.2412677596595163,25,-37.5,-1.6532438184979665,25,-25,3.7042277501779,25,-12.5,-2.2636858483237448,25,0,0.2161961697083911,25,12.5,-1.694824415589956,25,25,3.5447578363959007,25,37.5,-1.6395118765886636,25,50,-0.24055549854824304,25,-50,0.7324890101066878,37.5,-37.5,-0.8525670261878425,37.5,-25,3.9855420496292226,37.5,-12.5,1.245862224189953,37.5,0,1.2365144460462154,37.5,12.5,-2.1878176862423313,37.5,25,3.6993307775395383,37.5,37.5,-2.404968650034605,37.5,50,-0.6626573045331595,37.5,-50,0,50,-37.5,-0.04495327721160806,50,-25,-0.9291321239671558,50,-12.5,1.3487086579022758,50,0,0,50,12.5,-1.0794574478945351,50,25,3.7841024916658927,50,37.5,-2.1718351696198517,50,50,0,50],"indices":[0,9,1,9,10,1,1,10,2,10,11,2,2,11,3,11,12,3,3,12,4,12,13,4,4,13,5,13,14,5,5,14,6,14,15,6,6,15,7,15,16,7,7,16,8,16,17,8,9,18,10,18,19,10,10,19,11,19,20,11,11,20,12,20,21,12,12,21,13,21,22,13,13,22,14,22,23,14,14,23,15,23,24,15,15,24,16,24,25,16,16,25,17,25,26,17,18,27,19,27,28,19,19,28,20,28,29,20,20,29,21,29,30,21,21,30,22,30,31,22,22,31,23,31,32,23,23,32,24,32,33,24,24,33,25,33,34,25,25,34,26,34,35,26,27,36,28,36,37,28,28,37,29,37,38,29,29,38,30,38,39,30,30,39,31,39,40,31,31,40,32,40,41,32,32,41,33,41,42,33,33,42,34,42,43,34,34,43,35,43,44,35,36,45,37,45,46,37,37,46,38,46,47,38,38,47,39,47,48,39,39,48,40,48,49,40,40,49,41,49,50,41,41,50,42,50,51,42,42,51,43,51,52,43,43,52,44,52,53,44,45,54,46,54,55,46,46,55,47,55,56,47,47,56,48,56,57,48,48,57,49,57,58,49,49,58,50,58,59,50,50,59,51,59,60,51,51,60,52,60,61,52,52,61,53,61,62,53,54,63,55,63,64,55,55,64,56,64,65,56,56,65,57,65,66,57,57,66,58,66,67,58,58,67,59,67,68,59,59,68,60,68,69,60,60,69,61,69,70,61,61,70,62,70,71,62,63,72,64,72,73,64,64,73,65,73,74,65,65,74,66,74,75,66,66,75,67,75,76,67,67,76,68,76,77,68,68,77,69,77,78,69,69,78,70,78,79,70,70,79,71,79,80,71],"center":{"x":300,"z":100},"lod":2,"index":13}