{"vertices":[-50,0,-50,-25,-1.6810341019259898,-50,0,0,-50,25,-1.0797343940328883,-50,50,0,-50,-50,-0.22232161509014445,-25,-25,-1.5461069251911221,-25,0,0.22915932124909474,-25,25,3.353455187600607,-25,50,-0.20921601081788863,-25,-50,0,0,-25,-1.764796006169478,0,0,0,0,25,3.559038668651503,0,50,0,0,-50,0.19269155285640274,25,-25,-1.541833356535334,25,0,0.24012814194922796,25,25,-1.359749154334261,25,50,0.20921601057492026,25,-50,0,50,-25,-1.7419324256285538,50,0,0,50,25,-1.1894226002761112,50,50,0,50],"indices":[0,5,1,5,6,1,1,6,2,6,7,2,2,7,3,7,8,3,3,8,4,8,9,4,5,10,6,10,11,6,6,11,7,11,12,7,7,12,8,12,13,8,8,13,9,13,14,9,10,15,11,15,16,11,11,16,12,16,17,12,12,17,13,17,18,13,13,18,14,18,19,14,15,20,16,20,21,16,16,21,17,21,22,17,17,22,18,22,23,18,18,23,19,23,24,19],"center":{"x":200,"z":400},"lod":3,"index":42}