{"vertices":[-50,0,-50,-37.5,-2.4179156676084954,-50,-25,2.7241992271939313,-50,-12.5,0.1273787641946955,-50,0,0,-50,12.5,-0.26209539618057504,-50,25,-1.8735173214227332,-50,37.5,0.10666412037339312,-50,50,0,-50,-50,0.3790068447258331,-37.5,-37.5,-1.1351544646934373,-37.5,-25,-2.4691183713705414,-37.5,-12.5,-1.2838018811191108,-37.5,0,0.3716115215209421,-37.5,12.5,-1.054103516738438,-37.5,25,-2.7358480295511347,-37.5,37.5,1.002424329120816,-37.5,50,0.5137806414137045,-37.5,-50,0.2291593214733797,-25,-37.5,-0.47143741302859943,-25,-25,-2.0709276046712906,-25,-12.5,-0.36841319239993986,-25,0,-0.23827626320242057,-25,12.5,0.2762889471178529,-25,25,-1.8854833077440494,-25,37.5,-0.0647631286891186,-25,50,-0.2320083658086632,-25,-50,0.1689671962350292,-12.5,-37.5,0.26665761355151546,-12.5,-25,-1.684862382476058,-12.5,-12.5,0.6063681979412154,-12.5,0,-0.9353834647858985,-12.5,12.5,1.5329208515718524,-12.5,25,-1.0279670393098157,-12.5,37.5,-1.0783884072657148,-12.5,50,-1.0626418443943069,-12.5,-50,0,0,-37.5,-0.2974510321774716,0,-25,-1.9975522505278045,0,-12.5,-0.5567078070239361,0,0,0,0,12.5,0.41458129508160946,0,25,-1.8735173220768742,0,37.5,-0.5847626350186726,0,50,0,0,-50,-0.3009251020932914,12.5,-37.5,-0.9624008803516695,12.5,-25,-2.177141290831159,12.5,-12.5,-1.5945821919852654,12.5,0,1.0563483097052415,12.5,12.5,-0.5683331374769589,12.5,25,-2.7252755881821917,12.5,37.5,-0.19313323749068922,12.5,50,1.1754468483822285,12.5,-50,0.24012814201932337,25,-37.5,0.1923252338706652,25,-25,-2.232908243563555,25,-12.5,-1.1413145554749733,25,0,-0.17274824352322649,25,12.5,0.5514171254629917,25,25,-2.0292425258720144,25,37.5,-0.7389926739142487,25,50,0.17274823026278072,25,-50,0.8691024914499884,37.5,-37.5,1.2572302908667492,37.5,-25,-2.3621426877601492,37.5,-12.5,-0.7646069556320096,37.5,0,-1.17544685787027,37.5,12.5,1.5977331105978962,37.5,25,2.778891324718642,37.5,37.5,-2.466731546267534,37.5,50,-1.0563483173154207,37.5,-50,0,50,-37.5,0.37834089716844105,50,-25,-1.9761844182116326,50,-12.5,-1.2091883493146414,50,0,0,50,12.5,1.1162758788825178,50,25,2.8735906477615347,50,37.5,-2.6355047012248916,50,50,0,50],"indices":[0,9,1,9,10,1,1,10,2,10,11,2,2,11,3,11,12,3,3,12,4,12,13,4,4,13,5,13,14,5,5,14,6,14,15,6,6,15,7,15,16,7,7,16,8,16,17,8,9,18,10,18,19,10,10,19,11,19,20,11,11,20,12,20,21,12,12,21,13,21,22,13,13,22,14,22,23,14,14,23,15,23,24,15,15,24,16,24,25,16,16,25,17,25,26,17,18,27,19,27,28,19,19,28,20,28,29,20,20,29,21,29,30,21,21,30,22,30,31,22,22,31,23,31,32,23,23,32,24,32,33,24,24,33,25,33,34,25,25,34,26,34,35,26,27,36,28,36,37,28,28,37,29,37,38,29,29,38,30,38,39,30,30,39,31,39,40,31,31,40,32,40,41,32,32,41,33,41,42,33,33,42,34,42,43,34,34,43,35,43,44,35,36,45,37,45,46,37,37,46,38,46,47,38,38,47,39,47,48,39,39,48,40,48,49,40,40,49,41,49,50,41,41,50,42,50,51,42,42,51,43,51,52,43,43,52,44,52,53,44,45,54,46,54,55,46,46,55,47,55,56,47,47,56,48,56,57,48,48,57,49,57,58,49,49,58,50,58,59,50,50,59,51,59,60,51,51,60,52,60,61,52,52,61,53,61,62,53,54,63,55,63,64,55,55,64,56,64,65,56,56,65,57,65,66,57,57,66,58,66,67,58,58,67,59,67,68,59,59,68,60,68,69,60,60,69,61,69,70,61,61,70,62,70,71,62,63,72,64,72,73,64,64,73,65,73,74,65,65,74,66,74,75,66,66,75,67,75,76,67,67,76,68,76,77,68,68,77,69,77,78,69,69,78,70,78,79,70,70,79,71,79,80,71],"center":{"x":100,"z":800},"lod":2,"index":81}