{"vertices":[-50,0,-50,-25,0.35308740438619113,-50,0,0,-50,25,0.4556120482163472,-50,50,0,-50,-50,0.22232161448272852,-25,-25,0.3105654182665305,-25,0,-0.20138113849106615,-25,25,0.2658407653347397,-25,50,0.22759234706594483,-25,-50,0,0,-25,-4.285685654491334,0,0,0,0,25,0.4669369997457474,0,50,0,0,-50,0.2365668366031098,25,-25,0.3152663404795694,25,0,-0.24126775967119526,25,25,0.17182230219741595,25,50,-0.18314725426201628,25,-50,0,50,-25,0.35308740400070704,50,0,0,50,25,-4.194058605798902,50,50,0,50],"indices":[0,5,1,5,6,1,1,6,2,6,7,2,2,7,3,7,8,3,3,8,4,8,9,4,5,10,6,10,11,6,6,11,7,11,12,7,7,12,8,12,13,8,8,13,9,13,14,9,10,15,11,15,16,11,11,16,12,16,17,12,12,17,13,17,18,13,13,18,14,18,19,14,15,20,16,20,21,16,16,21,17,21,22,17,17,22,18,22,23,18,18,23,19,23,24,19],"center":{"x":500,"z":300},"lod":3,"index":35}