{"vertices":[-50,0,-50,-25,0.35992511066194355,-50,0,0,-50,25,0.4556120484195979,-50,50,0,-50,-50,0.20921601033195764,-25,-25,0.3327879639150688,-25,0,-0.18314725450731212,-25,25,0.2743878984083881,-25,50,0.2355696711734709,-25,-50,0,0,-25,0.2744537817769011,0,0,0,0,25,0.47776336819559106,0,50,0,0,-50,0.240555498632347,25,-25,0.29304379459975,25,0,-0.24012814186746034,25,25,0.19746370131090268,25,50,1.2050482167680341e-8,25,-50,0,50,-25,0.3411214177027447,50,0,0,50,25,-4.184086949987565,50,50,0,50],"indices":[0,5,1,5,6,1,1,6,2,6,7,2,2,7,3,7,8,3,3,8,4,8,9,4,5,10,6,10,11,6,6,11,7,11,12,7,7,12,8,12,13,8,8,13,9,13,14,9,10,15,11,15,16,11,11,16,12,16,17,12,12,17,13,17,18,13,13,18,14,18,19,14,15,20,16,20,21,16,16,21,17,21,22,17,17,22,18,22,23,18,18,23,19,23,24,19],"center":{"x":500,"z":700},"lod":3,"index":75}