{"vertices":[-50,0,-50,-37.5,-0.9679079616511546,-50,-25,-3.2549548219760567,-50,-12.5,2.1753819624709063,-50,0,0,-50,12.5,-0.6602172108911541,-50,25,-2.692402114980611,-50,37.5,2.3821570696489944,-50,50,0,-50,-50,-0.5921428368854109,-37.5,-37.5,-1.4204581009632387,-37.5,-25,-3.1755676356113822,-37.5,-12.5,1.460914902557551,-37.5,0,0.23809308030384865,-37.5,12.5,-1.1814719993516969,-37.5,25,-2.3409546763226334,-37.5,37.5,2.4305369707680957,-37.5,50,0.5211959963979228,-37.5,-50,-0.23898852430668763,-25,-37.5,-0.40077831974266837,-25,-25,1.4318958607269414,-25,-12.5,0.5821240260612198,-25,0,0.22490356109776127,-25,12.5,-0.14704010817818552,-25,25,-0.5098747732427279,-25,37.5,1.1176145445105372,-25,50,0.23656683657974756,-25,-50,0.026676491227882255,-12.5,-37.5,0.7056244867053274,-12.5,-25,1.9351371526935404,-12.5,-12.5,1.0347057922693308,-12.5,0,0.3082653310980155,-12.5,12.5,0.9416728617578739,-12.5,25,1.2351464071252323,-12.5,37.5,-0.30418119693828294,-12.5,50,0.03850938119043992,-12.5,-50,0,0,-37.5,-0.2730924014798156,0,-25,1.5291195005692757,0,-12.5,0.011488876583440498,0,0,0,0,12.5,0.03010818329618805,0,25,2.080845838263315,0,37.5,0.26960020233557414,0,50,0,0,-50,0.09346327129115042,12.5,-37.5,-1.4091564774077163,12.5,-25,1.115878496331593,12.5,-12.5,-1.0941053946316004,12.5,0,-0.44264683761716306,12.5,12.5,-0.8073790413822984,12.5,25,2.8809874593821485,12.5,37.5,0.9753072550779539,12.5,50,-0.16160057553235652,12.5,-50,-0.24055549850151864,25,-37.5,-0.12441147407270711,25,-25,1.3083648606975085,25,-12.5,-0.3540177062587697,25,0,0.23556967104498341,25,12.5,0.2030339629604464,25,25,2.113609848402536,25,37.5,-0.29223617183928957,25,50,0.24126775965250133,25,-50,-0.6626573016543515,37.5,-37.5,1.231314933425867,37.5,-25,1.423852476556784,37.5,-12.5,0.3793494969943883,37.5,0,0.9999800518825988,37.5,12.5,1.1536075220659288,37.5,25,1.3299281359274142,37.5,37.5,-1.617015997554444,37.5,50,0.7324890083992779,37.5,-50,0,50,-37.5,0.40710121775448826,50,-25,1.5249171605124,50,-12.5,-0.6645901830617045,50,0,0,50,12.5,0.7257584245550057,50,25,2.117883415436382,50,37.5,-0.4212055510702812,50,50,0,50],"indices":[0,9,1,9,10,1,1,10,2,10,11,2,2,11,3,11,12,3,3,12,4,12,13,4,4,13,5,13,14,5,5,14,6,14,15,6,6,15,7,15,16,7,7,16,8,16,17,8,9,18,10,18,19,10,10,19,11,19,20,11,11,20,12,20,21,12,12,21,13,21,22,13,13,22,14,22,23,14,14,23,15,23,24,15,15,24,16,24,25,16,16,25,17,25,26,17,18,27,19,27,28,19,19,28,20,28,29,20,20,29,21,29,30,21,21,30,22,30,31,22,22,31,23,31,32,23,23,32,24,32,33,24,24,33,25,33,34,25,25,34,26,34,35,26,27,36,28,36,37,28,28,37,29,37,38,29,29,38,30,38,39,30,30,39,31,39,40,31,31,40,32,40,41,32,32,41,33,41,42,33,33,42,34,42,43,34,34,43,35,43,44,35,36,45,37,45,46,37,37,46,38,46,47,38,38,47,39,47,48,39,39,48,40,48,49,40,40,49,41,49,50,41,41,50,42,50,51,42,42,51,43,51,52,43,43,52,44,52,53,44,45,54,46,54,55,46,46,55,47,55,56,47,47,56,48,56,57,48,48,57,49,57,58,49,49,58,50,58,59,50,50,59,51,59,60,51,51,60,52,60,61,52,52,61,53,61,62,53,54,63,55,63,64,55,55,64,56,64,65,56,56,65,57,65,66,57,57,66,58,66,67,58,58,67,59,67,68,59,59,68,60,68,69,60,60,69,61,69,70,61,61,70,62,70,71,62,63,72,64,72,73,64,64,73,65,73,74,65,65,74,66,74,75,66,66,75,67,75,76,67,67,76,68,76,77,68,68,77,69,77,78,69,69,78,70,78,79,70,70,79,71,79,80,71],"center":{"x":800,"z":900},"lod":2,"index":98}