{"vertices":[-50,0,-50,-25,1.303272189112682,-50,0,0,-50,25,1.4059392851680146,-50,50,0,-50,-50,-0.24112530745828933,-25,-25,1.2210060339843345,-25,0,-0.23329043552862166,-25,25,1.4356405727171047,-25,50,-0.17274824352322649,-25,-50,0,0,-25,-3.4674116235851535,0,0,0,0,25,1.4037312759283571,0,50,0,0,-50,-0.19269155367875362,25,-25,-3.4836511772446306,25,0,-0.24112530745361482,25,25,1.2950277703407673,25,50,0.23200836531806615,25,-50,0,50,-25,1.199851878376706,50,0,0,50,25,1.373460179810308,50,50,0,50],"indices":[0,5,1,5,6,1,1,6,2,6,7,2,2,7,3,7,8,3,3,8,4,8,9,4,5,10,6,10,11,6,6,11,7,11,12,7,7,12,8,12,13,8,8,13,9,13,14,9,10,15,11,15,16,11,11,16,12,16,17,12,12,17,13,17,18,13,13,18,14,18,19,14,15,20,16,20,21,16,16,21,17,21,22,17,17,22,18,22,23,18,18,23,19,23,24,19],"center":{"x":700,"z":200},"lod":3,"index":27}