{"vertices":[-50,0,-50,-25,1.6446785230549554,-50,0,0,-50,25,-2.0024971262068405,-50,50,0,-50,-50,1.0632772093344123e-8,-25,-25,1.6763029146667943,-25,0,0.2275923468276507,-25,25,2.905108197125714,-25,50,-0.22490356132261383,-25,-50,0,0,-25,1.5894070629926582,0,0,0,0,25,2.7163340805022202,0,50,0,0,-50,-0.23556967076230537,25,-25,-2.878825763254463,25,0,-0.18314725475261984,25,25,2.8808913223210175,25,50,-0.23827626323980017,25,-50,0,50,-25,-3.1713050959870817,50,0,0,50,25,-2.030702662947327,50,50,0,50],"indices":[0,5,1,5,6,1,1,6,2,6,7,2,2,7,3,7,8,3,3,8,4,8,9,4,5,10,6,10,11,6,6,11,7,11,12,7,7,12,8,12,13,8,8,13,9,13,14,9,10,15,11,15,16,11,11,16,12,16,17,12,12,17,13,17,18,13,13,18,14,18,19,14,15,20,16,20,21,16,16,21,17,21,22,17,17,22,18,22,23,18,18,23,19,23,24,19],"center":{"x":0,"z":600},"lod":3,"index":60}