{"vertices":[-50,0,-50,-37.5,0.7725216838092537,-50,-25,2.2226160683847227,-50,-12.5,0.6558655594628822,-50,0,0,-50,12.5,-0.44337204539502395,-50,25,-1.9847315506766983,-50,37.5,-0.41451280967769355,-50,50,0,-50,-50,1.05634831122728,-37.5,-37.5,0.16358584316946548,-37.5,-25,1.9961788210350961,-37.5,-12.5,-0.09856426038376023,-37.5,0,0.10249842692766381,-37.5,12.5,-1.002334663592119,-37.5,25,-2.302958456289805,-37.5,37.5,-1.5840268294124016,-37.5,50,0.9286291841542611,-37.5,-50,-0.17274824325689797,-25,-37.5,0.8623634459641927,-25,-25,2.0104797875374194,-25,-12.5,0.46901034569395506,-25,0,0.2332904354071383,-25,12.5,0.07197272427194966,-25,25,-2.2351874788883515,-25,37.5,-1.0012852769003446,-25,50,-0.19269155397779295,-25,-50,-1.1754468552317696,-12.5,-37.5,1.4563339999067577,-12.5,-25,1.9229151903294484,-12.5,-12.5,1.1028448108677686,-12.5,0,0.4500671936916758,-12.5,12.5,1.1933082178058971,-12.5,25,-2.241207849140604,-12.5,37.5,-0.4968341677106624,-12.5,50,-1.3839593777403112,-12.5,-50,0,0,-37.5,1.3777509374311885,0,-25,2.2112198915621586,0,-12.5,-0.04288134837272039,0,0,0,0,12.5,0.2439451590079712,0,25,-1.991854162227499,0,37.5,-1.0931689469299097,0,50,0,0,-50,1.0626418504568185,12.5,-37.5,-2.6615224622173494,12.5,-25,2.6111696681963177,12.5,-12.5,-1.263100025619711,12.5,0,-0.5847625402758467,12.5,12.5,-0.593712112558836,12.5,25,-1.6112826876685482,12.5,37.5,-1.542978198517643,12.5,50,1.1811594540920936,12.5,-50,0.23200836541618713,25,-37.5,-1.9724546092307025,25,-25,-0.18267805397558193,25,-12.5,-0.5419880952705142,25,0,0.2275923468673663,25,12.5,0.41806536595532523,25,25,-1.9657141855404623,25,37.5,0.44922639974191375,25,50,0.22232161438927953,25,-50,-0.5137806484098938,37.5,-37.5,-1.3402806595273933,37.5,-25,-3.1543467821372877,37.5,-12.5,0.0845450517144823,37.5,0,1.1231184481968617,37.5,12.5,1.335706045287373,37.5,25,1.6347438403260086,37.5,37.5,1.07960446578566,37.5,50,-0.6553421246052731,37.5,-50,0,50,-37.5,-0.6938209997092115,50,-25,-2.555760163892034,50,-12.5,-0.7351532184566095,50,0,0,50,12.5,0.9476467327663501,50,25,2.752903346755819,50,37.5,1.025148461979532,50,50,0,50],"indices":[0,9,1,9,10,1,1,10,2,10,11,2,2,11,3,11,12,3,3,12,4,12,13,4,4,13,5,13,14,5,5,14,6,14,15,6,6,15,7,15,16,7,7,16,8,16,17,8,9,18,10,18,19,10,10,19,11,19,20,11,11,20,12,20,21,12,12,21,13,21,22,13,13,22,14,22,23,14,14,23,15,23,24,15,15,24,16,24,25,16,16,25,17,25,26,17,18,27,19,27,28,19,19,28,20,28,29,20,20,29,21,29,30,21,21,30,22,30,31,22,22,31,23,31,32,23,23,32,24,32,33,24,24,33,25,33,34,25,25,34,26,34,35,26,27,36,28,36,37,28,28,37,29,37,38,29,29,38,30,38,39,30,30,39,31,39,40,31,31,40,32,40,41,32,32,41,33,41,42,33,33,42,34,42,43,34,34,43,35,43,44,35,36,45,37,45,46,37,37,46,38,46,47,38,38,47,39,47,48,39,39,48,40,48,49,40,40,49,41,49,50,41,41,50,42,50,51,42,42,51,43,51,52,43,43,52,44,52,53,44,45,54,46,54,55,46,46,55,47,55,56,47,47,56,48,56,57,48,48,57,49,57,58,49,49,58,50,58,59,50,50,59,51,59,60,51,51,60,52,60,61,52,52,61,53,61,62,53,54,63,55,63,64,55,55,64,56,64,65,56,56,65,57,65,66,57,57,66,58,66,67,58,58,67,59,67,68,59,59,68,60,68,69,60,60,69,61,69,70,61,61,70,62,70,71,62,63,72,64,72,73,64,64,73,65,73,74,65,65,74,66,74,75,66,66,75,67,75,76,67,67,76,68,76,77,68,68,77,69,77,78,69,69,78,70,78,79,70,70,79,71,79,80,71],"center":{"x":900,"z":400},"lod":2,"index":49}