{"vertices":[-50,0,-50,-37.5,-1.2851718404619192,-50,-25,0.35308740438619113,-50,-12.5,1.2832051042988215,-50,0,0,-50,12.5,-1.3762615669020821,-50,25,0.4556120482163472,-50,37.5,1.963681274412468,-50,50,0,-50,-50,1.181159453161562,-37.5,-37.5,-0.2368669070919694,-37.5,-25,0.2337053876316694,-37.5,-12.5,0.277284603895283,-37.5,0,-1.3381648192892734,-37.5,12.5,-0.7547481940203838,-37.5,25,-0.7604226698176599,-37.5,37.5,1.8081166513658995,-37.5,50,-0.5847625373721214,-37.5,-50,0.22232161448272852,-25,-37.5,-1.0632956396550877,-25,-25,0.3105654182665305,-25,-12.5,1.079319616776002,-25,0,-0.20138113849106615,-25,12.5,-1.2528469892952276,-25,25,0.2658407653347397,-25,37.5,1.4738563058694332,-25,50,0.22759234706594483,-25,-50,-0.6553421234524358,-12.5,-37.5,-1.9443253478873452,-12.5,-25,0.3773399989763637,-12.5,-12.5,1.9388306834331317,-12.5,0,0.8621629187946918,-12.5,12.5,-1.830758226234356,-12.5,25,1.2016389877318054,-12.5,37.5,1.033306873401065,-12.5,50,1.1231184457655394,-12.5,-50,0,0,-37.5,0.8687518160743157,0,-25,-4.285685654491334,0,-12.5,0.5649212367857953,0,0,0,0,12.5,-0.6784495019293336,0,25,0.4669369997457474,0,37.5,1.3900584691179811,0,50,0,0,-50,0.5211959969807752,12.5,-37.5,2.078887028409648,12.5,-25,0.1772300388671137,12.5,-12.5,-2.1290642220714537,12.5,0,-0.7324890129523678,12.5,12.5,0.665276332739212,12.5,25,-0.14454149679234748,12.5,37.5,1.8703751787878098,12.5,50,-1.2812890038410591,12.5,-50,0.2365668366031098,25,-37.5,1.470709634375655,25,-25,0.3152663404795694,25,-12.5,-1.453903978260812,25,0,-0.24126775967119526,25,12.5,-0.17901041361777228,25,25,0.17182230219741595,25,37.5,0.8182067586591553,25,50,-0.18314725426201628,25,-50,0.038509380663163915,37.5,-37.5,0.9371702077376296,37.5,-25,0.4449984013195008,37.5,-12.5,-0.8510088538843251,37.5,0,0.1616005800409827,37.5,12.5,0.31542441704398394,37.5,25,-3.6806911730597554,37.5,37.5,-0.3132110196352136,37.5,50,0.9934411252450255,37.5,-50,0,50,-37.5,1.5997424499420456,50,-25,0.35308740400070704,50,-12.5,-1.6053488123112394,50,0,0,50,12.5,1.4823752970032364,50,25,-4.194058605798902,50,37.5,0.6654531451522101,50,50,0,50],"indices":[0,9,1,9,10,1,1,10,2,10,11,2,2,11,3,11,12,3,3,12,4,12,13,4,4,13,5,13,14,5,5,14,6,14,15,6,6,15,7,15,16,7,7,16,8,16,17,8,9,18,10,18,19,10,10,19,11,19,20,11,11,20,12,20,21,12,12,21,13,21,22,13,13,22,14,22,23,14,14,23,15,23,24,15,15,24,16,24,25,16,16,25,17,25,26,17,18,27,19,27,28,19,19,28,20,28,29,20,20,29,21,29,30,21,21,30,22,30,31,22,22,31,23,31,32,23,23,32,24,32,33,24,24,33,25,33,34,25,25,34,26,34,35,26,27,36,28,36,37,28,28,37,29,37,38,29,29,38,30,38,39,30,30,39,31,39,40,31,31,40,32,40,41,32,32,41,33,41,42,33,33,42,34,42,43,34,34,43,35,43,44,35,36,45,37,45,46,37,37,46,38,46,47,38,38,47,39,47,48,39,39,48,40,48,49,40,40,49,41,49,50,41,41,50,42,50,51,42,42,51,43,51,52,43,43,52,44,52,53,44,45,54,46,54,55,46,46,55,47,55,56,47,47,56,48,56,57,48,48,57,49,57,58,49,49,58,50,58,59,50,50,59,51,59,60,51,51,60,52,60,61,52,52,61,53,61,62,53,54,63,55,63,64,55,55,64,56,64,65,56,56,65,57,65,66,57,57,66,58,66,67,58,58,67,59,67,68,59,59,68,60,68,69,60,60,69,61,69,70,61,61,70,62,70,71,62,63,72,64,72,73,64,64,73,65,73,74,65,65,74,66,74,75,66,66,75,67,75,76,67,67,76,68,76,77,68,68,77,69,77,78,69,69,78,70,78,79,70,70,79,71,79,80,71],"center":{"x":500,"z":300},"lod":2,"index":35}