{"vertices":[-50,0,-50,-37.5,0.478217079404184,-50,-25,1.5257718737723482,-50,-12.5,-0.7357160608279638,-50,0,0,-50,12.5,0.7944466166235098,-50,25,2.1114018395886474,-50,37.5,-0.4884555877455471,-50,50,0,-50,-50,-0.8621629127323505,-37.5,-37.5,1.4216156306877206,-37.5,-25,1.2191012691035457,-37.5,-12.5,-0.18927628235068705,-37.5,0,1.1754468511895872,-37.5,12.5,1.3618905650683624,-37.5,25,1.3066154969612098,-37.5,37.5,-1.765266586701789,-37.5,50,0.9286291857700052,-37.5,-50,0.20138113923631878,-25,-37.5,1.0688146113829102,-25,-25,1.5485642292119663,-25,-12.5,-0.8993586581226498,-25,0,0.17274823874797085,-25,12.5,1.3021866075312238,-25,25,1.9321844882088646,-25,37.5,-1.0491861402465243,-25,50,-0.19269155375351632,-25,-50,1.3381648149998226,-12.5,-37.5,0.7951192796394198,-12.5,-25,1.9240656676375378,-12.5,-12.5,-1.5078936663654,-12.5,0,-1.0563483142713475,-12.5,12.5,2.5576404422658117,-12.5,25,-1.5889128052254442,-12.5,37.5,-0.4044617636753174,-12.5,50,-1.3839593788225255,-12.5,-50,0,0,-37.5,1.1465899473168277,0,-25,1.4068954995724225,0,-12.5,-1.4067611604041859,0,0,0,0,12.5,-1.284026461579031,0,25,-2.6325721821357595,0,37.5,-1.1911234094811443,0,50,0,0,-50,-1.236514452237205,12.5,-37.5,2.3413089040357686,12.5,-25,-3.6589133837822585,12.5,-12.5,-1.3941606733628804,12.5,0,0.9353834696183582,12.5,12.5,-1.2854426557382905,12.5,25,-3.0639087216933687,12.5,37.5,-1.831248520374911,12.5,50,1.181159452696296,12.5,-50,-0.21619616895612936,25,-37.5,-1.0276953657430272,25,-25,-3.2677755200200913,25,-12.5,0.5774773945255405,25,0,0.23827626303421318,25,12.5,-0.803916636550037,25,25,-2.948698582888401,25,37.5,-1.703320750595116,25,50,0.2223216145294527,25,-50,0.7252689831753462,37.5,-37.5,-0.6404045308386628,37.5,-25,-2.832922632063297,37.5,-12.5,2.6136392295348627,37.5,0,-0.3716115267535519,37.5,12.5,-0.23850173119599377,37.5,25,-2.8921286629296183,37.5,37.5,2.014466094028355,37.5,50,-0.6553421228760172,37.5,-50,0,50,-37.5,-0.9679079616511546,50,-25,-3.2549548219760567,50,-12.5,2.1753819624709063,50,0,0,50,12.5,-0.6602172108911541,50,25,-2.692402114980611,50,37.5,2.3821570696489944,50,50,0,50],"indices":[0,9,1,9,10,1,1,10,2,10,11,2,2,11,3,11,12,3,3,12,4,12,13,4,4,13,5,13,14,5,5,14,6,14,15,6,6,15,7,15,16,7,7,16,8,16,17,8,9,18,10,18,19,10,10,19,11,19,20,11,11,20,12,20,21,12,12,21,13,21,22,13,13,22,14,22,23,14,14,23,15,23,24,15,15,24,16,24,25,16,16,25,17,25,26,17,18,27,19,27,28,19,19,28,20,28,29,20,20,29,21,29,30,21,21,30,22,30,31,22,22,31,23,31,32,23,23,32,24,32,33,24,24,33,25,33,34,25,25,34,26,34,35,26,27,36,28,36,37,28,28,37,29,37,38,29,29,38,30,38,39,30,30,39,31,39,40,31,31,40,32,40,41,32,32,41,33,41,42,33,33,42,34,42,43,34,34,43,35,43,44,35,36,45,37,45,46,37,37,46,38,46,47,38,38,47,39,47,48,39,39,48,40,48,49,40,40,49,41,49,50,41,41,50,42,50,51,42,42,51,43,51,52,43,43,52,44,52,53,44,45,54,46,54,55,46,46,55,47,55,56,47,47,56,48,56,57,48,48,57,49,57,58,49,49,58,50,58,59,50,50,59,51,59,60,51,51,60,52,60,61,52,52,61,53,61,62,53,54,63,55,63,64,55,55,64,56,64,65,56,56,65,57,65,66,57,57,66,58,66,67,58,58,67,59,67,68,59,59,68,60,68,69,60,60,69,61,69,70,61,61,70,62,70,71,62,63,72,64,72,73,64,64,73,65,73,74,65,65,74,66,74,75,66,66,75,67,75,76,67,67,76,68,76,77,68,68,77,69,77,78,69,69,78,70,78,79,70,70,79,71,79,80,71],"center":{"x":800,"z":800},"lod":2,"index":88}