{"vertices":[-50,0,-50,-37.5,-0.7116710481835649,-50,-25,0.5984506702817975,-50,-12.5,2.0567897803933306,-50,0,0,-50,12.5,1.9618903843415858,-50,25,-3.5294086091981374,-50,37.5,1.4636673425242033,-50,50,0,-50,-50,-0.4500672030247501,-37.5,-37.5,-1.7718729308710706,-37.5,-25,0.7566103666967874,-37.5,-12.5,2.2467033229623183,-37.5,0,0.37161151977673534,-37.5,12.5,2.598692882601884,-37.5,25,-3.8329013824528873,-37.5,37.5,1.9559612936659756,-37.5,50,-0.5847625362106403,-37.5,-50,-0.23329043589306286,-25,-37.5,-0.5598713356374597,-25,-25,0.5525098309016095,-25,-12.5,1.5824581745543012,-25,0,-0.23827626325848117,-25,12.5,2.4804244718143615,-25,25,-3.839552019174808,-25,37.5,0.8843983785310184,-25,50,0.22759234714538432,-25,-50,-0.10249841840709824,-12.5,-37.5,0.7330583251827552,-12.5,-25,0.33294961245608246,-12.5,-12.5,0.8271730878834924,-12.5,0,-0.9353834631750703,-12.5,12.5,2.3949404241587184,-12.5,25,-3.88086304708817,-12.5,37.5,-0.26822811774715966,-12.5,50,1.123118444793008,-12.5,-50,0,0,-37.5,-0.29914500294839225,0,-25,0.5386207391517287,0,-12.5,1.7093926400497583,0,0,0,0,12.5,2.3485709527105634,0,25,-3.5960762500790997,0,37.5,1.0210664899672328,0,50,0,0,-50,-0.038509386990475666,12.5,-37.5,-1.0057106149602626,12.5,-25,0.20308606641802565,12.5,-12.5,2.19569069265035,12.5,0,0.7942927113048798,12.5,12.5,2.1701221670298114,12.5,25,-2.9098380470025282,12.5,37.5,1.7434382855480737,12.5,50,-0.9934411200051169,12.5,-50,-0.23656683632276376,25,-37.5,1.2820444075715831,25,-25,-4.08918350000279,25,-12.5,1.1687823566828495,25,0,-0.20921601081788863,25,12.5,-1.3216178509747925,25,25,0.8470137591152112,25,37.5,-0.6351506069519135,25,50,0.18314725507968843,25,-50,-0.5211959899865466,37.5,-37.5,2.210668477059551,37.5,-25,-4.255567656641062,37.5,-12.5,0.06792954851800084,37.5,0,-1.2889330385456996,37.5,12.5,-1.0682393308018667,37.5,25,0.4269894044519005,37.5,37.5,-1.9605397663878652,37.5,50,1.281289012397119,37.5,-50,0,50,-37.5,1.8813498879555115,50,-25,0.501583161025473,50,-12.5,-0.46215447042299285,50,0,0,50,12.5,-1.2282485749582115,50,25,1.1794509382711875,50,37.5,-1.1387399983763906,50,50,0,50],"indices":[0,9,1,9,10,1,1,10,2,10,11,2,2,11,3,11,12,3,3,12,4,12,13,4,4,13,5,13,14,5,5,14,6,14,15,6,6,15,7,15,16,7,7,16,8,16,17,8,9,18,10,18,19,10,10,19,11,19,20,11,11,20,12,20,21,12,12,21,13,21,22,13,13,22,14,22,23,14,14,23,15,23,24,15,15,24,16,24,25,16,16,25,17,25,26,17,18,27,19,27,28,19,19,28,20,28,29,20,20,29,21,29,30,21,21,30,22,30,31,22,22,31,23,31,32,23,23,32,24,32,33,24,24,33,25,33,34,25,25,34,26,34,35,26,27,36,28,36,37,28,28,37,29,37,38,29,29,38,30,38,39,30,30,39,31,39,40,31,31,40,32,40,41,32,32,41,33,41,42,33,33,42,34,42,43,34,34,43,35,43,44,35,36,45,37,45,46,37,37,46,38,46,47,38,38,47,39,47,48,39,39,48,40,48,49,40,40,49,41,49,50,41,41,50,42,50,51,42,42,51,43,51,52,43,43,52,44,52,53,44,45,54,46,54,55,46,46,55,47,55,56,47,47,56,48,56,57,48,48,57,49,57,58,49,49,58,50,58,59,50,50,59,51,59,60,51,51,60,52,60,61,52,52,61,53,61,62,53,54,63,55,63,64,55,55,64,56,64,65,56,56,65,57,65,66,57,57,66,58,66,67,58,58,67,59,67,68,59,59,68,60,68,69,60,60,69,61,69,70,61,61,70,62,70,71,62,63,72,64,72,73,64,64,73,65,73,74,65,65,74,66,74,75,66,66,75,67,75,76,67,67,76,68,76,77,68,68,77,69,77,78,69,69,78,70,78,79,70,70,79,71,79,80,71],"center":{"x":600,"z":0},"lod":2,"index":6}