{"vertices":[-50,0,-50,-25,-1.0477235951429913,-50,0,0,-50,25,-0.8917081433497513,-50,50,0,-50,-50,0.17274823167698003,-25,-25,-1.036826002603432,-25,0,0.2320083650891083,-25,25,-0.7319230528402216,-25,50,1.346818617742329e-8,-25,-50,0,0,-25,-1.0631084362469008,0,0,0,0,25,-0.9566663558827486,0,50,0,0,-50,0.22232161466962364,25,-25,-0.8388637162287349,25,0,0.240555498632347,25,25,-0.913147203339109,25,50,-0.2161961692247905,25,-50,0,50,-25,-1.0701598205316025,50,0,0,50,25,-0.9345150359607388,50,50,0,50],"indices":[0,5,1,5,6,1,1,6,2,6,7,2,2,7,3,7,8,3,3,8,4,8,9,4,5,10,6,10,11,6,6,11,7,11,12,7,7,12,8,12,13,8,8,13,9,13,14,9,10,15,11,15,16,11,11,16,12,16,17,12,12,17,13,17,18,13,13,18,14,18,19,14,15,20,16,20,21,16,16,21,17,21,22,17,17,22,18,22,23,18,18,23,19,23,24,19],"center":{"x":300,"z":0},"lod":3,"index":3}