{"vertices":[-50,0,-50,-25,1.22884090485365,-50,0,0,-50,25,1.3495282071769856,-50,50,0,-50,-50,-0.22759234666878775,-25,-25,1.2719327012377746,-25,0,0.18314725499792242,-25,25,-3.1122942691959765,-25,50,-0.22490356128173,-25,-50,0,0,-25,1.2864628273584944,0,0,0,0,25,-3.384118029702778,0,50,0,0,-50,-0.23329043555899237,25,-25,1.076890685986716,25,0,-0.2275923467085017,25,25,-0.7597074697205244,25,50,-0.23827626320242057,25,-50,0,50,-25,1.303272189112682,50,0,0,50,25,1.4059392851680146,50,50,0,50],"indices":[0,5,1,5,6,1,1,6,2,6,7,2,2,7,3,7,8,3,3,8,4,8,9,4,5,10,6,10,11,6,6,11,7,11,12,7,7,12,8,12,13,8,8,13,9,13,14,9,10,15,11,15,16,11,11,16,12,16,17,12,12,17,13,17,18,13,13,18,14,18,19,14,15,20,16,20,21,16,16,21,17,21,22,17,17,22,18,22,23,18,18,23,19,23,24,19],"center":{"x":700,"z":100},"lod":3,"index":17}