{"vertices":[-50,0,-50,-37.5,1.0251484552725194,-50,-25,1.4698593804144604,-50,-12.5,-1.2908252238368845,-50,0,0,-50,12.5,2.690798994897787,-50,25,-2.5727422490128884,-50,37.5,-1.0588894923180565,-50,50,0,-50,-50,-1.3381648227988296,-37.5,-37.5,1.5277182892541243,-37.5,-25,0.48065297125767636,-37.5,-12.5,-1.1810571876281357,-37.5,0,1.0626418529828716,-37.5,12.5,-1.2871551976755025,-37.5,25,-3.1519415501649735,-37.5,37.5,-1.8508397997673978,-37.5,50,1.2889330431338886,-37.5,-50,-0.20138113788130607,-25,-37.5,0.9007698618759362,-25,-25,-3.231592655201692,-25,-12.5,-1.370692424329143,-25,0,0.23200836525264357,-25,12.5,-0.928310673113164,-25,25,-2.924481704843368,-25,37.5,-1.6054345118935114,-25,50,0.20921601014972524,-25,-50,0.8621629237547797,-12.5,-37.5,-0.8970901248330464,-12.5,-25,-2.8305632662930225,-12.5,-12.5,2.1803498399450874,-12.5,0,-0.5137806513249719,-12.5,12.5,-0.48273739513743963,-12.5,25,-2.7540427972318744,-12.5,37.5,-1.4229949250745082,-12.5,50,-0.7942927174825569,-12.5,-50,0,0,-37.5,-1.3139629313180938,0,-25,-3.2549548204691936,0,-12.5,-1.594752181773812,0,0,0,0,12.5,-1.0586317175852962,0,25,-2.704368100601084,0,37.5,-1.4223175173185925,0,50,0,0,-50,-0.9999800565815132,12.5,-37.5,-1.3732013730540291,12.5,-25,-3.7259905729340064,12.5,-12.5,2.3005678237946485,12.5,0,0.6626573068362049,12.5,12.5,-1.2616917860260601,12.5,25,-2.825275381655728,12.5,37.5,-1.3314483373439474,12.5,50,0.9353834690814179,12.5,-50,-0.23556967081370217,25,-37.5,-0.7893886638308528,25,-25,-3.266635903326059,25,-12.5,2.425069759742221,25,0,0.24055549858562025,25,12.5,-0.5421375927760523,25,25,-2.9390118325600243,25,37.5,2.1974942419417958,25,50,0.2382762630529028,25,-50,0.44264684286628153,37.5,-37.5,-0.10249373037444859,37.5,-25,-2.763134401254863,37.5,-12.5,2.585035995114277,37.5,0,-0.09346327627292977,37.5,12.5,0.25254405791484075,37.5,25,-3.1107407899155444,37.5,37.5,1.9578556297003114,37.5,50,-0.3716115261721545,37.5,-50,0,50,-37.5,-0.6976741562954982,50,-25,1.4068954965353409,50,-12.5,0.47326067658568405,50,0,0,50,12.5,-0.37776367606638694,50,25,-2.6046515489123063,50,37.5,2.1368167899519874,50,50,0,50],"indices":[0,9,1,9,10,1,1,10,2,10,11,2,2,11,3,11,12,3,3,12,4,12,13,4,4,13,5,13,14,5,5,14,6,14,15,6,6,15,7,15,16,7,7,16,8,16,17,8,9,18,10,18,19,10,10,19,11,19,20,11,11,20,12,20,21,12,12,21,13,21,22,13,13,22,14,22,23,14,14,23,15,23,24,15,15,24,16,24,25,16,16,25,17,25,26,17,18,27,19,27,28,19,19,28,20,28,29,20,20,29,21,29,30,21,21,30,22,30,31,22,22,31,23,31,32,23,23,32,24,32,33,24,24,33,25,33,34,25,25,34,26,34,35,26,27,36,28,36,37,28,28,37,29,37,38,29,29,38,30,38,39,30,30,39,31,39,40,31,31,40,32,40,41,32,32,41,33,41,42,33,33,42,34,42,43,34,34,43,35,43,44,35,36,45,37,45,46,37,37,46,38,46,47,38,38,47,39,47,48,39,39,48,40,48,49,40,40,49,41,49,50,41,41,50,42,50,51,42,42,51,43,51,52,43,43,52,44,52,53,44,45,54,46,54,55,46,46,55,47,55,56,47,47,56,48,56,57,48,48,57,49,57,58,49,49,58,50,58,59,50,50,59,51,59,60,51,51,60,52,60,61,52,52,61,53,61,62,53,54,63,55,63,64,55,55,64,56,64,65,56,56,65,57,65,66,57,57,66,58,66,67,58,58,67,59,67,68,59,59,68,60,68,69,60,60,69,61,69,70,61,61,70,62,70,71,62,63,72,64,72,73,64,64,73,65,73,74,65,65,74,66,74,75,66,66,75,67,75,76,67,67,76,68,76,77,68,68,77,69,77,78,69,69,78,70,78,79,70,70,79,71,79,80,71],"center":{"x":800,"z":0},"lod":2,"index":8}