{"vertices":[-50,0,-50,-25,-1.7077438934893112,-50,0,0,-50,25,-1.1822999897649313,-50,50,0,-50,-50,0.24055549864169173,-25,-25,2.994420403044196,-25,0,2.126556014614422e-9,-25,25,-1.1634962971438914,-25,50,0.2365668365096611,-25,-50,0,0,-25,3.0600908757796703,0,0,0,0,25,-1.1822999890582346,0,50,0,0,-50,0.23898852406138496,25,-25,2.9887223150475934,25,0,-0.23556967091649558,25,25,-0.9410322305317725,25,50,0.2412677596595163,25,-50,0,50,-25,-1.7077438929111,50,0,0,50,25,-1.046970383978352,50,50,0,50],"indices":[0,5,1,5,6,1,1,6,2,6,7,2,2,7,3,7,8,3,3,8,4,8,9,4,5,10,6,10,11,6,6,11,7,11,12,7,7,12,8,12,13,8,8,13,9,13,14,9,10,15,11,15,16,11,11,16,12,16,17,12,12,17,13,17,18,13,13,18,14,18,19,14,15,20,16,20,21,16,16,21,17,21,22,17,17,22,18,22,23,18,18,23,19,23,24,19],"center":{"x":200,"z":100},"lod":3,"index":12}