{"vertices":[-50,0,-50,-25,2.930957941291193,-50,0,0,-50,25,-1.1324417144228285,-50,50,0,-50,-50,-0.2320083658086632,-25,-25,-1.7056071098549883,-25,0,0.23656683655638533,-25,25,3.320691176743596,-25,50,-0.22232161485652294,-25,-50,0,0,-25,-1.761946961809648,0,0,0,0,25,3.596076244508118,0,50,0,0,-50,0.17274823026278072,25,-25,-1.5404088343373155,25,0,0.2412677596548462,25,25,-1.3081814506476872,25,50,0.19269155323020384,25,-50,0,50,-25,-1.7533998289941493,50,0,0,50,25,-1.1794509444951449,50,50,0,50],"indices":[0,5,1,5,6,1,1,6,2,6,7,2,2,7,3,7,8,3,3,8,4,8,9,4,5,10,6,10,11,6,6,11,7,11,12,7,7,12,8,12,13,8,8,13,9,13,14,9,10,15,11,15,16,11,11,16,12,16,17,12,12,17,13,17,18,13,13,18,14,18,19,14,15,20,16,20,21,16,16,21,17,21,22,17,17,22,18,22,23,18,18,23,19,23,24,19],"center":{"x":200,"z":800},"lod":3,"index":82}