{"vertices":[-50,0,-50,-25,-1.6479139611023514,-50,0,0,-50,25,-1.1082248375143735,-50,50,0,-50,-50,0.22759234710566842,-25,-25,-1.8679438737990313,-25,0,-0.23329043555899237,-25,25,3.814765325921603,-25,50,0.21619616949345902,-25,-50,0,0,-25,-1.7636563884241465,0,0,0,0,25,3.581261214262659,0,50,0,0,-50,-0.18314725418025501,25,-25,-1.98576432489764,25,0,-0.24112530745828933,25,25,-0.8756466602223216,25,50,-0.20138113855881629,25,-50,0,50,-25,-1.749411166940382,50,0,0,50,25,-1.1865735556721546,50,50,0,50],"indices":[0,5,1,5,6,1,1,6,2,6,7,2,2,7,3,7,8,3,3,8,4,8,9,4,5,10,6,10,11,6,6,11,7,11,12,7,7,12,8,12,13,8,8,13,9,13,14,9,10,15,11,15,16,11,11,16,12,16,17,12,12,17,13,17,18,13,13,18,14,18,19,14,15,20,16,20,21,16,16,21,17,21,22,17,17,22,18,22,23,18,18,23,19,23,24,19],"center":{"x":200,"z":600},"lod":3,"index":62}