{"vertices":[-50,0,-50,-37.5,-0.0257908911109365,-50,-25,1.3040556761928634,-50,-12.5,-1.6273223293218408,-50,0,0,-50,12.5,-0.5938329702381874,-50,25,1.3922638721656033,-50,37.5,-0.3724777730609751,-50,50,0,-50,-50,-0.16160057609593265,-37.5,-37.5,1.141509434127744,-37.5,-25,0.9375332507595296,-37.5,-12.5,-1.6556469592767133,-37.5,0,0.521195995232218,-37.5,12.5,-1.2048947760888424,-37.5,25,2.188192558605278,-37.5,37.5,0.7556679139845944,-37.5,50,-0.993441117909154,-37.5,-50,0.2412677596548462,-25,-37.5,0.5787377440235102,-25,-25,1.260963881196456,-25,-12.5,0.35846455905534363,-25,0,0.23656683653302318,-25,12.5,-0.05736561146439392,-25,25,1.3798705287647692,-25,37.5,-0.5640492128891852,-25,50,0.18314725540676188,-25,-50,0.7324890089684166,-12.5,-37.5,0.10471275430762728,-12.5,-25,1.5545393648266086,-12.5,-12.5,2.4437493820369616,-12.5,0,0.03850938224499187,-12.5,12.5,0.9831679840434056,-12.5,25,0.40937615839412134,-12.5,37.5,-1.8366553413048403,-12.5,50,1.281289015819541,-12.5,-50,0,0,-37.5,2.136816786472387,0,-25,-3.442981067961049,0,-12.5,1.9720736485145332,0,0,0,0,12.5,0.09001029162203761,0,25,1.4033751453917,0,37.5,-1.0632835259614628,0,50,0,0,-50,-0.8621629149368379,12.5,-37.5,2.6039466764655828,12.5,-25,-3.8631788361433173,12.5,-12.5,1.3744070611292223,12.5,0,-0.1616005766595112,12.5,12.5,-0.6670236896992114,12.5,25,2.4011079385901586,12.5,37.5,-0.38969675788375113,12.5,50,-1.1231184525732414,12.5,-50,0.20138113896531765,25,-37.5,2.65831970713179,25,-25,-3.4907025619247407,25,-12.5,1.8209205223651124,25,0,0.24126775965718242,25,12.5,0.2623081129900039,25,25,1.4453985494045418,25,37.5,-1.2074094740318801,25,50,-0.22759234650992505,25,-50,1.3381648165596205,37.5,-37.5,-0.876847312478449,37.5,-25,-3.0677336539849036,37.5,-12.5,2.3182230255636203,37.5,0,0.7324890095375529,37.5,12.5,1.1268670452039022,37.5,25,0.64113418076887,37.5,37.5,-1.9078840388088572,37.5,50,0.5847625455025416,37.5,-50,0,50,-37.5,-1.4223175198401559,50,-25,1.1661619286862381,50,-12.5,-0.17111601062406867,50,0,0,50,12.5,0.7958853748292996,50,25,1.3922638725650947,50,37.5,-1.695469636176503,50,50,0,50],"indices":[0,9,1,9,10,1,1,10,2,10,11,2,2,11,3,11,12,3,3,12,4,12,13,4,4,13,5,13,14,5,5,14,6,14,15,6,6,15,7,15,16,7,7,16,8,16,17,8,9,18,10,18,19,10,10,19,11,19,20,11,11,20,12,20,21,12,12,21,13,21,22,13,13,22,14,22,23,14,14,23,15,23,24,15,15,24,16,24,25,16,16,25,17,25,26,17,18,27,19,27,28,19,19,28,20,28,29,20,20,29,21,29,30,21,21,30,22,30,31,22,22,31,23,31,32,23,23,32,24,32,33,24,24,33,25,33,34,25,25,34,26,34,35,26,27,36,28,36,37,28,28,37,29,37,38,29,29,38,30,38,39,30,30,39,31,39,40,31,31,40,32,40,41,32,32,41,33,41,42,33,33,42,34,42,43,34,34,43,35,43,44,35,36,45,37,45,46,37,37,46,38,46,47,38,38,47,39,47,48,39,39,48,40,48,49,40,40,49,41,49,50,41,41,50,42,50,51,42,42,51,43,51,52,43,43,52,44,52,53,44,45,54,46,54,55,46,46,55,47,55,56,47,47,56,48,56,57,48,48,57,49,57,58,49,49,58,50,58,59,50,50,59,51,59,60,51,51,60,52,60,61,52,52,61,53,61,62,53,54,63,55,63,64,55,55,64,56,64,65,56,56,65,57,65,66,57,57,66,58,66,67,58,58,67,59,67,68,59,59,68,60,68,69,60,60,69,61,69,70,61,61,70,62,70,71,62,63,72,64,72,73,64,64,73,65,73,74,65,65,74,66,74,75,66,66,75,67,75,76,67,67,76,68,76,77,68,68,77,69,77,78,69,69,78,70,78,79,70,70,79,71,79,80,71],"center":{"x":700,"z":400},"lod":2,"index":47}