{"vertices":[-50,0,-50,-25,0.5984506702817975,-50,0,0,-50,25,-3.5294086091981374,-50,50,0,-50,-50,-0.23329043589306286,-25,-25,0.5525098309016095,-25,0,-0.23827626325848117,-25,25,-3.839552019174808,-25,50,0.22759234714538432,-25,-50,0,0,-25,0.5386207391517287,0,0,0,0,25,-3.5960762500790997,0,50,0,0,-50,-0.23656683632276376,25,-25,-4.08918350000279,25,0,-0.20921601081788863,25,25,0.8470137591152112,25,50,0.18314725507968843,25,-50,0,50,-25,0.501583161025473,50,0,0,50,25,1.1794509382711875,50,50,0,50],"indices":[0,5,1,5,6,1,1,6,2,6,7,2,2,7,3,7,8,3,3,8,4,8,9,4,5,10,6,10,11,6,6,11,7,11,12,7,7,12,8,12,13,8,8,13,9,13,14,9,10,15,11,15,16,11,11,16,12,16,17,12,12,17,13,17,18,13,13,18,14,18,19,14,15,20,16,20,21,16,16,21,17,21,22,17,17,22,18,22,23,18,18,23,19,23,24,19],"center":{"x":600,"z":0},"lod":3,"index":6}