{"vertices":[-50,0,-50,-37.5,-0.26076715812741363,-50,-25,-1.6479139611023514,-50,-12.5,0.7725216872563713,-50,0,0,-50,12.5,1.7056631582736421,-50,25,-1.1082248375143735,-50,37.5,-0.7346631739961086,-50,50,0,-50,-50,-0.5847625367913849,-37.5,-37.5,-0.847459154762725,-37.5,-25,-2.2231014808328893,-37.5,-12.5,-0.2729008749009356,-37.5,0,-0.4500671966082648,-37.5,12.5,-2.2192136578932637,-37.5,25,-0.11823349100588743,-37.5,37.5,-1.4285044370527533,-37.5,50,-0.7252689774749497,-37.5,-50,0.22759234710566842,-25,-37.5,0.2838189894558764,-25,-25,-1.8679438737990313,-25,-12.5,0.5950820996970849,-25,0,-0.23329043555899237,-25,12.5,-1.8959230653271795,-25,25,3.814765325921603,-25,37.5,-2.6579935010472577,-25,50,0.21619616949345902,-25,-50,1.1231184452792722,-12.5,-37.5,1.4560791364118164,-12.5,-25,-1.5317973737464254,-12.5,-12.5,1.5365083406479554,-12.5,0,-0.10249842426498804,-12.5,12.5,-1.4540028168456864,-12.5,25,3.712331564417903,-12.5,37.5,0.997596860708667,-12.5,50,1.2365144478150716,-12.5,-50,0,0,-37.5,0.4676914707812244,0,-25,-1.7636563884241465,0,-12.5,0.08000650754958394,0,0,0,0,12.5,-1.802552273446591,0,25,3.581261214262659,0,37.5,1.3637320685945729,0,50,0,0,-50,-1.2812890029854507,12.5,-37.5,-0.4112154430029279,12.5,-25,-1.8681505030414502,12.5,-12.5,-1.2788976607827196,12.5,0,0.2308379882108971,12.5,12.5,-2.122047122914177,12.5,25,2.811158235516165,12.5,37.5,1.3926744311740094,12.5,50,-1.3381648188993231,12.5,-50,-0.18314725418025501,25,-37.5,0.5943980302077446,25,-25,-1.98576432489764,25,-12.5,-0.48046377125989914,25,0,-0.24112530745828933,25,12.5,0.22501177329178293,25,25,-0.8756466602223216,25,37.5,0.8851093673609274,25,50,-0.20138113855881629,25,-50,0.9934411257690161,37.5,-37.5,1.5254668703841678,37.5,-25,-2.1804926376599862,37.5,-12.5,0.2330533080187982,37.5,0,-0.8013875406626624,37.5,12.5,1.3749891953314486,37.5,25,-0.3777754407479808,37.5,37.5,0.29116163403637935,37.5,50,0.8621629182435697,37.5,-50,0,50,-37.5,1.1655536165351976,50,-25,-1.749411166940382,50,-12.5,-0.6222794472722146,50,0,0,50,12.5,0.3746189182917597,50,25,-1.1865735556721546,50,37.5,0.7387125313745302,50,50,0,50],"indices":[0,9,1,9,10,1,1,10,2,10,11,2,2,11,3,11,12,3,3,12,4,12,13,4,4,13,5,13,14,5,5,14,6,14,15,6,6,15,7,15,16,7,7,16,8,16,17,8,9,18,10,18,19,10,10,19,11,19,20,11,11,20,12,20,21,12,12,21,13,21,22,13,13,22,14,22,23,14,14,23,15,23,24,15,15,24,16,24,25,16,16,25,17,25,26,17,18,27,19,27,28,19,19,28,20,28,29,20,20,29,21,29,30,21,21,30,22,30,31,22,22,31,23,31,32,23,23,32,24,32,33,24,24,33,25,33,34,25,25,34,26,34,35,26,27,36,28,36,37,28,28,37,29,37,38,29,29,38,30,38,39,30,30,39,31,39,40,31,31,40,32,40,41,32,32,41,33,41,42,33,33,42,34,42,43,34,34,43,35,43,44,35,36,45,37,45,46,37,37,46,38,46,47,38,38,47,39,47,48,39,39,48,40,48,49,40,40,49,41,49,50,41,41,50,42,50,51,42,42,51,43,51,52,43,43,52,44,52,53,44,45,54,46,54,55,46,46,55,47,55,56,47,47,56,48,56,57,48,48,57,49,57,58,49,49,58,50,58,59,50,50,59,51,59,60,51,51,60,52,60,61,52,52,61,53,61,62,53,54,63,55,63,64,55,55,64,56,64,65,56,56,65,57,65,66,57,57,66,58,66,67,58,58,67,59,67,68,59,59,68,60,68,69,60,60,69,61,69,70,61,61,70,62,70,71,62,63,72,64,72,73,64,64,73,65,73,74,65,65,74,66,74,75,66,66,75,67,75,76,67,67,76,68,76,77,68,68,77,69,77,78,69,69,78,70,78,79,70,70,79,71,79,80,71],"center":{"x":200,"z":600},"lod":2,"index":62}