{"vertices":[-50,0,-50,-25,-1.0491481183841322,-50,0,0,-50,25,-0.9236174413708598,-50,50,0,-50,-50,-0.24126775966885905,-25,-25,-1.0945191502408187,-25,0,-0.22915932087530005,-25,25,-0.746880537658957,-25,50,0.24112530742558233,-25,-50,0,0,-25,-1.011825638629682,0,0,0,0,25,-0.9395720900882141,0,50,0,0,-50,-0.23656683641621237,25,-25,3.674953818479068,25,0,-0.23200836577596468,25,25,-0.6072773639669052,25,50,0.23329043534639685,25,-50,0,50,-25,3.692475443072747,50,0,0,50,25,3.8088891771433047,50,50,0,50],"indices":[0,5,1,5,6,1,1,6,2,6,7,2,2,7,3,7,8,3,3,8,4,8,9,4,5,10,6,10,11,6,6,11,7,11,12,7,7,12,8,12,13,8,8,13,9,13,14,9,10,15,11,15,16,11,11,16,12,16,17,12,12,17,13,17,18,13,13,18,14,18,19,14,15,20,16,20,21,16,16,21,17,21,22,17,17,22,18,22,23,18,18,23,19,23,24,19],"center":{"x":300,"z":700},"lod":3,"index":73}