{"vertices":[-50,0,-50,-37.5,1.7413300690776174,-50,-25,-4.083342960563645,-50,-12.5,1.1062972504030506,-50,0,0,-50,12.5,-1.3504128981957817,-50,25,1.1523850166688299,-50,37.5,-0.9897807465481749,-50,50,0,-50,-50,0.5137806419967132,-37.5,-37.5,1.402092855365067,-37.5,-25,0.6778846477054337,-37.5,-12.5,0.5738536208740548,-37.5,0,1.3839593777830315,-37.5,12.5,-1.5019461290682925,-37.5,25,1.8944630771196838,-37.5,37.5,-0.1627885643653519,-37.5,50,-1.2365144504683532,-37.5,-50,-0.23200836577596468,-25,-37.5,1.8249537363039376,-25,-25,0.5532220899897227,-25,-12.5,-0.49721236806722624,-25,0,0.19269155323020384,-25,12.5,-0.8307926155688059,-25,25,0.9803490350517701,-25,37.5,-1.1727958717067495,-25,50,-0.21619616917105727,-25,-50,-1.0626418448995139,-12.5,-37.5,2.13120032897993,-12.5,-25,0.4133697298404525,-12.5,-12.5,-1.7600993600643995,-12.5,0,-0.9286291895400868,-12.5,12.5,-0.04793072837887716,-12.5,25,0.11564667601001422,-12.5,37.5,-2.105850829954761,-12.5,50,0.7252689808951874,-12.5,-50,0,0,-37.5,-1.7805991678386899,0,-25,0.5984506697561579,0,-12.5,-1.0328058119013492,0,0,0,0,12.5,-0.6645901911698491,0,25,1.1634962899848664,0,37.5,-1.6892705209479923,0,50,0,0,-50,1.1754468488501166,12.5,-37.5,-1.4915933602683746,12.5,-25,0.7662495403899222,12.5,-12.5,-0.42651083801002154,12.5,0,0.8013875440254088,12.5,12.5,-1.4035764734163683,12.5,25,2.223640197065785,12.5,37.5,-1.3671774480086152,12.5,50,-0.5921428345640749,12.5,-50,0.17274823167698003,25,-37.5,-1.7650799034152267,25,-25,0.6102029781500174,25,-12.5,-1.1467270067419126,25,0,0.24112530743025481,25,12.5,-0.305984733016035,25,25,1.2056621460669454,25,37.5,-1.7663507212944203,25,50,-0.23898852424127365,25,-50,-1.056348316808075,37.5,-37.5,-2.0693562035793662,37.5,-25,0.6019291154260241,37.5,-12.5,-1.7699343149565423,37.5,0,-0.2308379916403355,37.5,12.5,0.8024519800002328,37.5,25,0.3440715399149693,37.5,37.5,1.6082255008757924,37.5,50,0.02667648906216399,37.5,-50,0,50,-37.5,-1.203326719826072,50,-25,0.5739488882092776,50,-12.5,-1.6969718876807571,50,0,0,50,12.5,0.011488868145193908,50,25,1.1794509388026757,50,37.5,1.895875782735261,50,50,0,50],"indices":[0,9,1,9,10,1,1,10,2,10,11,2,2,11,3,11,12,3,3,12,4,12,13,4,4,13,5,13,14,5,5,14,6,14,15,6,6,15,7,15,16,7,7,16,8,16,17,8,9,18,10,18,19,10,10,19,11,19,20,11,11,20,12,20,21,12,12,21,13,21,22,13,13,22,14,22,23,14,14,23,15,23,24,15,15,24,16,24,25,16,16,25,17,25,26,17,18,27,19,27,28,19,19,28,20,28,29,20,20,29,21,29,30,21,21,30,22,30,31,22,22,31,23,31,32,23,23,32,24,32,33,24,24,33,25,33,34,25,25,34,26,34,35,26,27,36,28,36,37,28,28,37,29,37,38,29,29,38,30,38,39,30,30,39,31,39,40,31,31,40,32,40,41,32,32,41,33,41,42,33,33,42,34,42,43,34,34,43,35,43,44,35,36,45,37,45,46,37,37,46,38,46,47,38,38,47,39,47,48,39,39,48,40,48,49,40,40,49,41,49,50,41,41,50,42,50,51,42,42,51,43,51,52,43,43,52,44,52,53,44,45,54,46,54,55,46,46,55,47,55,56,47,47,56,48,56,57,48,48,57,49,57,58,49,49,58,50,58,59,50,50,59,51,59,60,51,51,60,52,60,61,52,52,61,53,61,62,53,54,63,55,63,64,55,55,64,56,64,65,56,56,65,57,65,66,57,57,66,58,66,67,58,58,67,59,67,68,59,59,68,60,68,69,60,60,69,61,69,70,61,61,70,62,70,71,62,63,72,64,72,73,64,64,73,65,73,74,65,65,74,66,74,75,66,66,75,67,75,76,67,67,76,68,76,77,68,68,77,69,77,78,69,69,78,70,78,79,70,70,79,71,79,80,71],"center":{"x":600,"z":500},"lod":2,"index":56}