{"vertices":[-50,0,-50,-37.5,-0.764599650193551,-50,-25,-2.53617298380708,-50,-12.5,-0.6648382331742362,-50,0,0,-50,12.5,0.8793750464148421,-50,25,2.724199224659131,-50,37.5,1.0870093810100683,-50,50,0,-50,-50,-0.4500671971915825,-37.5,-37.5,-1.1627158116698253,-37.5,-25,-3.2244505234876204,-37.5,-12.5,-0.2035765051811994,-37.5,0,1.1754468511895872,-37.5,12.5,1.517907083719958,-37.5,25,2.2000581488812685,-37.5,37.5,0.6610006456559083,-37.5,50,-0.5921428368854109,-37.5,-50,-0.2332904355893632,-25,-37.5,-0.17681081972221055,-25,-25,-2.5944359412335154,-25,-12.5,-0.8117511807121153,-25,0,0.17274823874797085,-25,12.5,1.3910750426593441,-25,25,2.824200682337824,-25,37.5,0.9996413356697826,-25,50,-0.23898852430668763,-25,-50,-0.10249842373245215,-12.5,-37.5,0.891045013421658,-12.5,-25,-1.9380165049601512,-12.5,-12.5,-1.3357596995182806,-12.5,0,-1.0563483142713475,-12.5,12.5,1.3148603439926474,-12.5,25,3.417751602183501,-12.5,37.5,1.4188727975075388,-12.5,50,0.026676491227882255,-12.5,-50,0,0,-37.5,-0.05253123433392394,0,-25,-2.571786039329978,0,-12.5,-1.295608723548323,0,0,0,0,12.5,1.4552318775830497,0,25,2.812519601511139,0,37.5,0.4071012229976648,0,50,0,0,-50,0.23083798763932428,12.5,-37.5,-1.1583196452413678,12.5,-25,-3.18186510222335,12.5,-12.5,-0.9196888160731215,12.5,0,0.9353834696183582,12.5,12.5,-2.5725081394667253,12.5,25,2.1864918029264766,12.5,37.5,-0.7283886132811155,12.5,50,0.09346327129115042,12.5,-50,-0.24112530746296196,25,-37.5,0.12973893825860586,25,-25,-0.20547040755984167,25,-12.5,2.0091841131968193,25,0,0.23827626303421318,25,12.5,-1.4560028074125118,25,25,0.4074391607965053,25,37.5,0.24565802436464892,25,50,-0.24055549850151864,25,-50,-0.8013875401022047,37.5,-37.5,1.4947241287402409,37.5,-25,2.6801688272240782,37.5,-12.5,1.3234908094979236,37.5,0,-0.3716115267535519,37.5,12.5,-0.2430960888117737,37.5,25,-1.3835247275069382,37.5,37.5,1.1651966175607724,37.5,50,-0.6626573016543515,37.5,-50,0,50,-37.5,0.6305820987851416,50,-25,2.197544477795808,50,-12.5,0.7958853782256127,50,0,0,50,12.5,-0.5897771735242117,50,25,-1.9662127620288408,50,37.5,-0.2730923963003302,50,50,0,50],"indices":[0,9,1,9,10,1,1,10,2,10,11,2,2,11,3,11,12,3,3,12,4,12,13,4,4,13,5,13,14,5,5,14,6,14,15,6,6,15,7,15,16,7,7,16,8,16,17,8,9,18,10,18,19,10,10,19,11,19,20,11,11,20,12,20,21,12,12,21,13,21,22,13,13,22,14,22,23,14,14,23,15,23,24,15,15,24,16,24,25,16,16,25,17,25,26,17,18,27,19,27,28,19,19,28,20,28,29,20,20,29,21,29,30,21,21,30,22,30,31,22,22,31,23,31,32,23,23,32,24,32,33,24,24,33,25,33,34,25,25,34,26,34,35,26,27,36,28,36,37,28,28,37,29,37,38,29,29,38,30,38,39,30,30,39,31,39,40,31,31,40,32,40,41,32,32,41,33,41,42,33,33,42,34,42,43,34,34,43,35,43,44,35,36,45,37,45,46,37,37,46,38,46,47,38,38,47,39,47,48,39,39,48,40,48,49,40,40,49,41,49,50,41,41,50,42,50,51,42,42,51,43,51,52,43,43,52,44,52,53,44,45,54,46,54,55,46,46,55,47,55,56,47,47,56,48,56,57,48,48,57,49,57,58,49,49,58,50,58,59,50,50,59,51,59,60,51,51,60,52,60,61,52,52,61,53,61,62,53,54,63,55,63,64,55,55,64,56,64,65,56,56,65,57,65,66,57,57,66,58,66,67,58,58,67,59,67,68,59,59,68,60,68,69,60,60,69,61,69,70,61,61,70,62,70,71,62,63,72,64,72,73,64,64,73,65,73,74,65,65,74,66,74,75,66,66,75,67,75,76,67,67,76,68,76,77,68,68,77,69,77,78,69,69,78,70,78,79,70,70,79,71,79,80,71],"center":{"x":900,"z":700},"lod":2,"index":79}