{"vertices":[-50,0,-50,-37.5,-0.5132649127161555,-50,-25,-3.165607007513898,-50,-12.5,-1.3777509400968613,-50,0,0,-50,12.5,-1.20188424530843,-50,25,-2.051215782745311,-50,37.5,-0.7372462175904304,-50,50,0,-50,-50,0.23809308259342526,-37.5,-37.5,-1.0604904825642145,-37.5,-25,-2.9582696027038673,-37.5,-12.5,2.528655777262174,-37.5,0,0.8013875429044932,-37.5,12.5,-0.8426247835925339,-37.5,25,-1.3232607124713314,-37.5,37.5,-1.5427893174077818,-37.5,50,-1.1171003542734328,-37.5,-50,0.22490356101599374,-25,-37.5,-0.0016508888549483236,-25,-25,-1.002738072573945,-25,-12.5,1.5017355963253485,-25,0,0.2411253074395997,-25,12.5,-1.1368642259821256,-25,25,-2.1264305547468445,-25,37.5,-1.28156165025513,-25,50,1.0632772093344123e-8,-25,-50,0.30826532878566454,-12.5,-37.5,1.1065003716101465,-12.5,-25,0.8733810217542377,-12.5,-12.5,0.35649982390948237,-12.5,0,-0.23083799049718925,-12.5,12.5,-1.5083280849785732,-12.5,25,-2.922364269417595,-12.5,37.5,-1.0753238060451096,-12.5,50,1.1171003616031232,-12.5,-50,0,0,-37.5,0.17095562515672877,0,-25,1.6272993514410563,0,-12.5,0.6938209967095159,0,0,0,0,12.5,-0.5525337569907743,0,25,-2.125290937465245,0,37.5,-1.3853029515602746,0,50,0,0,-50,-0.44264683528422577,12.5,-37.5,-0.642551532296419,12.5,-25,2.5192220711706033,12.5,-12.5,1.1612240648701369,12.5,0,0.10249842639513038,12.5,12.5,0.5320336605947936,12.5,25,-1.3207065895510894,12.5,37.5,-1.1511432654427858,12.5,50,-0.9999800576257165,12.5,-50,0.23556967114778116,25,-37.5,0.3484231821111603,25,-25,1.620746550154142,25,-12.5,0.10976374632608438,25,0,0.23329043543750708,25,12.5,-0.3944245524055124,25,25,-2.0680251462913684,25,37.5,2.280890234138663,25,50,-0.23556967076230537,25,-50,0.9999800497941922,37.5,-37.5,1.2745890390020258,37.5,-25,0.7126132125554978,37.5,-12.5,-1.0199885284391783,37.5,0,0.4500671942749937,37.5,12.5,-1.3977140125900038,37.5,25,-2.7929942855429783,37.5,37.5,1.9616546094859955,37.5,50,0.4426468440327528,37.5,-50,0,50,-37.5,0.8727107229060806,50,-25,1.6446785230549554,50,-12.5,-0.014608210504169479,50,0,0,50,12.5,0.13287494893829246,50,25,-2.0024971262068405,50,37.5,2.1636565950853806,50,50,0,50],"indices":[0,9,1,9,10,1,1,10,2,10,11,2,2,11,3,11,12,3,3,12,4,12,13,4,4,13,5,13,14,5,5,14,6,14,15,6,6,15,7,15,16,7,7,16,8,16,17,8,9,18,10,18,19,10,10,19,11,19,20,11,11,20,12,20,21,12,12,21,13,21,22,13,13,22,14,22,23,14,14,23,15,23,24,15,15,24,16,24,25,16,16,25,17,25,26,17,18,27,19,27,28,19,19,28,20,28,29,20,20,29,21,29,30,21,21,30,22,30,31,22,22,31,23,31,32,23,23,32,24,32,33,24,24,33,25,33,34,25,25,34,26,34,35,26,27,36,28,36,37,28,28,37,29,37,38,29,29,38,30,38,39,30,30,39,31,39,40,31,31,40,32,40,41,32,32,41,33,41,42,33,33,42,34,42,43,34,34,43,35,43,44,35,36,45,37,45,46,37,37,46,38,46,47,38,38,47,39,47,48,39,39,48,40,48,49,40,40,49,41,49,50,41,41,50,42,50,51,42,42,51,43,51,52,43,43,52,44,52,53,44,45,54,46,54,55,46,46,55,47,55,56,47,47,56,48,56,57,48,48,57,49,57,58,49,49,58,50,58,59,50,50,59,51,59,60,51,51,60,52,60,61,52,52,61,53,61,62,53,54,63,55,63,64,55,55,64,56,64,65,56,56,65,57,65,66,57,57,66,58,66,67,58,58,67,59,67,68,59,59,68,60,68,69,60,60,69,61,69,70,61,61,70,62,70,71,62,63,72,64,72,73,64,64,73,65,73,74,65,65,74,66,74,75,66,66,75,67,75,76,67,67,76,68,76,77,68,68,77,69,77,78,69,69,78,70,78,79,70,70,79,71,79,80,71],"center":{"x":0,"z":500},"lod":2,"index":50}