{"vertices":[-50,0,-50,-25,-1.9761844182116326,-50,0,0,-50,25,2.8735906477615347,-50,50,0,-50,-50,0.18314725557030448,-25,-25,0.37139874669523376,-25,0,0.23200836531806615,-25,25,2.7031928679829975,-25,50,0.23827626292208362,-25,-50,0,0,-25,2.7970635346386494,0,0,0,0,25,2.897807528015443,0,50,0,0,-50,-0.22759234643048576,25,-25,2.8294001887261055,25,0,0.22915932139861256,25,25,-2.006877524662758,25,50,0.22490356097510178,25,-50,0,50,-25,2.7529033489284958,50,0,0,50,25,-1.8680329109397944,50,50,0,50],"indices":[0,5,1,5,6,1,1,6,2,6,7,2,2,7,3,7,8,3,3,8,4,8,9,4,5,10,6,10,11,6,6,11,7,11,12,7,7,12,8,12,13,8,8,13,9,13,14,9,10,15,11,15,16,11,11,16,12,16,17,12,12,17,13,17,18,13,13,18,14,18,19,14,15,20,16,20,21,16,16,21,17,21,22,17,17,22,18,22,23,18,18,23,19,23,24,19],"center":{"x":100,"z":900},"lod":3,"index":91}