{"vertices":[-50,0,-50,-37.5,1.3012381024653692,-50,-25,-1.7280433344781965,-50,-12.5,-0.7645996467341134,-50,0,0,-50,12.5,0.5042857717750935,-50,25,-1.187998078307048,-50,37.5,0.5942271695183365,-50,50,0,-50,-50,-0.732489015228913,-37.5,-37.5,1.1550471669362423,-37.5,-25,-0.6975247396454837,-37.5,-12.5,-1.4834451750585944,-37.5,0,1.056348311734623,-37.5,12.5,-0.531193394105435,-37.5,25,-2.2059922641343386,-37.5,37.5,1.2429330407843155,-37.5,50,-0.5921428334034105,-37.5,-50,-0.24126775968054448,-25,-37.5,1.3952414586676158,-25,-25,2.959163479010549,-25,-12.5,-2.73425241527228,-25,0,-0.17274824316811999,-25,12.5,0.6757369484625306,-25,25,-1.1568722684092434,-25,37.5,0.06953841067944151,-25,50,-0.23898852420856434,-25,-50,0.1616005822952946,-12.5,-37.5,-2.111966348931472,-12.5,-25,2.5148332765245534,-12.5,-12.5,0.879538062415952,-12.5,0,-1.17544685435227,-12.5,12.5,1.823222129469533,-12.5,25,-0.11618366310656694,-12.5,37.5,-0.8991384303074013,-12.5,50,0.02667648797930363,-12.5,-50,0,0,-37.5,-2.2786780906027215,0,-25,3.0574555096647393,0,-12.5,1.3291948352415428,0,0,0,0,12.5,1.2003783937812165,0,25,-1.1752486043775359,0,37.5,-0.08385929778687415,0,50,0,0,-50,-0.03850938751775165,12.5,-37.5,-1.8980327041244345,12.5,-25,3.572761417143751,12.5,-12.5,1.4702487438494831,12.5,0,1.0626418499516086,12.5,12.5,0.6803899538521547,12.5,25,-2.22317753488231,12.5,37.5,0.6365173987030823,12.5,50,0.09346327461233857,12.5,-50,-0.23656683629940156,25,-37.5,-2.1685448037670705,25,-25,3.017568889089688,25,-12.5,0.8002977548221115,25,0,0.23200836544889414,25,12.5,1.2816943076760983,25,25,-1.3986386111979643,25,37.5,-0.26041566139165623,25,50,-0.24055549855758804,25,-50,-0.5211959894036942,37.5,-37.5,-2.4826332432798597,37.5,-25,2.425438946121143,37.5,-12.5,0.027523657864737774,37.5,0,-0.5137806478268774,37.5,12.5,1.769100580601187,37.5,25,-0.6242464709887731,37.5,37.5,-1.091300888898595,37.5,50,-0.6626573051089193,37.5,-50,0,50,-37.5,-0.1799235071516695,50,-25,-1.6810341019259898,50,-12.5,0.7019633925024961,50,0,0,50,12.5,-2.3286510556626174,50,25,-1.0797343940328883,50,37.5,-0.8059104979517484,50,50,0,50],"indices":[0,9,1,9,10,1,1,10,2,10,11,2,2,11,3,11,12,3,3,12,4,12,13,4,4,13,5,13,14,5,5,14,6,14,15,6,6,15,7,15,16,7,7,16,8,16,17,8,9,18,10,18,19,10,10,19,11,19,20,11,11,20,12,20,21,12,12,21,13,21,22,13,13,22,14,22,23,14,14,23,15,23,24,15,15,24,16,24,25,16,16,25,17,25,26,17,18,27,19,27,28,19,19,28,20,28,29,20,20,29,21,29,30,21,21,30,22,30,31,22,22,31,23,31,32,23,23,32,24,32,33,24,24,33,25,33,34,25,25,34,26,34,35,26,27,36,28,36,37,28,28,37,29,37,38,29,29,38,30,38,39,30,30,39,31,39,40,31,31,40,32,40,41,32,32,41,33,41,42,33,33,42,34,42,43,34,34,43,35,43,44,35,36,45,37,45,46,37,37,46,38,46,47,38,38,47,39,47,48,39,39,48,40,48,49,40,40,49,41,49,50,41,41,50,42,50,51,42,42,51,43,51,52,43,43,52,44,52,53,44,45,54,46,54,55,46,46,55,47,55,56,47,47,56,48,56,57,48,48,57,49,57,58,49,49,58,50,58,59,50,50,59,51,59,60,51,51,60,52,60,61,52,52,61,53,61,62,53,54,63,55,63,64,55,55,64,56,64,65,56,56,65,57,65,66,57,57,66,58,66,67,58,58,67,59,67,68,59,59,68,60,68,69,60,60,69,61,69,70,61,61,70,62,70,71,62,63,72,64,72,73,64,64,73,65,73,74,65,65,74,66,74,75,66,66,75,67,75,76,67,67,76,68,76,77,68,68,77,69,77,78,69,69,78,70,78,79,70,70,79,71,79,80,71],"center":{"x":200,"z":300},"lod":2,"index":32}