{"vertices":[-50,0,-50,-25,-3.4115703559012243,-50,0,0,-50,25,1.4059392854413524,-50,50,0,-50,-50,0.20921601045344101,-25,-25,1.2852519827894913,-25,0,-0.20921601087863223,-25,25,-1.2122033767859135,-25,50,0.23656683664983402,-25,-50,0,0,-25,1.300138240470704,0,0,0,0,25,-3.384118029460982,0,50,0,0,-50,0.2405554986136571,25,-25,1.4963198729177971,25,0,0.20921601051417857,25,25,-3.5838609683732345,25,50,0.24126775964550135,25,-50,0,50,-25,1.2944401513410462,50,0,0,50,25,1.3495282065251846,50,50,0,50],"indices":[0,5,1,5,6,1,1,6,2,6,7,2,2,7,3,7,8,3,3,8,4,8,9,4,5,10,6,10,11,6,6,11,7,11,12,7,7,12,8,12,13,8,8,13,9,13,14,9,10,15,11,15,16,11,11,16,12,16,17,12,12,17,13,17,18,13,13,18,14,18,19,14,15,20,16,20,21,16,16,21,17,21,22,17,17,22,18,22,23,18,18,23,19,23,24,19],"center":{"x":700,"z":700},"lod":3,"index":77}