{"vertices":[-50,0,-50,-37.5,0.046026102516464176,-50,-25,1.303272189112682,-50,-12.5,-1.6820387968290271,-50,0,0,-50,12.5,-0.5223878269430802,-50,25,1.4059392851680146,-50,37.5,-0.4427422602396993,-50,50,0,-50,-50,0.2308379882108971,-37.5,-37.5,-0.7333463774761322,-37.5,-25,1.6495800333869923,-37.5,-12.5,-1.3933758800669624,-37.5,0,-0.450067196024945,-37.5,12.5,0.4497883031786266,-37.5,25,0.555354879029933,-37.5,37.5,-1.8352243631824408,-37.5,50,1.0563483097052415,-37.5,-50,-0.24112530745828933,-25,-37.5,0.18771546333101063,-25,-25,1.2210060339843345,-25,-12.5,1.9916453722918528,-25,0,-0.23329043552862166,-25,12.5,-0.34621849107704944,-25,25,1.4356405727171047,-25,37.5,-0.9376463876005298,-25,50,-0.17274824352322649,-25,-50,-0.8013875406626624,-12.5,-37.5,2.288287205532825,-12.5,-25,-3.3131363719533233,-12.5,-12.5,1.6322967992113926,-12.5,0,-0.10249842479752208,-12.5,12.5,-0.9415702506712682,-12.5,25,2.4007367837986964,-12.5,37.5,-0.10157520098892137,-12.5,50,-1.17544685787027,-12.5,-50,0,0,-37.5,2.20531842743769,0,-25,-3.4674116235851535,0,-12.5,1.911158840397327,0,0,0,0,12.5,0.15861835427881857,0,25,1.4037312759283571,0,37.5,-1.1335985112560722,0,50,0,0,-50,0.928629186308588,12.5,-37.5,2.0863869356695592,12.5,-25,-3.1193152672002555,12.5,-12.5,2.278969370230927,12.5,0,0.23083798878246986,12.5,12.5,1.1763563858716615,12.5,25,0.4140687346650328,12.5,37.5,-2.0584189581664827,12.5,50,1.062641851972445,12.5,-50,-0.19269155367875362,25,-37.5,0.20941839127406162,25,-25,-3.4836511772446306,25,-12.5,1.3755290983670878,25,0,-0.24112530745361482,25,12.5,0.6963275649630887,25,25,1.2950277703407673,25,37.5,-1.6862835750272196,25,50,0.23200836531806615,25,-50,-1.3839593791832647,37.5,-37.5,-1.7771307532832474,37.5,-25,-3.7987898784050165,37.5,-12.5,0.3893585676204251,37.5,0,-0.8013875412231224,37.5,12.5,0.2822236613426412,37.5,25,2.1161906848709346,37.5,37.5,-1.3736635033817433,37.5,50,-0.513780650158949,37.5,-50,0,50,-37.5,-1.3693042190319233,50,-25,1.199851878376706,50,-12.5,-0.25144883690963965,50,0,0,50,12.5,0.8643014609595916,50,25,1.373460179810308,50,37.5,-1.7404866936088745,50,50,0,50],"indices":[0,9,1,9,10,1,1,10,2,10,11,2,2,11,3,11,12,3,3,12,4,12,13,4,4,13,5,13,14,5,5,14,6,14,15,6,6,15,7,15,16,7,7,16,8,16,17,8,9,18,10,18,19,10,10,19,11,19,20,11,11,20,12,20,21,12,12,21,13,21,22,13,13,22,14,22,23,14,14,23,15,23,24,15,15,24,16,24,25,16,16,25,17,25,26,17,18,27,19,27,28,19,19,28,20,28,29,20,20,29,21,29,30,21,21,30,22,30,31,22,22,31,23,31,32,23,23,32,24,32,33,24,24,33,25,33,34,25,25,34,26,34,35,26,27,36,28,36,37,28,28,37,29,37,38,29,29,38,30,38,39,30,30,39,31,39,40,31,31,40,32,40,41,32,32,41,33,41,42,33,33,42,34,42,43,34,34,43,35,43,44,35,36,45,37,45,46,37,37,46,38,46,47,38,38,47,39,47,48,39,39,48,40,48,49,40,40,49,41,49,50,41,41,50,42,50,51,42,42,51,43,51,52,43,43,52,44,52,53,44,45,54,46,54,55,46,46,55,47,55,56,47,47,56,48,56,57,48,48,57,49,57,58,49,49,58,50,58,59,50,50,59,51,59,60,51,51,60,52,60,61,52,52,61,53,61,62,53,54,63,55,63,64,55,55,64,56,64,65,56,56,65,57,65,66,57,57,66,58,66,67,58,58,67,59,67,68,59,59,68,60,68,69,60,60,69,61,69,70,61,61,70,62,70,71,62,63,72,64,72,73,64,64,73,65,73,74,65,65,74,66,74,75,66,66,75,67,75,76,67,67,76,68,76,77,68,68,77,69,77,78,69,69,78,70,78,79,70,70,79,71,79,80,71],"center":{"x":700,"z":200},"lod":2,"index":27}