{"vertices":[-50,0,-50,-37.5,-0.5847626408687193,-50,-25,-3.1713050959870817,-50,-12.5,-1.3291948355493808,-50,0,0,-50,12.5,-1.2555719683829074,-50,25,-2.030702662947327,-50,37.5,-0.6638767173516146,-50,50,0,-50,-50,-0.3082653374569897,-37.5,-37.5,0.22468947632138708,-37.5,-25,-3.2529597897735303,-37.5,-12.5,-0.8795380602203331,-37.5,0,-0.8691024969472466,-37.5,12.5,-1.2945423216835397,-37.5,25,-2.819523226633835,-37.5,37.5,-0.12528758298904508,-37.5,50,1.056348308690558,-37.5,-50,-0.22490356132261383,-25,-37.5,-0.39276217580896106,-25,-25,-2.8546088884497656,-25,-12.5,2.7342524154763885,-25,0,-0.24012814190250156,-25,12.5,-0.7195105430827271,-25,25,-2.0821991408168454,-25,37.5,-0.8283893305555736,-25,50,-0.1727482437007793,-25,-50,-0.23809307400751284,-12.5,-37.5,-1.076071718577585,-12.5,-25,1.7299980409623674,-12.5,-12.5,1.4834451729593994,-12.5,0,0.30092510786842236,-12.5,12.5,-0.043255461724805,-12.5,25,-1.324036966369423,-12.5,37.5,-1.4467362236908978,-12.5,50,-1.1754468596292647,-12.5,-50,0,0,-37.5,0.10666411522625932,0,-25,1.6113447026968393,0,-12.5,0.7645996472820542,0,0,0,0,12.5,-0.6229150993922756,0,25,-2.126216876813831,0,37.5,-1.3320021029003253,0,50,0,0,-50,0.3716115203581394,12.5,-37.5,1.275599853229179,12.5,-25,0.8466726899032497,12.5,-12.5,0.05195394943710192,12.5,0,-0.16896720180712757,12.5,12.5,-1.3294045328593176,12.5,25,-2.918688891203473,12.5,37.5,-1.306639142331527,12.5,50,1.0626418529828716,12.5,-50,-0.23827626323980017,25,-37.5,0.6193839509535212,25,-25,1.6713883137159236,25,-12.5,0.6345908117039645,25,0,-0.22915932109957696,25,12.5,-0.06956464874233712,25,25,-2.1220857623766136,25,37.5,0.6471195794458369,25,50,0.23200836525264357,25,-50,-0.935383463712018,37.5,-37.5,0.04085805431741196,37.5,-25,2.575648175520724,37.5,-12.5,1.302602637181272,37.5,0,-0.37900683890854114,37.5,12.5,1.258426565693239,37.5,25,-1.3197578348032437,37.5,37.5,2.6634537490432155,37.5,50,-0.5137806513249719,37.5,-50,0,50,-37.5,0.8045275127492819,50,-25,1.644749749168123,50,-12.5,0.052531231067997994,50,0,0,50,12.5,0.06570712826091855,50,25,-2.030702665144546,50,37.5,2.2337729260772243,50,50,0,50],"indices":[0,9,1,9,10,1,1,10,2,10,11,2,2,11,3,11,12,3,3,12,4,12,13,4,4,13,5,13,14,5,5,14,6,14,15,6,6,15,7,15,16,7,7,16,8,16,17,8,9,18,10,18,19,10,10,19,11,19,20,11,11,20,12,20,21,12,12,21,13,21,22,13,13,22,14,22,23,14,14,23,15,23,24,15,15,24,16,24,25,16,16,25,17,25,26,17,18,27,19,27,28,19,19,28,20,28,29,20,20,29,21,29,30,21,21,30,22,30,31,22,22,31,23,31,32,23,23,32,24,32,33,24,24,33,25,33,34,25,25,34,26,34,35,26,27,36,28,36,37,28,28,37,29,37,38,29,29,38,30,38,39,30,30,39,31,39,40,31,31,40,32,40,41,32,32,41,33,41,42,33,33,42,34,42,43,34,34,43,35,43,44,35,36,45,37,45,46,37,37,46,38,46,47,38,38,47,39,47,48,39,39,48,40,48,49,40,40,49,41,49,50,41,41,50,42,50,51,42,42,51,43,51,52,43,43,52,44,52,53,44,45,54,46,54,55,46,46,55,47,55,56,47,47,56,48,56,57,48,48,57,49,57,58,49,49,58,50,58,59,50,50,59,51,59,60,51,51,60,52,60,61,52,52,61,53,61,62,53,54,63,55,63,64,55,55,64,56,64,65,56,56,65,57,65,66,57,57,66,58,66,67,58,58,67,59,67,68,59,59,68,60,68,69,60,60,69,61,69,70,61,61,70,62,70,71,62,63,72,64,72,73,64,64,73,65,73,74,65,65,74,66,74,75,66,66,75,67,75,76,67,67,76,68,76,77,68,68,77,69,77,78,69,69,78,70,78,79,70,70,79,71,79,80,71],"center":{"x":0,"z":700},"lod":2,"index":70}