{"vertices":[-50,0,-50,-25,-1.9160695823298315,-50,0,0,-50,25,2.941397904727938,-50,50,0,-50,-50,-0.18314725434378423,-25,-25,2.7678608302012404,-25,0,0.24112530742558233,-25,25,2.6792608962934987,-25,50,0.24055549864169173,-25,-50,0,0,-25,2.832391685162175,0,0,0,0,25,-1.767461643793857,0,50,0,0,-50,-0.24012814184409811,25,-25,2.7821060529815993,25,0,0.23329043534639685,25,25,-1.8949563843055104,25,50,0.23898852406138496,25,-50,0,50,-25,-1.9160695812376491,50,0,0,50,25,-1.883987559666487,50,50,0,50],"indices":[0,5,1,5,6,1,1,6,2,6,7,2,2,7,3,7,8,3,3,8,4,8,9,4,5,10,6,10,11,6,6,11,7,11,12,7,7,12,8,12,13,8,8,13,9,13,14,9,10,15,11,15,16,11,11,16,12,16,17,12,12,17,13,17,18,13,13,18,14,18,19,14,15,20,16,20,21,16,16,21,17,21,22,17,17,22,18,22,23,18,18,23,19,23,24,19],"center":{"x":100,"z":100},"lod":3,"index":11}