{"vertices":[-50,0,-50,-37.5,-1.823705724587739,-50,-25,-0.8188847884727504,-50,-12.5,0.7129867307592176,-50,0,0,-50,12.5,1.344308399302305,-50,25,-0.20540541373093302,-50,37.5,-1.9149359947740494,-50,50,0,-50,-50,-0.7252689769049097,-37.5,-37.5,-2.1748827407435773,-37.5,-25,-1.031883092439597,-37.5,-12.5,1.8410004036664187,-37.5,0,0.5211959969807752,-37.5,12.5,0.7009915763376212,-37.5,25,-0.5922429092156439,-37.5,37.5,-2.504440628566553,-37.5,50,-0.1616005749687779,-37.5,-50,0.21619616954719198,-25,-37.5,-1.312431694680288,-25,-25,-0.7306356406176879,-25,-12.5,0.5524608466593668,-25,0,0.2365668366031098,-25,12.5,1.5176459552782817,-25,25,0.0043804058048499545,-25,37.5,-2.388449337288542,-25,50,0.24126775965016486,-25,-50,1.236514447372857,-12.5,-37.5,-0.3681917295349152,-12.5,-25,3.6519103390288583,-12.5,-12.5,-1.9467071751123854,-12.5,0,0.038509380663163915,-12.5,12.5,2.24546762090163,-12.5,25,0.6941911065418191,-12.5,37.5,1.3412739850346946,-12.5,50,0.7324890078301416,-12.5,-50,0,0,-37.5,-1.1282391133499878,0,-25,3.9096331681873906,0,-12.5,-1.4524388296450796,0,0,0,0,12.5,2.0078484650566426,0,25,-0.2410184682959785,0,37.5,1.658344484149322,0,50,0,0,-50,-1.3381648192892734,12.5,-37.5,-1.8303085311392921,12.5,-25,3.1820180354152323,12.5,-12.5,-0.9305604146793247,12.5,0,-0.1616005749687779,12.5,12.5,1.4338705240914837,12.5,25,-1.2924769405119896,12.5,37.5,1.6344757246015367,12.5,50,-0.8621629138345941,12.5,-50,-0.20138113849106615,25,-37.5,0.6409242288793072,25,-25,-0.7196668177916027,25,-12.5,-1.5689108097141158,25,0,0.24126775965016486,25,12.5,-2.0344291751774275,25,25,-0.13623239582817737,25,37.5,1.1543154790843626,25,50,0.20138113910081823,25,-50,0.8621629187946918,37.5,-37.5,1.8307933519746928,37.5,-25,-0.5417874374858802,37.5,-12.5,-2.097139675795808,37.5,0,0.7324890078301416,37.5,12.5,-1.9151972638318213,37.5,25,0.9685928968727174,37.5,37.5,0.5780525980559614,37.5,50,1.3381648157797232,37.5,-50,0,50,-37.5,1.030864991100734,50,-25,-0.8188847875733072,50,-12.5,-2.094268843152181,50,0,0,50,12.5,-1.578027768284004,50,25,-0.23788451944374556,50,37.5,1.0259150667504273,50,50,0,50],"indices":[0,9,1,9,10,1,1,10,2,10,11,2,2,11,3,11,12,3,3,12,4,12,13,4,4,13,5,13,14,5,5,14,6,14,15,6,6,15,7,15,16,7,7,16,8,16,17,8,9,18,10,18,19,10,10,19,11,19,20,11,11,20,12,20,21,12,12,21,13,21,22,13,13,22,14,22,23,14,14,23,15,23,24,15,15,24,16,24,25,16,16,25,17,25,26,17,18,27,19,27,28,19,19,28,20,28,29,20,20,29,21,29,30,21,21,30,22,30,31,22,22,31,23,31,32,23,23,32,24,32,33,24,24,33,25,33,34,25,25,34,26,34,35,26,27,36,28,36,37,28,28,37,29,37,38,29,29,38,30,38,39,30,30,39,31,39,40,31,31,40,32,40,41,32,32,41,33,41,42,33,33,42,34,42,43,34,34,43,35,43,44,35,36,45,37,45,46,37,37,46,38,46,47,38,38,47,39,47,48,39,39,48,40,48,49,40,40,49,41,49,50,41,41,50,42,50,51,42,42,51,43,51,52,43,43,52,44,52,53,44,45,54,46,54,55,46,46,55,47,55,56,47,47,56,48,56,57,48,48,57,49,57,58,49,49,58,50,58,59,50,50,59,51,59,60,51,51,60,52,60,61,52,52,61,53,61,62,53,54,63,55,63,64,55,55,64,56,64,65,56,56,65,57,65,66,57,57,66,58,66,67,58,58,67,59,67,68,59,59,68,60,68,69,60,60,69,61,69,70,61,61,70,62,70,71,62,63,72,64,72,73,64,64,73,65,73,74,65,65,74,66,74,75,66,66,75,67,75,76,67,67,76,68,76,77,68,68,77,69,77,78,69,69,78,70,78,79,70,70,79,71,79,80,71],"center":{"x":400,"z":400},"lod":2,"index":44}