{"vertices":[-50,0,-50,-37.5,0.8420065788949267,-50,-25,2.2317330104221482,-50,-12.5,0.5847626353514976,-50,0,0,-50,12.5,-0.3702258222763907,-50,25,-1.9918541617018422,-50,37.5,-0.4856386875006017,-50,50,0,-50,-50,-1.1171003567166657,-37.5,-37.5,1.6808362967711261,-37.5,-25,2.418675589144572,-37.5,-12.5,1.0783884061692695,-37.5,0,-0.03850938435409462,-37.5,12.5,0.5613125379636231,-37.5,25,-1.763328541798581,-37.5,37.5,0.3066360721407419,-37.5,50,-0.993441117909154,-37.5,-50,3.544259705168251e-9,-25,-37.5,1.4035975565758831,-25,-25,2.4749238753461076,-25,-12.5,0.06476312867147288,-25,0,-0.23656683643957235,-25,12.5,-0.1650716196602034,-25,25,-1.775586766539388,-25,37.5,-0.5971267873309378,-25,50,0.18314725540676188,-25,-50,1.1171003591598934,-12.5,-37.5,1.1958789538980652,-12.5,-25,2.6000210850489074,-12.5,-12.5,-1.0024243281293241,-12.5,0,-0.5211959929008085,-12.5,12.5,-0.9571959388355726,-12.5,25,-1.693620653486148,-12.5,37.5,-1.4045296692652343,-12.5,50,1.281289015819541,-12.5,-50,0,0,-37.5,1.4227295994711,0,-25,2.197544478646187,0,-12.5,-0.10666412041060738,0,0,0,0,12.5,0.30996278919162745,0,25,-1.9847315513191577,0,37.5,-1.1524590487259276,0,50,0,0,-50,-0.9999800550152081,12.5,-37.5,-2.5455674231126486,12.5,-25,1.6369728958678775,12.5,-12.5,0.7701499399306967,12.5,0,0.6553421194175096,12.5,12.5,1.390137614124516,12.5,25,-2.4145447256764325,12.5,37.5,-1.0206126240572857,12.5,50,-1.1231184525732414,12.5,-50,-0.23556967089079753,25,-37.5,-1.4362805437031378,25,-25,-0.16371409957322333,25,-12.5,-0.28218339284900473,25,0,-0.22232161480979873,25,12.5,0.8468190947109375,25,25,-1.8894310178500833,25,37.5,0.8512494279752357,25,50,-0.22759234650992505,25,-50,0.44264684111657465,37.5,-37.5,-0.2161553700307882,37.5,-25,-1.8801586459400084,37.5,-12.5,-1.2593267182265642,37.5,0,-1.1811594499047011,37.5,12.5,0.38014698249110573,37.5,25,2.828196592399256,37.5,37.5,1.5388519751587915,37.5,50,0.5847625455025416,37.5,-50,0,50,-37.5,-0.6222794508067196,50,-25,-2.571786038512298,50,-12.5,-0.8045275182871796,50,0,0,50,12.5,1.0142114965487332,50,25,2.777191450082319,50,37.5,0.9612575988237524,50,50,0,50],"indices":[0,9,1,9,10,1,1,10,2,10,11,2,2,11,3,11,12,3,3,12,4,12,13,4,4,13,5,13,14,5,5,14,6,14,15,6,6,15,7,15,16,7,7,16,8,16,17,8,9,18,10,18,19,10,10,19,11,19,20,11,11,20,12,20,21,12,12,21,13,21,22,13,13,22,14,22,23,14,14,23,15,23,24,15,15,24,16,24,25,16,16,25,17,25,26,17,18,27,19,27,28,19,19,28,20,28,29,20,20,29,21,29,30,21,21,30,22,30,31,22,22,31,23,31,32,23,23,32,24,32,33,24,24,33,25,33,34,25,25,34,26,34,35,26,27,36,28,36,37,28,28,37,29,37,38,29,29,38,30,38,39,30,30,39,31,39,40,31,31,40,32,40,41,32,32,41,33,41,42,33,33,42,34,42,43,34,34,43,35,43,44,35,36,45,37,45,46,37,37,46,38,46,47,38,38,47,39,47,48,39,39,48,40,48,49,40,40,49,41,49,50,41,41,50,42,50,51,42,42,51,43,51,52,43,43,52,44,52,53,44,45,54,46,54,55,46,46,55,47,55,56,47,47,56,48,56,57,48,48,57,49,57,58,49,49,58,50,58,59,50,50,59,51,59,60,51,51,60,52,60,61,52,52,61,53,61,62,53,54,63,55,63,64,55,55,64,56,64,65,56,56,65,57,65,66,57,57,66,58,66,67,58,58,67,59,67,68,59,59,68,60,68,69,60,60,69,61,69,70,61,61,70,62,70,71,62,63,72,64,72,73,64,64,73,65,73,74,65,65,74,66,74,75,66,66,75,67,75,76,67,67,76,68,76,77,68,68,77,69,77,78,69,69,78,70,78,79,70,70,79,71,79,80,71],"center":{"x":900,"z":200},"lod":2,"index":29}