{"vertices":[-50,0,-50,-25,0.3571472925005613,-50,0,0,-50,25,0.4535464911422877,-50,50,0,-50,-50,-0.21619616906359554,-25,-25,0.3244545091908584,-25,0,0.19269155315544495,-25,25,0.6855548563587308,-25,50,-0.23200836577596468,-25,-50,0,0,-25,-4.2804861480721055,0,0,0,0,25,0.4732048972796654,0,50,0,0,-50,-0.23898852427398057,25,-25,0.2975310393913942,25,0,0.24112530742558233,25,25,0.6627625024215791,25,50,0.17274823167698003,25,-50,0,50,-25,0.3477454458282197,50,0,0,50,25,-4.194058605553596,50,50,0,50],"indices":[0,5,1,5,6,1,1,6,2,6,7,2,2,7,3,7,8,3,3,8,4,8,9,4,5,10,6,10,11,6,6,11,7,11,12,7,7,12,8,12,13,8,8,13,9,13,14,9,10,15,11,15,16,11,11,16,12,16,17,12,12,17,13,17,18,13,13,18,14,18,19,14,15,20,16,20,21,16,16,21,17,21,22,17,17,22,18,22,23,18,18,23,19,23,24,19],"center":{"x":500,"z":500},"lod":3,"index":55}