{"vertices":[-50,0,-50,-25,0.3614208588703426,-50,0,0,-50,25,0.46180872004826745,-50,50,0,-50,-50,-0.2013811382878078,-25,-25,0.3389846351424894,-25,0,0.1727482359195719,-25,25,0.6593436461157787,-25,50,-0.23827626325848117,-25,-50,0,0,-25,0.28877022946260245,0,0,0,0,25,0.48061241249351594,0,50,0,0,-50,-0.24126775967820843,25,-25,-2.001689598144643,25,0,0.23827626299682508,25,25,0.6878340925666127,25,50,-0.17274824378954862,25,-50,0,50,-25,0.3332153196242779,50,0,0,50,25,0.375197772486903,50,50,0,50],"indices":[0,5,1,5,6,1,1,6,2,6,7,2,2,7,3,7,8,3,3,8,4,8,9,4,5,10,6,10,11,6,6,11,7,11,12,7,7,12,8,12,13,8,8,13,9,13,14,9,10,15,11,15,16,11,11,16,12,16,17,12,12,17,13,17,18,13,13,18,14,18,19,14,15,20,16,20,21,16,16,21,17,21,22,17,17,22,18,22,23,18,18,23,19,23,24,19],"center":{"x":500,"z":900},"lod":3,"index":95}