{"vertices":[-50,0,-50,-25,0.35308740400070704,-50,0,0,-50,25,-4.194058605798902,-50,50,0,-50,-50,0.24126775965016486,-25,-25,0.3494548728220591,-25,0,-0.23656683639285023,-25,25,0.18507035777613004,-25,50,-0.24012814183241737,-25,-50,0,0,-25,0.3389134087457676,0,0,0,0,25,0.47320489701333895,0,50,0,0,-50,0.20138113910081823,25,-25,0.34582234100473974,25,0,-0.22232161490324712,25,25,0.2705416883140553,25,50,-0.22915932087530005,25,-50,0,50,-25,0.3571472925005613,50,0,0,50,25,0.4535464911422877,50,50,0,50],"indices":[0,5,1,5,6,1,1,6,2,6,7,2,2,7,3,7,8,3,3,8,4,8,9,4,5,10,6,10,11,6,6,11,7,11,12,7,7,12,8,12,13,8,8,13,9,13,14,9,10,15,11,15,16,11,11,16,12,16,17,12,12,17,13,17,18,13,13,18,14,18,19,14,15,20,16,20,21,16,16,21,17,21,22,17,17,22,18,22,23,18,18,23,19,23,24,19],"center":{"x":500,"z":400},"lod":3,"index":45}