{"vertices":[-50,0,-50,-37.5,-1.69691211564865,-50,-25,3.692475443072747,-50,-12.5,1.4888179953924476,-50,0,0,-50,12.5,-1.313022675193246,-50,25,3.8088891771433047,-50,37.5,-1.9787240071019518,-50,50,0,-50,-50,0.6553421188410891,-37.5,-37.5,-0.652047479942997,-37.5,-25,3.4768118426107506,-37.5,-12.5,1.5252843992216891,-37.5,0,1.1754468488501166,-37.5,12.5,-2.007781778369751,-37.5,25,3.7649345878637623,-37.5,37.5,-2.5582324289853435,-37.5,50,-0.5847625391143542,-37.5,-50,-0.22232161485652294,-25,-37.5,-0.048680142629508996,-25,-25,-0.9855432023264316,-25,-12.5,0.9970834168113178,-25,0,0.17274823167698003,-25,12.5,-0.030174760635785416,-25,25,1.6908214640362105,-25,37.5,-2.460480380188917,-25,50,0.22759234694679778,-25,-50,-1.181159449439437,-12.5,-37.5,-0.7841521135418129,-12.5,-25,-1.3502949233104116,-12.5,-12.5,0.36075752415967327,-12.5,0,-1.056348316808075,-12.5,12.5,1.8733910747210794,-12.5,25,-0.2979515971067406,-12.5,37.5,1.2530861155647746,-12.5,50,1.1231184472243325,-12.5,-50,0,0,-37.5,0.47515082847932055,0,-25,-1.0682367154514267,0,-12.5,0.9165002152089508,0,0,0,0,12.5,0.8511913461347341,0,25,-0.9270362942938062,0,37.5,1.5834969493129907,0,50,0,0,-50,1.3839593777830315,12.5,-37.5,1.7162204686827789,12.5,-25,-0.7769611256148184,12.5,-12.5,1.5935980165439352,12.5,0,0.9353834723030543,12.5,12.5,-0.04137540158142491,12.5,25,-1.667558787809259,12.5,37.5,1.5736127417214192,12.5,50,-1.281289006407878,12.5,-50,0.19269155323020384,25,-37.5,1.0254118461692192,25,-25,-0.8559579868686095,25,-12.5,0.3870632480082483,25,0,0.23827626294077325,25,12.5,1.0324547540388882,25,25,-0.7444588484921193,25,37.5,1.102529629043195,25,50,-0.18314725450731212,25,-50,-0.9286291895400868,37.5,-37.5,0.41545926427460955,37.5,-25,-1.0103993936010383,37.5,-12.5,-0.9038891815564322,37.5,0,-0.37161152966056404,37.5,12.5,2.034425937981887,37.5,25,0.20441633049579158,37.5,37.5,0.5234360196844908,37.5,50,0.9934411236730512,37.5,-50,0,50,-37.5,1.1665775840491346,50,-25,-1.0451594563759212,50,-12.5,0.21790688825853108,50,0,0,50,12.5,1.5522002394636167,50,25,-0.924828285293605,50,37.5,0.9520407693713394,50,50,0,50],"indices":[0,9,1,9,10,1,1,10,2,10,11,2,2,11,3,11,12,3,3,12,4,12,13,4,4,13,5,13,14,5,5,14,6,14,15,6,6,15,7,15,16,7,7,16,8,16,17,8,9,18,10,18,19,10,10,19,11,19,20,11,11,20,12,20,21,12,12,21,13,21,22,13,13,22,14,22,23,14,14,23,15,23,24,15,15,24,16,24,25,16,16,25,17,25,26,17,18,27,19,27,28,19,19,28,20,28,29,20,20,29,21,29,30,21,21,30,22,30,31,22,22,31,23,31,32,23,23,32,24,32,33,24,24,33,25,33,34,25,25,34,26,34,35,26,27,36,28,36,37,28,28,37,29,37,38,29,29,38,30,38,39,30,30,39,31,39,40,31,31,40,32,40,41,32,32,41,33,41,42,33,33,42,34,42,43,34,34,43,35,43,44,35,36,45,37,45,46,37,37,46,38,46,47,38,38,47,39,47,48,39,39,48,40,48,49,40,40,49,41,49,50,41,41,50,42,50,51,42,42,51,43,51,52,43,43,52,44,52,53,44,45,54,46,54,55,46,46,55,47,55,56,47,47,56,48,56,57,48,48,57,49,57,58,49,49,58,50,58,59,50,50,59,51,59,60,51,51,60,52,60,61,52,52,61,53,61,62,53,54,63,55,63,64,55,55,64,56,64,65,56,56,65,57,65,66,57,57,66,58,66,67,58,58,67,59,67,68,59,59,68,60,68,69,60,60,69,61,69,70,61,61,70,62,70,71,62,63,72,64,72,73,64,64,73,65,73,74,65,65,74,66,74,75,66,66,75,67,75,76,67,67,76,68,76,77,68,68,77,69,77,78,69,69,78,70,78,79,70,70,79,71,79,80,71],"center":{"x":300,"z":800},"lod":2,"index":83}