{"vertices":[-50,0,-50,-37.5,-0.5502254077778634,-50,-25,-2.5842506076678857,-50,-12.5,-0.8727107283741413,-50,0,0,-50,12.5,1.078818933470193,-50,25,2.7970635346386494,-50,37.5,0.895587195834531,-50,50,0,-50,-50,0.2380930797314545,-37.5,-37.5,0.37454793586129764,-37.5,-25,-1.9409117348108194,-37.5,-12.5,-1.465231174794741,-37.5,0,-1.3381648185093726,-37.5,12.5,0.8921808595990217,-37.5,25,3.4109734357665604,-37.5,37.5,1.2445027428220599,-37.5,50,0.37900684356238107,-37.5,-50,0.22490356111819904,-25,-37.5,-0.4031022739752891,-25,-25,-2.586814747978612,-25,-12.5,-1.3749387643770417,-25,0,-0.2013811386265667,-25,12.5,1.1778211941524999,-25,25,2.8294001887261055,-25,37.5,0.31651048706929363,-25,50,0.22915932139861256,-25,-50,0.3082653316761054,-12.5,-37.5,-1.264954433319242,-12.5,-25,-3.2054492906023047,-12.5,-12.5,-1.3346212657543821,-12.5,0,0.8621629176924456,-12.5,12.5,-2.2774921776991333,-12.5,25,2.2166955676681823,-12.5,37.5,-0.6985595115273081,-12.5,50,0.16896719734945154,-12.5,-50,0,0,-37.5,0.14341325270919944,0,-25,-2.5130244996883837,0,-12.5,2.635504701050204,0,0,0,0,12.5,-2.4758815477217153,0,25,2.7529033489284958,0,37.5,0.19609742213810707,0,50,0,0,-50,-0.44264683820039885,12.5,-37.5,1.5654292089943613,12.5,-25,-1.3410143692680254,12.5,-12.5,2.4667315453221277,12.5,0,-0.7324890118140948,12.5,12.5,-1.976590217275821,12.5,25,2.79359058330829,12.5,37.5,1.2095146777817072,12.5,50,-0.3009251032483161,12.5,-50,0.2355696710192852,25,-37.5,0.6917572858625263,25,-25,2.365235665611778,25,-12.5,0.7389926744083914,25,0,-0.2412677596665273,25,12.5,-0.9262387518975941,25,25,-1.9051719866883583,25,37.5,0.000122758503332987,25,50,0.24012814199594337,25,-50,0.9999800524047002,37.5,-37.5,-0.13429360401619603,37.5,-25,1.905012156290824,37.5,-12.5,0.19313323929748782,37.5,0,0.16160057891382634,37.5,12.5,-1.2035842297910655,37.5,25,-2.336662344884986,37.5,37.5,-1.3977360832239383,37.5,50,0.8691024925494423,37.5,-50,0,50,-37.5,0.8420065788949267,50,-25,2.2317330104221482,50,-12.5,0.5847626353514976,50,0,0,50,12.5,-0.3702258222763907,50,25,-1.9918541617018422,50,37.5,-0.4856386875006017,50,50,0,50],"indices":[0,9,1,9,10,1,1,10,2,10,11,2,2,11,3,11,12,3,3,12,4,12,13,4,4,13,5,13,14,5,5,14,6,14,15,6,6,15,7,15,16,7,7,16,8,16,17,8,9,18,10,18,19,10,10,19,11,19,20,11,11,20,12,20,21,12,12,21,13,21,22,13,13,22,14,22,23,14,14,23,15,23,24,15,15,24,16,24,25,16,16,25,17,25,26,17,18,27,19,27,28,19,19,28,20,28,29,20,20,29,21,29,30,21,21,30,22,30,31,22,22,31,23,31,32,23,23,32,24,32,33,24,24,33,25,33,34,25,25,34,26,34,35,26,27,36,28,36,37,28,28,37,29,37,38,29,29,38,30,38,39,30,30,39,31,39,40,31,31,40,32,40,41,32,32,41,33,41,42,33,33,42,34,42,43,34,34,43,35,43,44,35,36,45,37,45,46,37,37,46,38,46,47,38,38,47,39,47,48,39,39,48,40,48,49,40,40,49,41,49,50,41,41,50,42,50,51,42,42,51,43,51,52,43,43,52,44,52,53,44,45,54,46,54,55,46,46,55,47,55,56,47,47,56,48,56,57,48,48,57,49,57,58,49,49,58,50,58,59,50,50,59,51,59,60,51,51,60,52,60,61,52,52,61,53,61,62,53,54,63,55,63,64,55,55,64,56,64,65,56,56,65,57,65,66,57,57,66,58,66,67,58,58,67,59,67,68,59,59,68,60,68,69,60,60,69,61,69,70,61,61,70,62,70,71,62,63,72,64,72,73,64,64,73,65,73,74,65,65,74,66,74,75,66,66,75,67,75,76,67,67,76,68,76,77,68,68,77,69,77,78,69,69,78,70,78,79,70,70,79,71,79,80,71],"center":{"x":900,"z":100},"lod":2,"index":19}