{"vertices":[-50,0,-50,-37.5,1.3646995223742984,-50,-25,-1.7077438934893112,-50,-12.5,-0.8343649945645031,-50,0,0,-50,12.5,0.57045823533069,-50,25,-1.1822999897649313,-50,37.5,0.5211769347360271,-50,50,0,-50,-50,0.6626573102907678,-37.5,-37.5,1.7156691233038466,-37.5,-25,-1.6806927665974318,-37.5,-12.5,-0.7783131158218373,-37.5,0,-1.1171003572053104,-37.5,12.5,1.8624636351773276,-37.5,25,-0.12750249443785677,-37.5,37.5,-0.5036094608527694,-37.5,50,0.5211959946493636,-37.5,-50,0.24055549864169173,-25,-37.5,1.807807384426263,-25,-25,2.994420403044196,-25,-12.5,-2.3253651796087924,-25,0,2.126556014614422e-9,-25,12.5,1.0955250895502626,-25,25,-1.1634962971438914,-25,37.5,0.2023172034009188,-25,50,0.2365668365096611,-25,-50,-0.09346327959411606,-12.5,-37.5,-1.6994180805060675,-12.5,-25,3.563690660638982,-12.5,-12.5,1.1634806078456204,-12.5,0,1.1171003586712491,-12.5,12.5,0.3947561454833196,-12.5,25,-2.210728244383041,-12.5,37.5,0.9178775961303322,-12.5,50,0.038509382772266024,-12.5,-50,0,0,-37.5,-2.2276133525454553,0,-25,3.0600908757796703,0,-12.5,1.277311692405784,0,0,0,0,12.5,1.2695974429830352,0,25,-1.1822999890582346,0,37.5,-0.15401736298377725,0,50,0,0,-50,-0.026676483106434556,12.5,-37.5,-2.414203478140993,12.5,-25,2.5288609252115304,12.5,-12.5,0.8215216903866316,12.5,0,-0.999980054493105,12.5,12.5,2.013802208468306,12.5,25,-0.21259520282908215,12.5,37.5,-1.1404272411594976,12.5,50,-0.16160057722308974,12.5,-50,0.23898852406138496,25,-37.5,-1.7137434650088403,25,-25,2.9887223150475934,25,-12.5,1.2146727396148107,25,0,-0.23556967091649558,25,12.5,1.803590529932099,25,25,-0.9410322305317725,25,37.5,-0.7028578789102536,25,50,0.2412677596595163,25,-50,0.5921428281804113,37.5,-37.5,0.34521512651760056,37.5,-25,-0.6600727429184039,37.5,-12.5,1.6821673128151473,37.5,0,0.4426468405333409,37.5,12.5,1.6491980661147296,37.5,25,-1.5566741038195142,37.5,37.5,-0.3325141407673335,37.5,50,0.7324890101066878,37.5,-50,0,50,-37.5,-0.10024757484427482,50,-25,-1.7077438929111,50,-12.5,0.6305821023132421,50,0,0,50,12.5,-2.288184679360929,50,25,-1.046970383978352,50,37.5,-0.8760268292050554,50,50,0,50],"indices":[0,9,1,9,10,1,1,10,2,10,11,2,2,11,3,11,12,3,3,12,4,12,13,4,4,13,5,13,14,5,5,14,6,14,15,6,6,15,7,15,16,7,7,16,8,16,17,8,9,18,10,18,19,10,10,19,11,19,20,11,11,20,12,20,21,12,12,21,13,21,22,13,13,22,14,22,23,14,14,23,15,23,24,15,15,24,16,24,25,16,16,25,17,25,26,17,18,27,19,27,28,19,19,28,20,28,29,20,20,29,21,29,30,21,21,30,22,30,31,22,22,31,23,31,32,23,23,32,24,32,33,24,24,33,25,33,34,25,25,34,26,34,35,26,27,36,28,36,37,28,28,37,29,37,38,29,29,38,30,38,39,30,30,39,31,39,40,31,31,40,32,40,41,32,32,41,33,41,42,33,33,42,34,42,43,34,34,43,35,43,44,35,36,45,37,45,46,37,37,46,38,46,47,38,38,47,39,47,48,39,39,48,40,48,49,40,40,49,41,49,50,41,41,50,42,50,51,42,42,51,43,51,52,43,43,52,44,52,53,44,45,54,46,54,55,46,46,55,47,55,56,47,47,56,48,56,57,48,48,57,49,57,58,49,49,58,50,58,59,50,50,59,51,59,60,51,51,60,52,60,61,52,52,61,53,61,62,53,54,63,55,63,64,55,55,64,56,64,65,56,56,65,57,65,66,57,57,66,58,66,67,58,58,67,59,67,68,59,59,68,60,68,69,60,60,69,61,69,70,61,61,70,62,70,71,62,63,72,64,72,73,64,64,73,65,73,74,65,65,74,66,74,75,66,66,75,67,75,76,67,67,76,68,76,77,68,68,77,69,77,78,69,69,78,70,78,79,70,70,79,71,79,80,71],"center":{"x":200,"z":100},"lod":2,"index":12}