{"vertices":[-50,0,-50,-37.5,-1.7642065353061493,-50,-25,-0.8064202195613015,-50,-12.5,0.6438060769711241,-50,0,0,-50,12.5,1.421153093798375,-50,25,-0.21281292909078853,-50,37.5,-1.9810517002312669,-50,50,0,-50,-50,0.7942927107432727,-37.5,-37.5,-1.0790179126473993,-37.5,-25,-0.5212072671538543,-37.5,-12.5,-0.740447095918335,-37.5,0,-0.4500671977748978,-37.5,12.5,2.3409710968405735,-37.5,25,0.21671801095732163,-37.5,37.5,-1.7197602559289265,-37.5,50,0.2308379870677514,-37.5,-50,-0.20921601087863223,-25,-37.5,-1.610418320915738,-25,-25,1.5800524004974164,-25,-12.5,-0.6317830339221191,-25,0,-0.23329043561973392,-25,12.5,1.965457675676712,-25,25,-0.4717447638479523,-25,37.5,-2.06727443909892,-25,50,-0.24112530746763425,-25,-50,-1.2889330381285882,-12.5,-37.5,-2.196917352902005,-12.5,-25,3.667224810922365,-12.5,-12.5,-0.6093329193507157,-12.5,0,-0.10249842319991129,-12.5,12.5,1.639164407231132,-12.5,25,-1.2401095857195221,-12.5,37.5,1.3311048832921517,-12.5,50,-0.8013875395417511,-12.5,-50,0,0,-37.5,-1.0510029535334482,0,-25,3.9052883758633,0,-12.5,-1.528836552529742,0,0,0,0,12.5,2.0567897750092916,0,25,-0.23987885056582786,0,37.5,1.6090492698404855,0,50,0,0,-50,1.2889330406312418,12.5,-37.5,0.33038083096518017,12.5,-25,3.6317053576480762,12.5,-12.5,-2.3075394511018885,12.5,0,0.2308379870677514,12.5,12.5,1.929867824371434,12.5,25,0.8817173762578574,12.5,37.5,1.3367313053597503,12.5,50,0.9286291852314271,12.5,-50,0.20921601051417857,25,-37.5,0.9169223023667318,25,-25,-0.7520746975787238,25,-12.5,-2.114426277166454,25,0,-0.24112530746763425,25,12.5,-1.6102728704033562,25,25,-0.2267732480231629,25,37.5,1.5369728580513997,25,50,-0.19269155382827552,25,-50,-0.794292714112917,37.5,-37.5,0.04165943440374339,37.5,-25,-1.0455687985845743,37.5,-12.5,-1.9858911109497637,37.5,0,-0.8013875395417511,37.5,12.5,-1.3687141104951686,37.5,25,-1.350077789383062,37.5,37.5,1.7807024525592028,37.5,50,-1.3839593784617878,37.5,-50,0,50,-37.5,1.1042027734987034,50,-25,-0.8283578601520694,50,-12.5,-2.1389319956645254,50,0,0,50,12.5,-1.5150750865867586,50,25,-0.23987885051442898,50,37.5,0.9551531098352274,50,50,0,50],"indices":[0,9,1,9,10,1,1,10,2,10,11,2,2,11,3,11,12,3,3,12,4,12,13,4,4,13,5,13,14,5,5,14,6,14,15,6,6,15,7,15,16,7,7,16,8,16,17,8,9,18,10,18,19,10,10,19,11,19,20,11,11,20,12,20,21,12,12,21,13,21,22,13,13,22,14,22,23,14,14,23,15,23,24,15,15,24,16,24,25,16,16,25,17,25,26,17,18,27,19,27,28,19,19,28,20,28,29,20,20,29,21,29,30,21,21,30,22,30,31,22,22,31,23,31,32,23,23,32,24,32,33,24,24,33,25,33,34,25,25,34,26,34,35,26,27,36,28,36,37,28,28,37,29,37,38,29,29,38,30,38,39,30,30,39,31,39,40,31,31,40,32,40,41,32,32,41,33,41,42,33,33,42,34,42,43,34,34,43,35,43,44,35,36,45,37,45,46,37,37,46,38,46,47,38,38,47,39,47,48,39,39,48,40,48,49,40,40,49,41,49,50,41,41,50,42,50,51,42,42,51,43,51,52,43,43,52,44,52,53,44,45,54,46,54,55,46,46,55,47,55,56,47,47,56,48,56,57,48,48,57,49,57,58,49,49,58,50,58,59,50,50,59,51,59,60,51,51,60,52,60,61,52,52,61,53,61,62,53,54,63,55,63,64,55,55,64,56,64,65,56,56,65,57,65,66,57,57,66,58,66,67,58,58,67,59,67,68,59,59,68,60,68,69,60,60,69,61,69,70,61,61,70,62,70,71,62,63,72,64,72,73,64,64,73,65,73,74,65,65,74,66,74,75,66,66,75,67,75,76,67,67,76,68,76,77,68,68,77,69,77,78,69,69,78,70,78,79,70,70,79,71,79,80,71],"center":{"x":400,"z":200},"lod":2,"index":24}