{"vertices":[-50,0,-50,-37.5,-1.7522064134509752,-50,-25,2.930957941291193,-50,-12.5,0.8420065822830656,-50,0,0,-50,12.5,1.665639162311501,-50,25,-1.1324417144228285,-50,37.5,-0.6625352616299165,-50,50,0,-50,-50,0.5137806414137045,-37.5,-37.5,0.5457346728549494,-37.5,-25,-1.1710643792687678,-37.5,-12.5,1.5085455237454988,-37.5,0,0.5211959958150665,-37.5,12.5,-2.4442359857564817,-37.5,25,-1.121650928505378,-37.5,37.5,-0.5164541796976159,-37.5,50,0.6553421188410891,-37.5,-50,-0.2320083658086632,-25,-37.5,-0.1091797890769109,-25,-25,-1.7056071098549883,-25,-12.5,0.2808752359211352,-25,0,0.23656683655638533,-25,12.5,-2.4269028413680047,-25,25,3.320691176743596,-25,37.5,-2.2268038950224462,-25,50,-0.22232161485652294,-25,-50,-1.0626418443943069,-12.5,-37.5,-0.8371196340279102,-12.5,-25,-2.047703900940721,-12.5,-12.5,-0.9889416803131343,-12.5,0,0.03850938171771591,-12.5,12.5,-2.463428668601135,-12.5,25,3.5621425157763733,-12.5,37.5,-2.568806534379011,-12.5,50,-1.181159449439437,-12.5,-50,0,0,-37.5,0.4037538655017137,0,-25,-1.761946961809648,0,-12.5,0.14341325577571362,0,0,0,0,12.5,-1.8766596314721504,0,25,3.596076244508118,0,37.5,1.411337053958103,0,50,0,0,-50,1.1754468483822285,12.5,-37.5,1.6279479268518802,12.5,-25,-1.596168553542818,12.5,-12.5,1.2660623000544682,12.5,0,-0.16160057609593265,12.5,12.5,-0.9925975436705649,12.5,25,3.2546514821161425,12.5,37.5,1.2094365366541875,12.5,50,1.3839593777830315,12.5,-50,0.17274823026278072,25,-37.5,0.949428867519274,25,-25,-1.5404088343373155,25,-12.5,0.02004848068592668,25,0,0.2412677596548462,25,12.5,-0.29559792788306777,25,25,-1.3081814506476872,25,37.5,1.3322658630210402,25,50,0.19269155323020384,25,-50,-1.0563483173154207,37.5,-37.5,0.35322248014288077,37.5,-25,-1.3987137159041132,37.5,-12.5,-1.1559627209430472,37.5,0,0.7324890089684166,37.5,12.5,-0.952275312869991,37.5,25,-1.8686380934721116,37.5,37.5,1.5078900272371618,37.5,50,-0.9286291895400868,37.5,-50,0,50,-37.5,1.0947382400004808,50,-25,-1.7533998289941493,50,-12.5,-0.5502254042243033,50,0,0,50,12.5,0.30638938322703735,50,25,-1.1794509444951449,50,37.5,0.8096468498648153,50,50,0,50],"indices":[0,9,1,9,10,1,1,10,2,10,11,2,2,11,3,11,12,3,3,12,4,12,13,4,4,13,5,13,14,5,5,14,6,14,15,6,6,15,7,15,16,7,7,16,8,16,17,8,9,18,10,18,19,10,10,19,11,19,20,11,11,20,12,20,21,12,12,21,13,21,22,13,13,22,14,22,23,14,14,23,15,23,24,15,15,24,16,24,25,16,16,25,17,25,26,17,18,27,19,27,28,19,19,28,20,28,29,20,20,29,21,29,30,21,21,30,22,30,31,22,22,31,23,31,32,23,23,32,24,32,33,24,24,33,25,33,34,25,25,34,26,34,35,26,27,36,28,36,37,28,28,37,29,37,38,29,29,38,30,38,39,30,30,39,31,39,40,31,31,40,32,40,41,32,32,41,33,41,42,33,33,42,34,42,43,34,34,43,35,43,44,35,36,45,37,45,46,37,37,46,38,46,47,38,38,47,39,47,48,39,39,48,40,48,49,40,40,49,41,49,50,41,41,50,42,50,51,42,42,51,43,51,52,43,43,52,44,52,53,44,45,54,46,54,55,46,46,55,47,55,56,47,47,56,48,56,57,48,48,57,49,57,58,49,49,58,50,58,59,50,50,59,51,59,60,51,51,60,52,60,61,52,52,61,53,61,62,53,54,63,55,63,64,55,55,64,56,64,65,56,56,65,57,65,66,57,57,66,58,66,67,58,58,67,59,67,68,59,59,68,60,68,69,60,60,69,61,69,70,61,61,70,62,70,71,62,63,72,64,72,73,64,64,73,65,73,74,65,65,74,66,74,75,66,66,75,67,75,76,67,67,76,68,76,77,68,68,77,69,77,78,69,69,78,70,78,79,70,70,79,71,79,80,71],"center":{"x":200,"z":800},"lod":2,"index":82}