{"vertices":[-50,0,-50,-25,2.691079086689186,-50,0,0,-50,25,-1.8780045663714882,-50,50,0,-50,-50,-0.22490356132261383,-25,-25,-1.759632119025968,-25,0,0.23556967109638435,-25,25,-1.8801413502625026,-25,50,0.22759234710566842,-25,-50,0,0,-25,-2.001825817154574,0,0,0,0,25,-1.868032911724755,0,50,0,0,-50,-0.23827626323980017,25,-25,-1.7738773399260597,25,0,7.797364393047346e-9,25,25,-1.585026653809273,25,50,-0.18314725418025501,25,-50,0,50,-25,-1.966212762904914,50,0,0,50,25,2.8978075251559154,50,50,0,50],"indices":[0,5,1,5,6,1,1,6,2,6,7,2,2,7,3,7,8,3,3,8,4,8,9,4,5,10,6,10,11,6,6,11,7,11,12,7,7,12,8,12,13,8,8,13,9,13,14,9,10,15,11,15,16,11,11,16,12,16,17,12,12,17,13,17,18,13,13,18,14,18,19,14,15,20,16,20,21,16,16,21,17,21,22,17,17,22,18,22,23,18,18,23,19,23,24,19],"center":{"x":100,"z":600},"lod":3,"index":61}