{"vertices":[-50,0,-50,-37.5,1.004502256881484,-50,-25,1.6441087141110429,-50,-12.5,-0.14341325585283332,-50,0,0,-50,12.5,0.27059104822012714,-50,25,2.604651541345026,-50,37.5,0.60414430776524,-50,50,0,-50,-50,-1.281289004696665,-37.5,-37.5,0.8054684017942093,-37.5,-25,2.561844221904842,-37.5,-12.5,0.9889416812913419,-37.5,0,-0.7252689786150293,-37.5,12.5,1.4884228515522562,-37.5,25,3.1107407858471388,-37.5,37.5,1.0080222151565752,-37.5,50,-0.16896720459317266,-37.5,-50,-0.18314725434378423,-25,-37.5,1.1097715805512638,-25,-25,1.8409313767218838,-25,-12.5,-0.2808752368499807,-25,0,0.2161961693859922,-25,12.5,0.8546521933958298,-25,25,2.9390118252876913,-25,37.5,0.05366892979607053,-25,50,-0.22915932091267951,-25,-50,0.9934411247210351,-12.5,-37.5,-2.324997676154785,-12.5,-25,1.018423710543018,-12.5,-12.5,-1.5085455261194356,-12.5,0,1.2365144486994977,-12.5,12.5,0.3018349585589063,-12.5,25,2.825275371292112,-12.5,37.5,-0.9579464019030117,-12.5,50,-0.3790068359998924,-12.5,-50,0,0,-37.5,-2.5311758448653965,0,-25,1.5275828005407486,0,-12.5,-0.8420065821736967,0,0,0,0,12.5,0.9616755846662617,0,25,2.704368094546501,0,37.5,-0.12684632559788564,0,50,0,0,-50,-0.8691024996958746,12.5,-37.5,-0.7788080633743842,12.5,-25,-2.636788842758432,12.5,-12.5,-0.2990588456929768,12.5,0,-1.3381648181194223,12.5,12.5,1.4773349628441548,12.5,25,2.4303276470778177,12.5,37.5,0.8827679804323079,12.5,50,0.5137806425797298,12.5,-50,-0.24012814184409811,25,-37.5,-0.9867383976693691,25,-25,-2.9127293914164403,25,-12.5,-0.9229584354117303,25,0,-0.2013811386943159,25,12.5,1.4832079968087741,25,25,2.817927442526775,25,37.5,-0.2586616893004733,25,50,-0.23200836574325753,25,-50,0.3009251107559899,37.5,-37.5,-1.2565517500228516,37.5,-25,-3.0604496034196145,37.5,-12.5,-1.44039089139259,37.5,0,0.8621629171413248,37.5,12.5,-0.8214199856564429,37.5,25,-0.800608179055341,37.5,37.5,-1.343033013955387,37.5,50,-1.0626418454047235,37.5,-50,0,50,-37.5,-0.4416227847378329,50,-25,-3.1542108303105305,50,-12.5,-1.4227296020100322,50,0,0,50,12.5,-1.1454003409864397,50,25,-2.066956753098618,50,37.5,-0.8105518647833581,50,50,0,50],"indices":[0,9,1,9,10,1,1,10,2,10,11,2,2,11,3,11,12,3,3,12,4,12,13,4,4,13,5,13,14,5,5,14,6,14,15,6,6,15,7,15,16,7,7,16,8,16,17,8,9,18,10,18,19,10,10,19,11,19,20,11,11,20,12,20,21,12,12,21,13,21,22,13,13,22,14,22,23,14,14,23,15,23,24,15,15,24,16,24,25,16,16,25,17,25,26,17,18,27,19,27,28,19,19,28,20,28,29,20,20,29,21,29,30,21,21,30,22,30,31,22,22,31,23,31,32,23,23,32,24,32,33,24,24,33,25,33,34,25,25,34,26,34,35,26,27,36,28,36,37,28,28,37,29,37,38,29,29,38,30,38,39,30,30,39,31,39,40,31,31,40,32,40,41,32,32,41,33,41,42,33,33,42,34,42,43,34,34,43,35,43,44,35,36,45,37,45,46,37,37,46,38,46,47,38,38,47,39,47,48,39,39,48,40,48,49,40,40,49,41,49,50,41,41,50,42,50,51,42,42,51,43,51,52,43,43,52,44,52,53,44,45,54,46,54,55,46,46,55,47,55,56,47,47,56,48,56,57,48,48,57,49,57,58,49,49,58,50,58,59,50,50,59,51,59,60,51,51,60,52,60,61,52,52,61,53,61,62,53,54,63,55,63,64,55,55,64,56,64,65,56,56,65,57,65,66,57,57,66,58,66,67,58,58,67,59,67,68,59,59,68,60,68,69,60,60,69,61,69,70,61,61,70,62,70,71,62,63,72,64,72,73,64,64,73,65,73,74,65,65,74,66,74,75,66,66,75,67,75,76,67,67,76,68,76,77,68,68,77,69,77,78,69,69,78,70,78,79,70,70,79,71,79,80,71],"center":{"x":0,"z":200},"lod":2,"index":20}