{"vertices":[-50,0,-50,-25,-2.5130244982574528,-50,0,0,-50,25,2.69107908379228,-50,50,0,-50,-50,0.23656683657974756,-25,-25,-2.595931689551137,-25,0,4.96196339572208e-9,-25,25,2.806038024147771,-25,50,0.2405554986510453,-25,-50,0,0,-25,-2.5842506082811423,0,0,0,0,25,2.8235596481649887,0,50,0,0,-50,0.24126775965250133,25,-25,-2.4663001729409446,25,0,-0.23556967086509895,25,25,2.7319628736972836,25,50,0.23898852404504015,25,-50,0,50,-25,2.1815898292443197,50,0,0,50,25,-1.9548165844061258,50,50,0,50],"indices":[0,5,1,5,6,1,1,6,2,6,7,2,2,7,3,7,8,3,3,8,4,8,9,4,5,10,6,10,11,6,6,11,7,11,12,7,7,12,8,12,13,8,8,13,9,13,14,9,10,15,11,15,16,11,11,16,12,16,17,12,12,17,13,17,18,13,13,18,14,18,19,14,15,20,16,20,21,16,16,21,17,21,22,17,17,22,18,22,23,18,18,23,19,23,24,19],"center":{"x":900,"z":900},"lod":3,"index":99}