{"vertices":[-50,0,-50,-25,0.34774544631882515,-50,0,0,-50,25,0.46180871964177006,-50,50,0,-50,-50,-0.22759234658935656,-25,-25,0.30479610342727664,-25,0,0.20921601051417857,-25,25,0.7015095048915236,-25,50,-0.22232161504341996,-25,-50,0,0,-25,-4.280486148924824,0,0,0,0,25,0.45895967559382445,0,50,0,0,-50,-0.23329043561973392,25,-25,0.32231772515616697,25,0,0.24055549860430792,25,25,0.6274343525545255,25,50,0.19269155293116802,25,-50,0,50,-25,0.3571472922202156,50,0,0,50,25,-4.184086950723471,50,50,0,50],"indices":[0,5,1,5,6,1,1,6,2,6,7,2,2,7,3,7,8,3,3,8,4,8,9,4,5,10,6,10,11,6,6,11,7,11,12,7,7,12,8,12,13,8,8,13,9,13,14,9,10,15,11,15,16,11,11,16,12,16,17,12,12,17,13,17,18,13,13,18,14,18,19,14,15,20,16,20,21,16,16,21,17,21,22,17,17,22,18,22,23,18,18,23,19,23,24,19],"center":{"x":500,"z":100},"lod":3,"index":15}