{"vertices":[-50,0,-50,-37.5,-1.4717233294965366,-50,-25,-3.4115703559012243,-50,-12.5,1.321344894251918,-50,0,0,-50,12.5,0.726323271738311,-50,25,1.4059392854413524,-50,37.5,-1.6457983976764834,-50,50,0,-50,-50,1.2889330410483506,-37.5,-37.5,-1.0681478416713013,-37.5,-25,1.5891750056663154,-37.5,-12.5,0.6770225372027581,-37.5,0,0.7942927107432727,-37.5,12.5,1.3133399415404283,-37.5,25,0.6522827644067091,-37.5,37.5,-1.5947428533847599,-37.5,50,0.52119599814648,-37.5,-50,0.20921601045344101,-25,-37.5,-1.4276426736274006,-25,-25,1.2852519827894913,-25,-12.5,-0.6036458913343233,-25,0,-0.20921601087863223,-25,12.5,1.9527323412856115,-25,25,-1.2122033767859135,-25,37.5,1.9824628368045605,-25,50,0.23656683664983402,-25,-50,-0.7942927146745222,-12.5,-37.5,-1.8554958714376784,-12.5,-25,0.9532550221681084,-12.5,-12.5,-1.65693044498531,-12.5,0,-1.2889330381285882,-12.5,12.5,2.6345817367719087,-12.5,25,-3.1719144297361686,-12.5,37.5,1.7973345835368904,-12.5,50,0.03850937960861196,-12.5,-50,0,0,-37.5,-0.8453766491319564,0,-25,1.300138240470704,0,-12.5,-0.817758167889981,0,0,0,0,12.5,-1.3452486636773533,0,25,-3.384118029460982,0,37.5,1.946514478003794,0,50,0,0,-50,0.6626573085634908,12.5,-37.5,0.28115583018463736,12.5,-25,1.5711238717283607,12.5,-12.5,-0.09628605550191267,12.5,0,1.2889330406312418,12.5,12.5,-1.337352609120149,12.5,25,-3.42786371592953,12.5,37.5,2.2117764410752034,12.5,50,-0.16160057384162071,12.5,-50,0.2405554986136571,25,-37.5,-0.6403993988122343,25,-25,1.4963198729177971,25,-12.5,-0.9402356772614456,25,0,0.20921601051417857,25,12.5,-0.8748859651669121,25,25,-3.5838609683732345,25,37.5,1.3567616436696888,25,50,0.24126775964550135,25,-50,-0.09346327793352294,37.5,-37.5,-1.6290500993160673,37.5,-25,1.507219788541675,37.5,-12.5,-1.6948008970762938,37.5,0,-0.794292714112917,37.5,12.5,-0.3265150673666559,37.5,25,0.28998422140195795,37.5,37.5,-0.8635520728959439,37.5,50,0.7324890066918665,37.5,-50,0,50,-37.5,-0.16386089501744375,50,-25,1.2944401513410462,50,-12.5,-1.5061884192159232,50,0,0,50,12.5,-0.7351532218950209,50,25,1.3495282065251846,50,37.5,-0.22299434131602872,50,50,0,50],"indices":[0,9,1,9,10,1,1,10,2,10,11,2,2,11,3,11,12,3,3,12,4,12,13,4,4,13,5,13,14,5,5,14,6,14,15,6,6,15,7,15,16,7,7,16,8,16,17,8,9,18,10,18,19,10,10,19,11,19,20,11,11,20,12,20,21,12,12,21,13,21,22,13,13,22,14,22,23,14,14,23,15,23,24,15,15,24,16,24,25,16,16,25,17,25,26,17,18,27,19,27,28,19,19,28,20,28,29,20,20,29,21,29,30,21,21,30,22,30,31,22,22,31,23,31,32,23,23,32,24,32,33,24,24,33,25,33,34,25,25,34,26,34,35,26,27,36,28,36,37,28,28,37,29,37,38,29,29,38,30,38,39,30,30,39,31,39,40,31,31,40,32,40,41,32,32,41,33,41,42,33,33,42,34,42,43,34,34,43,35,43,44,35,36,45,37,45,46,37,37,46,38,46,47,38,38,47,39,47,48,39,39,48,40,48,49,40,40,49,41,49,50,41,41,50,42,50,51,42,42,51,43,51,52,43,43,52,44,52,53,44,45,54,46,54,55,46,46,55,47,55,56,47,47,56,48,56,57,48,48,57,49,57,58,49,49,58,50,58,59,50,50,59,51,59,60,51,51,60,52,60,61,52,52,61,53,61,62,53,54,63,55,63,64,55,55,64,56,64,65,56,56,65,57,65,66,57,57,66,58,66,67,58,58,67,59,67,68,59,59,68,60,68,69,60,60,69,61,69,70,61,61,70,62,70,71,62,63,72,64,72,73,64,64,73,65,73,74,65,65,74,66,74,75,66,66,75,67,75,76,67,67,76,68,76,77,68,68,77,69,77,78,69,69,78,70,78,79,70,70,79,71,79,80,71],"center":{"x":700,"z":700},"lod":2,"index":77}