{"vertices":[-50,0,-50,-37.5,-0.4433720477975739,-50,-25,-1.9847315504197187,-50,-12.5,-0.4145128073465662,-50,0,0,-50,12.5,0.28107031663257875,-50,25,-1.8814946462766895,-50,37.5,-0.441622776514614,-50,50,0,-50,-50,-0.1616005704601569,-37.5,-37.5,-1.0023346642294981,-37.5,-25,-2.302958458274492,-37.5,-12.5,-1.5840268291623576,-37.5,0,0.9286291819999294,-37.5,12.5,-0.7949327134942503,-37.5,25,-2.72690025131578,-37.5,37.5,0.05771900776029296,-37.5,50,1.056348305646478,-37.5,-50,0.24126775963147518,-25,-37.5,0.07197272222543796,-25,-25,-2.235187478850972,-25,-12.5,-1.001285274535639,-25,0,-0.19269155427683515,-25,12.5,0.435395086675769,-25,25,-1.971608129797833,-25,37.5,-0.6038863416017635,-25,50,-0.17274824423342963,-25,-50,0.7324890032770597,-12.5,-37.5,1.193308214496055,-12.5,-25,-2.2412078470758354,-12.5,-12.5,-0.496834163249053,-12.5,0,-1.383959376297355,-12.5,12.5,1.597322016830711,-12.5,25,-1.231965309301584,-12.5,37.5,-1.1871704921084687,-12.5,50,-1.1754468649062655,-12.5,-50,0,0,-37.5,-0.015074287814857458,0,-25,-2.006099383839749,0,-12.5,-0.8354086162855092,0,0,0,0,12.5,0.7024214433428455,0,25,-1.8426764173139312,0,37.5,-0.8643014638291934,0,50,0,0,-50,-0.5847625379528656,12.5,-37.5,-0.9220509782198876,12.5,-25,-1.9027235079407436,12.5,-12.5,-1.5875452838085216,12.5,0,1.3839593769555485,12.5,12.5,-0.046390140489081785,12.5,25,-2.0249049774011945,12.5,37.5,-0.8332538526157142,12.5,50,1.2889330422996772,12.5,-50,0.22759234702622894,25,-37.5,0.12700779077208862,25,-25,-2.2009989467736397,25,-12.5,-1.3904031099968794,25,0,0.19269155315544495,25,12.5,0.8129947330321642,25,25,2.619430962899628,25,37.5,-2.4016240912267146,25,50,0.20921601027121628,25,-50,1.1231184462518038,37.5,-37.5,1.2537341931602919,37.5,-25,-2.568207890098917,37.5,-12.5,-1.2624738849496941,37.5,0,-0.9286291900786657,37.5,12.5,1.5704076645956113,37.5,25,3.0857998149340204,37.5,37.5,1.0454218136018203,37.5,50,-0.7942927163593444,37.5,-50,0,50,-37.5,0.6668224978271841,50,-25,-1.9160695823298315,50,-12.5,2.663959194775987,50,0,0,50,12.5,1.3487086532035968,50,25,2.941397904727938,50,37.5,1.242774461537358,50,50,0,50],"indices":[0,9,1,9,10,1,1,10,2,10,11,2,2,11,3,11,12,3,3,12,4,12,13,4,4,13,5,13,14,5,5,14,6,14,15,6,6,15,7,15,16,7,7,16,8,16,17,8,9,18,10,18,19,10,10,19,11,19,20,11,11,20,12,20,21,12,12,21,13,21,22,13,13,22,14,22,23,14,14,23,15,23,24,15,15,24,16,24,25,16,16,25,17,25,26,17,18,27,19,27,28,19,19,28,20,28,29,20,20,29,21,29,30,21,21,30,22,30,31,22,22,31,23,31,32,23,23,32,24,32,33,24,24,33,25,33,34,25,25,34,26,34,35,26,27,36,28,36,37,28,28,37,29,37,38,29,29,38,30,38,39,30,30,39,31,39,40,31,31,40,32,40,41,32,32,41,33,41,42,33,33,42,34,42,43,34,34,43,35,43,44,35,36,45,37,45,46,37,37,46,38,46,47,38,38,47,39,47,48,39,39,48,40,48,49,40,40,49,41,49,50,41,41,50,42,50,51,42,42,51,43,51,52,43,43,52,44,52,53,44,45,54,46,54,55,46,46,55,47,55,56,47,47,56,48,56,57,48,48,57,49,57,58,49,49,58,50,58,59,50,50,59,51,59,60,51,51,60,52,60,61,52,52,61,53,61,62,53,54,63,55,63,64,55,55,64,56,64,65,56,56,65,57,65,66,57,57,66,58,66,67,58,58,67,59,67,68,59,59,68,60,68,69,60,60,69,61,69,70,61,61,70,62,70,71,62,63,72,64,72,73,64,64,73,65,73,74,65,65,74,66,74,75,66,66,75,67,75,76,67,67,76,68,76,77,68,68,77,69,77,78,69,69,78,70,78,79,70,70,79,71,79,80,71],"center":{"x":100,"z":0},"lod":2,"index":1}