{"vertices":[-50,0,-50,-25,-3.1713050959870817,-50,0,0,-50,25,-2.030702662947327,-50,50,0,-50,-50,-0.22490356132261383,-25,-25,-2.8546088884497656,-25,0,-0.24012814190250156,-25,25,-2.0821991408168454,-25,50,-0.1727482437007793,-25,-50,0,0,-25,1.6113447026968393,0,0,0,0,25,-2.126216876813831,0,50,0,0,-50,-0.23827626323980017,25,-25,1.6713883137159236,25,0,-0.22915932109957696,25,25,-2.1220857623766136,25,50,0.23200836525264357,25,-50,0,50,-25,1.644749749168123,50,0,0,50,25,-2.030702665144546,50,50,0,50],"indices":[0,5,1,5,6,1,1,6,2,6,7,2,2,7,3,7,8,3,3,8,4,8,9,4,5,10,6,10,11,6,6,11,7,11,12,7,7,12,8,12,13,8,8,13,9,13,14,9,10,15,11,15,16,11,11,16,12,16,17,12,12,17,13,17,18,13,13,18,14,18,19,14,15,20,16,20,21,16,16,21,17,21,22,17,17,22,18,22,23,18,18,23,19,23,24,19],"center":{"x":0,"z":700},"lod":3,"index":70}