{"vertices":[-50,0,-50,-25,-1.0451594563759212,-50,0,0,-50,25,-0.924828285293605,-50,50,0,-50,-50,0.24112530743025481,-25,-25,-1.0438773862888933,-25,0,0.22490356099554368,-25,25,-1.0565378229501285,-25,50,-0.24012814186746034,-25,-50,0,0,-25,-1.031697722881133,0,0,0,0,25,-0.9486890319387462,0,50,0,0,-50,0.2332904353767633,25,-25,1.3642657766756567,25,0,0.2355696711734709,25,25,-1.1016364174060496,25,50,-0.22915932098743846,25,-50,0,50,-25,3.7042277506690895,50,0,0,50,25,3.800626948244336,50,50,0,50],"indices":[0,5,1,5,6,1,1,6,2,6,7,2,2,7,3,7,8,3,3,8,4,8,9,4,5,10,6,10,11,6,6,11,7,11,12,7,7,12,8,12,13,8,8,13,9,13,14,9,10,15,11,15,16,11,11,16,12,16,17,12,12,17,13,17,18,13,13,18,14,18,19,14,15,20,16,20,21,16,16,21,17,21,22,17,17,22,18,22,23,18,18,23,19,23,24,19],"center":{"x":300,"z":900},"lod":3,"index":93}