{"vertices":[-50,0,-50,-25,-1.0631084355845835,-50,0,0,-50,25,-0.9284608167044217,-50,50,0,-50,-50,-0.23898852420856434,-25,-25,-1.0740060311518795,-25,0,-0.23656683632276376,-25,25,-0.7394730210846466,-25,50,0.24055549860430792,-25,-50,0,0,-25,-0.9605428404027108,0,0,0,0,25,-0.9110816466581182,0,50,0,0,-50,-0.24055549855758804,25,-25,3.7023046450737858,25,0,-0.22232161504341996,25,25,1.7185284190649883,25,50,0.23898852412679902,25,-50,0,50,-25,3.645466211787935,50,0,0,50,25,3.800626948854088,50,50,0,50],"indices":[0,5,1,5,6,1,1,6,2,6,7,2,2,7,3,7,8,3,3,8,4,8,9,4,5,10,6,10,11,6,6,11,7,11,12,7,7,12,8,12,13,8,8,13,9,13,14,9,10,15,11,15,16,11,11,16,12,16,17,12,12,17,13,17,18,13,13,18,14,18,19,14,15,20,16,20,21,16,16,21,17,21,22,17,17,22,18,22,23,18,18,23,19,23,24,19],"center":{"x":300,"z":300},"lod":3,"index":33}