{"vertices":[-50,0,-50,-37.5,1.1655536165351976,-50,-25,-1.749411166940382,-50,-12.5,-0.6222794472722146,-50,0,0,-50,12.5,0.3746189182917597,-50,25,-1.1865735556721546,-50,37.5,0.7387125313745302,-50,50,0,-50,-50,-0.8691025007953284,-37.5,-37.5,0.9166176258312595,-37.5,-25,-1.2328432921076629,-37.5,-12.5,-1.3416695165990458,-37.5,0,0.928629186308588,-37.5,12.5,-0.7420421931874548,-37.5,25,-2.1197040798119797,-37.5,37.5,1.2790443185015608,-37.5,50,-0.7324890123832315,-37.5,-50,-0.2401281418207274,-25,-37.5,1.2871387269837409,-25,-25,0.6171181428287573,-25,-12.5,-1.9113415613265483,-25,0,-0.19269155367875362,-25,12.5,0.5503368452168446,-25,25,-1.1483251354652533,-25,37.5,0.18769237067270034,-25,50,-0.24126775966885905,-25,-50,0.30092511191102533,-12.5,-37.5,1.5601837531735943,-12.5,-25,2.4714665919909997,-12.5,-12.5,-2.5470300217235615,-12.5,0,-1.3839593791832647,-12.5,12.5,1.7923418696292375,-12.5,25,-0.10475743756386464,-12.5,37.5,-0.9439254163013118,-12.5,50,0.16160057947740414,-12.5,-50,0,0,-37.5,-2.365665619229237,0,-25,3.036372581134266,0,-12.5,1.4227296015919375,0,0,0,0,12.5,1.0597242174430954,0,25,-1.1658467582051526,0,37.5,0.05208727769898375,0,50,0,0,-50,-0.16896720570760249,12.5,-37.5,-2.1152344297927836,12.5,-25,3.5745899246962187,12.5,-12.5,1.440390888448967,12.5,0,1.181159452231029,12.5,12.5,0.42520560690658354,12.5,25,-2.2517641251201956,12.5,37.5,0.8704248856890675,12.5,50,-0.03850938488136808,12.5,-50,-0.22915932083791246,25,-37.5,-2.3002406272434683,25,-25,3.0480536636114977,25,-12.5,0.9229584352767448,25,0,0.22232161457617722,25,12.5,1.1639949705346535,25,25,-1.398923515103983,25,37.5,-0.12331110512284348,25,50,-0.23656683641621237,25,-50,-0.3790068348364403,37.5,-37.5,-2.52488142716123,37.5,-25,2.484148179330404,37.5,-12.5,0.2990588483669853,37.5,0,-0.655342122299601,37.5,12.5,1.8082186731491845,37.5,25,-0.52278863433289,37.5,37.5,-1.05783673074178,37.5,50,-0.5211959923179561,37.5,-50,0,50,-37.5,-1.7522064134509752,50,-25,2.930957941291193,50,-12.5,0.8420065822830656,50,0,0,50,12.5,1.665639162311501,50,25,-1.1324417144228285,50,37.5,-0.6625352616299165,50,50,0,50],"indices":[0,9,1,9,10,1,1,10,2,10,11,2,2,11,3,11,12,3,3,12,4,12,13,4,4,13,5,13,14,5,5,14,6,14,15,6,6,15,7,15,16,7,7,16,8,16,17,8,9,18,10,18,19,10,10,19,11,19,20,11,11,20,12,20,21,12,12,21,13,21,22,13,13,22,14,22,23,14,14,23,15,23,24,15,15,24,16,24,25,16,16,25,17,25,26,17,18,27,19,27,28,19,19,28,20,28,29,20,20,29,21,29,30,21,21,30,22,30,31,22,22,31,23,31,32,23,23,32,24,32,33,24,24,33,25,33,34,25,25,34,26,34,35,26,27,36,28,36,37,28,28,37,29,37,38,29,29,38,30,38,39,30,30,39,31,39,40,31,31,40,32,40,41,32,32,41,33,41,42,33,33,42,34,42,43,34,34,43,35,43,44,35,36,45,37,45,46,37,37,46,38,46,47,38,38,47,39,47,48,39,39,48,40,48,49,40,40,49,41,49,50,41,41,50,42,50,51,42,42,51,43,51,52,43,43,52,44,52,53,44,45,54,46,54,55,46,46,55,47,55,56,47,47,56,48,56,57,48,48,57,49,57,58,49,49,58,50,58,59,50,50,59,51,59,60,51,51,60,52,60,61,52,52,61,53,61,62,53,54,63,55,63,64,55,55,64,56,64,65,56,56,65,57,65,66,57,57,66,58,66,67,58,58,67,59,67,68,59,59,68,60,68,69,60,60,69,61,69,70,61,61,70,62,70,71,62,63,72,64,72,73,64,64,73,65,73,74,65,65,74,66,74,75,66,66,75,67,75,76,67,67,76,68,76,77,68,68,77,69,77,78,69,69,78,70,78,79,70,70,79,71,79,80,71],"center":{"x":200,"z":700},"lod":2,"index":72}