{"vertices":[-50,0,-50,-25,-3.442981069792646,-50,0,0,-50,25,1.4144864184390737,-50,50,0,-50,-50,-0.20138113842331573,-25,-25,1.240593212710774,-25,0,0.21619616954719198,-25,25,1.5436442833078305,-25,50,-0.23898852430668763,-25,-50,0,0,-25,1.3040556762956612,0,0,0,0,25,-3.3710124252599822,0,50,0,0,-50,-0.24126775967353598,25,-25,1.0729020241116753,25,0,-0.20138113849106615,25,25,-3.129388535742766,25,50,-0.24055549850151864,25,-50,0,50,-25,1.289881680378392,50,0,0,50,25,1.3204679538871718,50,50,0,50],"indices":[0,5,1,5,6,1,1,6,2,6,7,2,2,7,3,7,8,3,3,8,4,8,9,4,5,10,6,10,11,6,6,11,7,11,12,7,7,12,8,12,13,8,8,13,9,13,14,9,10,15,11,15,16,11,11,16,12,16,17,12,12,17,13,17,18,13,13,18,14,18,19,14,15,20,16,20,21,16,16,21,17,21,22,17,17,22,18,22,23,18,18,23,19,23,24,19],"center":{"x":700,"z":900},"lod":3,"index":97}