{"vertices":[-50,0,-50,-37.5,-1.203326719826072,-50,-25,0.5739488882092776,-50,-12.5,-1.6969718876807571,-50,0,0,-50,12.5,0.011488868145193908,-50,25,1.1794509388026757,-50,37.5,1.895875782735261,-50,50,0,-50,-50,0.9353834723030543,-37.5,-37.5,-0.22657655114320807,-37.5,-25,0.45281814386409525,-37.5,-12.5,-1.7382193545355902,-37.5,0,0.10249842746020099,-37.5,12.5,-0.6797609432315055,-37.5,25,1.8686380952344783,-37.5,37.5,1.6138519268384919,-37.5,50,0.09346327350527463,-37.5,-50,0.23827626294077325,-25,-37.5,-1.0150717462244627,-25,-25,0.6155449361356196,-25,-12.5,0.2856372312845035,-25,0,0.2332904353767633,-25,12.5,0.20719809925848792,-25,25,1.3081814477043638,-25,37.5,1.837896576592326,-25,50,-0.24055549853889815,-25,-50,-0.37161152966056404,-12.5,-37.5,-1.866078923149455,-12.5,-25,0.76874940979589,-12.5,-12.5,2.3831518277460617,-12.5,0,0.450067193108358,-12.5,12.5,2.289548335233097,-12.5,25,-3.2546514919476706,-12.5,37.5,2.133285257826119,-12.5,50,-0.662657303957398,-12.5,-50,0,0,-37.5,-0.5096880596428328,0,-25,0.5781512294319171,0,-12.5,1.8984647809004571,0,0,0,0,12.5,2.1753819550293025,0,25,-3.5960762494413094,0,37.5,1.2469342894706723,0,50,0,0,-50,0.238093083165822,12.5,-37.5,0.8377375542503395,12.5,-25,0.3738016801392272,12.5,-12.5,1.2888209455943307,12.5,0,-0.5847625396951024,12.5,12.5,1.998628213707747,12.5,25,-3.5621425156098843,12.5,37.5,0.22984381748065985,12.5,50,0.7942927101816655,12.5,-50,0.22490356099554368,25,-37.5,0.06816278047612745,25,-25,0.4944605522007492,25,-12.5,1.7547289079779451,25,0,0.2275923469070822,25,12.5,0.22394636218622269,25,25,-3.320691184797387,25,37.5,1.056780569992671,25,50,-0.2092160109393736,25,-50,0.30826532820756813,37.5,-37.5,0.6533086069364419,37.5,-25,-3.4585308179024024,37.5,-12.5,2.2732401349150426,37.5,0,1.1231184477105969,37.5,12.5,-1.6411227519664777,37.5,25,1.1216509132698933,37.5,37.5,0.5615224672268723,37.5,50,-1.2889330377114825,37.5,-50,0,50,-37.5,1.6669756451910485,50,-25,-4.0976594079993784,50,-12.5,1.1866300765572295,50,0,0,50,12.5,-1.4067611666774438,50,25,1.1324417060448835,50,37.5,-0.9149793511548775,50,50,0,50],"indices":[0,9,1,9,10,1,1,10,2,10,11,2,2,11,3,11,12,3,3,12,4,12,13,4,4,13,5,13,14,5,5,14,6,14,15,6,6,15,7,15,16,7,7,16,8,16,17,8,9,18,10,18,19,10,10,19,11,19,20,11,11,20,12,20,21,12,12,21,13,21,22,13,13,22,14,22,23,14,14,23,15,23,24,15,15,24,16,24,25,16,16,25,17,25,26,17,18,27,19,27,28,19,19,28,20,28,29,20,20,29,21,29,30,21,21,30,22,30,31,22,22,31,23,31,32,23,23,32,24,32,33,24,24,33,25,33,34,25,25,34,26,34,35,26,27,36,28,36,37,28,28,37,29,37,38,29,29,38,30,38,39,30,30,39,31,39,40,31,31,40,32,40,41,32,32,41,33,41,42,33,33,42,34,42,43,34,34,43,35,43,44,35,36,45,37,45,46,37,37,46,38,46,47,38,38,47,39,47,48,39,39,48,40,48,49,40,40,49,41,49,50,41,41,50,42,50,51,42,42,51,43,51,52,43,43,52,44,52,53,44,45,54,46,54,55,46,46,55,47,55,56,47,47,56,48,56,57,48,48,57,49,57,58,49,49,58,50,58,59,50,50,59,51,59,60,51,51,60,52,60,61,52,52,61,53,61,62,53,54,63,55,63,64,55,55,64,56,64,65,56,56,65,57,65,66,57,57,66,58,66,67,58,58,67,59,67,68,59,59,68,60,68,69,60,60,69,61,69,70,61,61,70,62,70,71,62,63,72,64,72,73,64,64,73,65,73,74,65,65,74,66,74,75,66,66,75,67,75,76,67,67,76,68,76,77,68,68,77,69,77,78,69,69,78,70,78,79,70,70,79,71,79,80,71],"center":{"x":600,"z":600},"lod":2,"index":66}