{"vertices":[-50,0,-50,-25,0.5813564033693863,-50,0,0,-50,25,1.1680547615210553,-50,50,0,-50,-50,-0.24012814183241737,-25,-25,0.5866983619404949,-25,0,-0.23656683641621237,-25,25,-1.45507372781231,-25,50,0.2412677596548462,-25,-50,0,0,-25,0.567111182621532,0,0,0,0,25,-3.603483765044137,0,50,0,0,-50,-0.22915932087530005,25,-25,-1.7830539292230483,25,0,-0.22232161485652294,25,25,-1.4876240614631722,25,50,0.20138113896531765,25,-50,0,50,-25,-4.083342960563645,50,0,0,50,25,1.1523850166688299,50,50,0,50],"indices":[0,5,1,5,6,1,1,6,2,6,7,2,2,7,3,7,8,3,3,8,4,8,9,4,5,10,6,10,11,6,6,11,7,11,12,7,7,12,8,12,13,8,8,13,9,13,14,9,10,15,11,15,16,11,11,16,12,16,17,12,12,17,13,17,18,13,13,18,14,18,19,14,15,20,16,20,21,16,16,21,17,21,22,17,17,22,18,22,23,18,18,23,19,23,24,19],"center":{"x":600,"z":400},"lod":3,"index":46}