{"vertices":[-50,0,-50,-37.5,1.4636673333440509,-50,-25,0.3411214177027447,-50,-12.5,-1.4627481599311647,-50,0,0,-50,12.5,1.3213448888654873,-50,25,-4.184086949987565,-50,37.5,0.8103608557090923,-50,50,0,-50,-50,-0.026676483647864707,-37.5,-37.5,2.1318749240243546,-37.5,-25,0.24805104856002666,-37.5,-12.5,-2.222645939318368,-37.5,0,-0.16896720347875288,-37.5,12.5,2.346477328986352,-37.5,25,-3.7588211408879832,-37.5,37.5,1.7270678331699454,-37.5,50,-0.9999800581478109,-37.5,-50,0.23898852407773843,-25,-37.5,2.0227514858123428,-25,-25,0.3528737258968623,-25,-12.5,-2.040301298038794,-25,0,-0.22915932098743846,-25,12.5,1.8961974028084931,-25,25,0.15771953196754895,-25,37.5,-0.824273886553635,-25,50,-0.23556967073661575,-25,-50,0.5921428287607453,-12.5,-37.5,1.9791094431728362,-12.5,-25,0.44550588795203216,-12.5,-12.5,-1.924192440927087,-12.5,0,-0.37900683716335215,-12.5,12.5,1.4957685741751805,-12.5,25,-0.08584554586584907,-12.5,37.5,-2.0606397437906936,-12.5,50,0.44264684461599135,-12.5,-50,0,0,-37.5,2.0333308306734637,0,-25,0.34966855130087127,0,-12.5,-2.0644383660036105,0,0,0,0,12.5,2.0293066752371014,0,25,0.45895967515928865,0,37.5,-1.355064704874482,0,50,0,0,-50,-0.7252689751947909,12.5,-37.5,-2.1082735416227756,12.5,-25,0.2580262964298485,12.5,-12.5,2.0060028473817075,12.5,0,0.5137806437457632,12.5,12.5,2.4361606612534437,12.5,25,1.128008367820562,12.5,37.5,-0.7422795650900063,12.5,50,-0.3082653380350758,12.5,-50,0.2161961697083911,25,-37.5,-1.6105890330112422,25,-25,0.3347110653509131,25,-12.5,1.5915305342650108,25,0,-0.23200836567784336,25,12.5,0.3993659408677425,25,25,0.2602851285453133,25,37.5,-1.508333191727354,25,50,-0.2249035613430722,25,-50,1.2365144460462154,37.5,-37.5,-1.0195629252576581,37.5,-25,0.26285411554773647,37.5,-12.5,1.0503777937712884,37.5,0,-1.0626418464151428,37.5,12.5,-1.5490017607887785,37.5,25,-0.7002242931368827,37.5,37.5,-2.185004656690063,37.5,50,-0.2380930734351162,37.5,-50,0,50,-37.5,-1.4956986209597891,50,-25,0.3614208588703426,50,-12.5,1.4875043301642359,50,0,0,50,12.5,-1.5683197790532855,50,25,0.46180872004826745,50,37.5,-1.9822961485821768,50,50,0,50],"indices":[0,9,1,9,10,1,1,10,2,10,11,2,2,11,3,11,12,3,3,12,4,12,13,4,4,13,5,13,14,5,5,14,6,14,15,6,6,15,7,15,16,7,7,16,8,16,17,8,9,18,10,18,19,10,10,19,11,19,20,11,11,20,12,20,21,12,12,21,13,21,22,13,13,22,14,22,23,14,14,23,15,23,24,15,15,24,16,24,25,16,16,25,17,25,26,17,18,27,19,27,28,19,19,28,20,28,29,20,20,29,21,29,30,21,21,30,22,30,31,22,22,31,23,31,32,23,23,32,24,32,33,24,24,33,25,33,34,25,25,34,26,34,35,26,27,36,28,36,37,28,28,37,29,37,38,29,29,38,30,38,39,30,30,39,31,39,40,31,31,40,32,40,41,32,32,41,33,41,42,33,33,42,34,42,43,34,34,43,35,43,44,35,36,45,37,45,46,37,37,46,38,46,47,38,38,47,39,47,48,39,39,48,40,48,49,40,40,49,41,49,50,41,41,50,42,50,51,42,42,51,43,51,52,43,43,52,44,52,53,44,45,54,46,54,55,46,46,55,47,55,56,47,47,56,48,56,57,48,48,57,49,57,58,49,49,58,50,58,59,50,50,59,51,59,60,51,51,60,52,60,61,52,52,61,53,61,62,53,54,63,55,63,64,55,55,64,56,64,65,56,56,65,57,65,66,57,57,66,58,66,67,58,58,67,59,67,68,59,59,68,60,68,69,60,60,69,61,69,70,61,61,70,62,70,71,62,63,72,64,72,73,64,64,73,65,73,74,65,65,74,66,74,75,66,66,75,67,75,76,67,67,76,68,76,77,68,68,77,69,77,78,69,69,78,70,78,79,70,70,79,71,79,80,71],"center":{"x":500,"z":800},"lod":2,"index":85}