{"vertices":[-50,0,-50,-25,2.7241992271939313,-50,0,0,-50,25,-1.8735173214227332,-50,50,0,-50,-50,0.2291593214733797,-25,-25,-2.0709276046712906,-25,0,-0.23827626320242057,-25,25,-1.8854833077440494,-25,50,-0.2320083658086632,-25,-50,0,0,-25,-1.9975522505278045,0,0,0,0,25,-1.8735173220768742,0,50,0,0,-50,0.24012814201932337,25,-25,-2.232908243563555,25,0,-0.17274824352322649,25,25,-2.0292425258720144,25,50,0.17274823026278072,25,-50,0,50,-25,-1.9761844182116326,50,0,0,50,25,2.8735906477615347,50,50,0,50],"indices":[0,5,1,5,6,1,1,6,2,6,7,2,2,7,3,7,8,3,3,8,4,8,9,4,5,10,6,10,11,6,6,11,7,11,12,7,7,12,8,12,13,8,8,13,9,13,14,9,10,15,11,15,16,11,11,16,12,16,17,12,12,17,13,17,18,13,13,18,14,18,19,14,15,20,16,20,21,16,16,21,17,21,22,17,17,22,18,22,23,18,18,23,19,23,24,19],"center":{"x":100,"z":800},"lod":3,"index":81}