{"vertices":[-50,0,-50,-37.5,0.549306231271243,-50,-25,1.526911491458109,-50,-12.5,-0.807669942129886,-50,0,0,-50,12.5,0.8619737674653548,-50,25,2.1030683849012326,-50,37.5,-0.5574175551025446,-50,50,0,-50,-50,0.9286291841542611,-37.5,-37.5,-0.013274613013941026,-37.5,-25,1.9251869165175695,-37.5,-12.5,-1.6036419328092903,-37.5,0,-1.2812890081190869,-37.5,12.5,0.6410224459498631,-37.5,25,2.8550055116158997,-37.5,37.5,0.359740236259971,-37.5,50,-0.9934411194811261,-37.5,-50,-0.19269155397779295,-25,-37.5,0.6537908013423013,-25,-25,1.4846744091737896,-25,-12.5,-1.3570137711645742,-25,0,-0.18314725467085444,-25,12.5,0.9866783585076653,-25,25,2.2278102290946125,-25,37.5,-0.6915591748578829,-25,50,0.18314725516145608,-25,-50,-1.3839593777403112,-12.5,-37.5,1.2216259311593785,-12.5,-25,0.9955464612694874,-12.5,-12.5,-1.1641199470612633,-12.5,0,0.9934411226250677,-12.5,12.5,-1.1422656165267586,-12.5,25,-2.571430231556977,-12.5,37.5,-1.681979056534252,-12.5,50,1.2812890132527253,-12.5,-50,0,0,-37.5,2.6133180554779996,0,-25,-3.172261307257458,0,-12.5,-1.459619628153699,0,0,0,0,12.5,-1.2318207145722295,0,25,-2.6565041549466257,0,37.5,-1.2534567581285063,0,50,0,0,-50,1.1811594540920936,12.5,-37.5,-1.3761695194936063,12.5,-25,-2.789894827250216,12.5,-12.5,-1.209134228492529,12.5,0,-0.8691024974969724,12.5,12.5,-0.9303834995831226,12.5,25,-2.3772373757321192,12.5,37.5,-0.9433056769019939,12.5,50,-1.1231184511144443,12.5,-50,0.22232161438927953,25,-37.5,-1.4447624747687313,25,-25,-3.2761089750667036,25,-12.5,2.2129585887548417,25,0,-0.2401281418908226,25,12.5,-1.1223362527025507,25,25,-2.475137553462806,25,37.5,-1.285114023556081,25,50,-0.22759234662907246,25,-50,-0.6553421246052731,37.5,-37.5,-1.5799219662003092,37.5,-25,-3.7182842424782345,37.5,-12.5,1.8857082516108903,37.5,0,0.3009251084459388,37.5,12.5,-1.3723200843730763,37.5,25,-2.45686128416828,37.5,37.5,2.1307543051539066,37.5,50,0.5847625437603088,37.5,-50,0,50,-37.5,-0.902437882108319,50,-25,-3.2335157634696143,50,-12.5,2.1083622979152183,50,0,0,50,12.5,-0.5899907018150006,50,25,-2.67644746665808,50,37.5,2.3282389748368977,50,50,0,50],"indices":[0,9,1,9,10,1,1,10,2,10,11,2,2,11,3,11,12,3,3,12,4,12,13,4,4,13,5,13,14,5,5,14,6,14,15,6,6,15,7,15,16,7,7,16,8,16,17,8,9,18,10,18,19,10,10,19,11,19,20,11,11,20,12,20,21,12,12,21,13,21,22,13,13,22,14,22,23,14,14,23,15,23,24,15,15,24,16,24,25,16,16,25,17,25,26,17,18,27,19,27,28,19,19,28,20,28,29,20,20,29,21,29,30,21,21,30,22,30,31,22,22,31,23,31,32,23,23,32,24,32,33,24,24,33,25,33,34,25,25,34,26,34,35,26,27,36,28,36,37,28,28,37,29,37,38,29,29,38,30,38,39,30,30,39,31,39,40,31,31,40,32,40,41,32,32,41,33,41,42,33,33,42,34,42,43,34,34,43,35,43,44,35,36,45,37,45,46,37,37,46,38,46,47,38,38,47,39,47,48,39,39,48,40,48,49,40,40,49,41,49,50,41,41,50,42,50,51,42,42,51,43,51,52,43,43,52,44,52,53,44,45,54,46,54,55,46,46,55,47,55,56,47,47,56,48,56,57,48,48,57,49,57,58,49,49,58,50,58,59,50,50,59,51,59,60,51,51,60,52,60,61,52,52,61,53,61,62,53,54,63,55,63,64,55,55,64,56,64,65,56,56,65,57,65,66,57,57,66,58,66,67,58,58,67,59,67,68,59,59,68,60,68,69,60,60,69,61,69,70,61,61,70,62,70,71,62,63,72,64,72,73,64,64,73,65,73,74,65,65,74,66,74,75,66,66,75,67,75,76,67,67,76,68,76,77,68,68,77,69,77,78,69,69,78,70,78,79,70,70,79,71,79,80,71],"center":{"x":800,"z":600},"lod":2,"index":68}