{"vertices":[-50,0,-50,-25,-1.7533998289941493,-50,0,0,-50,25,-1.1794509444951449,-50,50,0,-50,-50,0.23827626292208362,-25,-25,-1.6639398369996514,-25,0,0.20138113896531765,-25,25,-1.2056621579147817,-25,50,0.24112530743025481,-25,-50,0,0,-25,3.01792501871872,0,0,0,0,25,-1.163496296713452,0,50,0,0,-50,0.22490356097510178,25,-25,3.0542503350258263,25,0,-0.21619616917105727,25,25,-0.9803490480233481,25,50,0.2332904353767633,25,-50,0,50,-25,2.965217699661587,50,0,0,50,25,-1.1523850247582574,50,50,0,50],"indices":[0,5,1,5,6,1,1,6,2,6,7,2,2,7,3,7,8,3,3,8,4,8,9,4,5,10,6,10,11,6,6,11,7,11,12,7,7,12,8,12,13,8,8,13,9,13,14,9,10,15,11,15,16,11,11,16,12,16,17,12,12,17,13,17,18,13,13,18,14,18,19,14,15,20,16,20,21,16,16,21,17,21,22,17,17,22,18,22,23,18,18,23,19,23,24,19],"center":{"x":200,"z":900},"lod":3,"index":92}