{"vertices":[-50,0,-50,-37.5,-0.6938209997092115,-50,-25,-2.555760163892034,-50,-12.5,-0.7351532184566095,-50,0,0,-50,12.5,0.9476467327663501,-50,25,2.752903346755819,-50,37.5,1.025148461979532,-50,50,0,-50,-50,0.37900684181719135,-37.5,-37.5,0.09071906846159924,-37.5,-25,-1.9322277139230986,-37.5,-12.5,-1.446191360180305,-37.5,0,-1.2812890081190869,-37.5,12.5,0.657463170740441,-37.5,25,3.382917025873307,-37.5,37.5,1.238581685534569,-37.5,50,0.52119599814648,-37.5,-50,0.2291593212864742,-25,-37.5,-0.5577100901703118,-25,-25,-2.5984958296942384,-25,-12.5,-1.2581408829830503,-25,0,-0.18314725467085444,-25,12.5,1.0673296054601558,-25,25,2.8265511439772997,-25,37.5,0.4514426471192435,-25,50,0.23656683664983402,-25,-50,0.16896719902108118,-12.5,-37.5,-1.291447063621454,-12.5,-25,-3.239222708070087,-12.5,-12.5,-1.1245430201332927,-12.5,0,0.9934411226250677,-12.5,12.5,1.386570648353604,-12.5,25,2.237974367339171,-12.5,37.5,-0.4286067195140998,-12.5,50,0.03850937960861196,-12.5,-50,0,0,-37.5,0.014608207267282871,0,-25,-2.5557601649141244,0,-12.5,-1.3452486613177577,0,0,0,0,12.5,-2.5742825035142145,0,25,2.7970635360870992,0,37.5,0.3362090558313913,0,50,0,0,-50,-0.3009251049808549,12.5,-37.5,1.506948796219712,12.5,-25,-1.8599053917346886,12.5,-12.5,2.614828326991627,12.5,0,-0.8691024974969724,12.5,12.5,-2.3548757394738837,12.5,25,3.329864706219098,12.5,37.5,1.2251247376865866,12.5,50,-0.16160057384162071,12.5,-50,0.240128141960909,25,-37.5,0.49872616992479163,25,-25,-0.1305227346633724,25,-12.5,1.57513746455086,25,0,-0.2401281418908226,25,12.5,-1.7725484952530923,25,25,0.40361075697434956,25,37.5,-0.18008183856615181,25,50,0.24126775964550135,25,-50,0.8691024941986174,37.5,-37.5,-0.4105212927060214,37.5,-25,1.7439881467545282,37.5,-12.5,0.4426723708941994,37.5,0,0.3009251084459388,37.5,12.5,-1.2395284857285742,37.5,25,-2.4886526891958654,37.5,37.5,-1.3865751967324131,37.5,50,0.7324890066918665,37.5,-50,0,50,-37.5,0.7019633890087311,50,-25,2.211219890842604,50,-12.5,0.726323275184856,50,0,0,50,12.5,-0.5166392972415604,50,25,-1.9761844174523582,50,37.5,-0.34358057784700363,50,50,0,50],"indices":[0,9,1,9,10,1,1,10,2,10,11,2,2,11,3,11,12,3,3,12,4,12,13,4,4,13,5,13,14,5,5,14,6,14,15,6,6,15,7,15,16,7,7,16,8,16,17,8,9,18,10,18,19,10,10,19,11,19,20,11,11,20,12,20,21,12,12,21,13,21,22,13,13,22,14,22,23,14,14,23,15,23,24,15,15,24,16,24,25,16,16,25,17,25,26,17,18,27,19,27,28,19,19,28,20,28,29,20,20,29,21,29,30,21,21,30,22,30,31,22,22,31,23,31,32,23,23,32,24,32,33,24,24,33,25,33,34,25,25,34,26,34,35,26,27,36,28,36,37,28,28,37,29,37,38,29,29,38,30,38,39,30,30,39,31,39,40,31,31,40,32,40,41,32,32,41,33,41,42,33,33,42,34,42,43,34,34,43,35,43,44,35,36,45,37,45,46,37,37,46,38,46,47,38,38,47,39,47,48,39,39,48,40,48,49,40,40,49,41,49,50,41,41,50,42,50,51,42,42,51,43,51,52,43,43,52,44,52,53,44,45,54,46,54,55,46,46,55,47,55,56,47,47,56,48,56,57,48,48,57,49,57,58,49,49,58,50,58,59,50,50,59,51,59,60,51,51,60,52,60,61,52,52,61,53,61,62,53,54,63,55,63,64,55,55,64,56,64,65,56,56,65,57,65,66,57,57,66,58,66,67,58,58,67,59,67,68,59,59,68,60,68,69,60,60,69,61,69,70,61,61,70,62,70,71,62,63,72,64,72,73,64,64,73,65,73,74,65,65,74,66,74,75,66,66,75,67,75,76,67,67,76,68,76,77,68,68,77,69,77,78,69,69,78,70,78,79,70,70,79,71,79,80,71],"center":{"x":900,"z":500},"lod":2,"index":59}