{"vertices":[-50,0,-50,-25,0.5895474060185193,-50,0,0,-50,25,1.1523850176909183,-50,50,0,-50,-50,0.24112530741155636,-25,-25,0.6084223254258535,-25,0,0.2389885241431525,-25,25,-1.0244442354520065,-25,50,-0.24112530745828933,-25,-50,0,0,-25,0.5539343525281336,0,0,0,0,25,-3.603483765256727,0,50,0,0,-50,0.23329043525528437,25,-25,-1.8159425852895645,25,0,0.21619616949345902,25,25,-0.9946004974313665,25,50,-0.19269155367875362,25,-50,0,50,-25,0.479859197642331,50,0,0,50,25,1.1680547607442613,50,50,0,50],"indices":[0,5,1,5,6,1,1,6,2,6,7,2,2,7,3,7,8,3,3,8,4,8,9,4,5,10,6,10,11,6,6,11,7,11,12,7,7,12,8,12,13,8,8,13,9,13,14,9,10,15,11,15,16,11,11,16,12,16,17,12,12,17,13,17,18,13,13,18,14,18,19,14,15,20,16,20,21,16,16,21,17,21,22,17,17,22,18,22,23,18,18,23,19,23,24,19],"center":{"x":600,"z":200},"lod":3,"index":26}