{"vertices":[-50,0,-50,-25,0.5739488882092776,-50,0,0,-50,25,1.1794509388026757,-50,50,0,-50,-50,0.23827626294077325,-25,-25,0.6155449361356196,-25,0,0.2332904353767633,-25,25,1.3081814477043638,-25,50,-0.24055549853889815,-25,-50,0,0,-25,0.5781512294319171,0,0,0,0,25,-3.5960762494413094,0,50,0,0,-50,0.22490356099554368,25,-25,0.4944605522007492,25,0,0.2275923469070822,25,25,-3.320691184797387,25,50,-0.2092160109393736,25,-50,0,50,-25,-4.0976594079993784,50,0,0,50,25,1.1324417060448835,50,50,0,50],"indices":[0,5,1,5,6,1,1,6,2,6,7,2,2,7,3,7,8,3,3,8,4,8,9,4,5,10,6,10,11,6,6,11,7,11,12,7,7,12,8,12,13,8,8,13,9,13,14,9,10,15,11,15,16,11,11,16,12,16,17,12,12,17,13,17,18,13,13,18,14,18,19,14,15,20,16,20,21,16,16,21,17,21,22,17,17,22,18,22,23,18,18,23,19,23,24,19],"center":{"x":600,"z":600},"lod":3,"index":66}