{"vertices":[-50,0,-50,-25,-0.7909641526817992,-50,0,0,-50,25,-0.2313317173648559,-50,50,0,-50,-50,-0.24012814186746034,-25,-25,-0.8552813291884587,-25,0,0.2161961697083911,-25,25,-0.4627702739685297,-25,50,-0.2013811382878078,-25,-50,0,0,-25,-0.8138277346045917,0,0,0,0,25,-0.22990719544017219,0,50,0,0,-50,-0.22915932098743846,25,-25,-1.0097244621825714,25,0,-0.2013811382878078,25,25,-0.43285530878429845,25,50,-0.24126775967820843,25,-50,0,50,-25,-0.8383295157391341,50,0,0,50,25,-0.17805458777633562,50,50,0,50],"indices":[0,5,1,5,6,1,1,6,2,6,7,2,2,7,3,7,8,3,3,8,4,8,9,4,5,10,6,10,11,6,6,11,7,11,12,7,7,12,8,12,13,8,8,13,9,13,14,9,10,15,11,15,16,11,11,16,12,16,17,12,12,17,13,17,18,13,13,18,14,18,19,14,15,20,16,20,21,16,16,21,17,21,22,17,17,22,18,22,23,18,18,23,19,23,24,19],"center":{"x":400,"z":900},"lod":3,"index":94}