{"vertices":[-50,0,-50,-25,0.3571472922202156,-50,0,0,-50,25,-4.184086950723471,-50,50,0,-50,-50,-0.24112530746763425,-25,-25,0.36932695687083816,-25,0,0.23898852412679902,-25,25,0.6765803668425917,-25,50,0.24112530741155636,-25,-50,0,0,-25,0.33891340855886604,0,0,0,0,25,0.47776336801336405,0,50,0,0,-50,-0.19269155382827552,25,-25,0.3703953484072198,25,0,0.21619616954719198,25,25,0.6737313228413668,25,50,0.23329043525528437,25,-50,0,50,-25,0.35308740438619113,50,0,0,50,25,0.4556120482163472,50,50,0,50],"indices":[0,5,1,5,6,1,1,6,2,6,7,2,2,7,3,7,8,3,3,8,4,8,9,4,5,10,6,10,11,6,6,11,7,11,12,7,7,12,8,12,13,8,8,13,9,13,14,9,10,15,11,15,16,11,11,16,12,16,17,12,12,17,13,17,18,13,13,18,14,18,19,14,15,20,16,20,21,16,16,21,17,21,22,17,17,22,18,22,23,18,18,23,19,23,24,19],"center":{"x":500,"z":200},"lod":3,"index":25}