{"vertices":[-50,0,-50,-37.5,-1.3129338313636372,-50,-25,1.22884090485365,-50,-12.5,-0.32908147026938284,-50,0,0,-50,12.5,0.9313211258373888,-50,25,1.3495282071769856,-50,37.5,-1.7805991656817861,-50,50,0,-50,-50,-1.12311845062818,-37.5,-37.5,-1.67709778986963,-37.5,-25,0.8940099240337784,-37.5,-12.5,-1.6139768420153435,-37.5,0,-0.9934411205291062,-37.5,12.5,0.952421503769433,-37.5,25,1.327866115090433,-37.5,37.5,2.2770238338962496,-37.5,50,-0.3082653363008124,-37.5,-50,-0.22759234666878775,-25,-37.5,-0.7584192793726362,-25,-25,1.2719327012377746,-25,-12.5,-0.8681150553149497,-25,0,0.18314725499792242,-25,12.5,0.420043866923813,-25,25,-3.1122942691959765,-25,37.5,2.302783327513933,-25,50,-0.22490356128173,-25,-50,0.5847625431795643,-12.5,-37.5,0.2418986332827478,-12.5,-25,1.5353862446924536,-12.5,-12.5,-0.06613138895864601,-12.5,0,1.281289011541513,-12.5,12.5,-1.4723868969824827,-12.5,25,-3.349408044800921,-12.5,37.5,2.386851253111436,-12.5,50,-0.23809307515230116,-12.5,-50,0,0,-37.5,-0.6278410523461685,0,-25,1.2864628273584944,0,-12.5,-1.0300891113998965,0,0,0,0,12.5,-1.1869962829106497,0,25,-3.384118029702778,0,37.5,1.7413300732672274,0,50,0,0,-50,-0.4500671966082648,12.5,-37.5,-1.592459188821861,12.5,-25,1.185917310171925,12.5,-12.5,-1.8682613056269937,12.5,0,-1.123118450141918,12.5,12.5,-0.7817316277057511,12.5,25,-3.5185838943417176,12.5,37.5,0.9478965203932028,12.5,50,0.3716115215209421,12.5,-50,-0.23329043555899237,25,-37.5,-0.3163248367182,25,-25,1.076890685986716,25,-12.5,-1.6107439237710603,25,0,-0.2275923467085017,25,12.5,-1.0620415661172442,25,25,-0.7597074697205244,25,37.5,0.8597290040600216,25,50,-0.23827626320242057,25,-50,-0.10249842426498804,37.5,-37.5,0.9523104377743001,37.5,-25,0.8994781080347922,37.5,-12.5,-1.428739322452044,37.5,0,0.5847625425988202,37.5,12.5,-1.4015946137040745,37.5,25,2.0836665468750546,37.5,37.5,0.8573124998652983,37.5,50,-0.9353834647858985,37.5,-50,0,50,-37.5,0.046026102516464176,50,-25,1.303272189112682,50,-12.5,-1.6820387968290271,50,0,0,50,12.5,-0.5223878269430802,50,25,1.4059392851680146,50,37.5,-0.4427422602396993,50,50,0,50],"indices":[0,9,1,9,10,1,1,10,2,10,11,2,2,11,3,11,12,3,3,12,4,12,13,4,4,13,5,13,14,5,5,14,6,14,15,6,6,15,7,15,16,7,7,16,8,16,17,8,9,18,10,18,19,10,10,19,11,19,20,11,11,20,12,20,21,12,12,21,13,21,22,13,13,22,14,22,23,14,14,23,15,23,24,15,15,24,16,24,25,16,16,25,17,25,26,17,18,27,19,27,28,19,19,28,20,28,29,20,20,29,21,29,30,21,21,30,22,30,31,22,22,31,23,31,32,23,23,32,24,32,33,24,24,33,25,33,34,25,25,34,26,34,35,26,27,36,28,36,37,28,28,37,29,37,38,29,29,38,30,38,39,30,30,39,31,39,40,31,31,40,32,40,41,32,32,41,33,41,42,33,33,42,34,42,43,34,34,43,35,43,44,35,36,45,37,45,46,37,37,46,38,46,47,38,38,47,39,47,48,39,39,48,40,48,49,40,40,49,41,49,50,41,41,50,42,50,51,42,42,51,43,51,52,43,43,52,44,52,53,44,45,54,46,54,55,46,46,55,47,55,56,47,47,56,48,56,57,48,48,57,49,57,58,49,49,58,50,58,59,50,50,59,51,59,60,51,51,60,52,60,61,52,52,61,53,61,62,53,54,63,55,63,64,55,55,64,56,64,65,56,56,65,57,65,66,57,57,66,58,66,67,58,58,67,59,67,68,59,59,68,60,68,69,60,60,69,61,69,70,61,61,70,62,70,71,62,63,72,64,72,73,64,64,73,65,73,74,65,65,74,66,74,75,66,66,75,67,75,76,67,67,76,68,76,77,68,68,77,69,77,78,69,69,78,70,78,79,70,70,79,71,79,80,71],"center":{"x":700,"z":100},"lod":2,"index":17}