{"vertices":[-50,0,-50,-25,-3.172261310271176,-50,0,0,-50,25,-2.632572183623925,-50,50,0,-50,-50,0.22915932139861256,-25,-25,1.5309713788135006,-25,0,-0.23656683643957235,-25,25,2.1654749225979932,-25,50,-0.22490356122041258,-25,-50,0,0,-25,1.5269114915632382,0,0,0,0,25,2.1114018391634564,0,50,0,0,-50,0.24012814199594337,25,-25,1.7434637916269322,25,0,-0.22232161480979873,25,25,2.120376329163776,25,50,-0.2382762631463473,25,-50,0,50,-25,1.5283360135696853,50,0,0,50,25,2.09288305137415,50,50,0,50],"indices":[0,5,1,5,6,1,1,6,2,6,7,2,2,7,3,7,8,3,3,8,4,8,9,4,5,10,6,10,11,6,6,11,7,11,12,7,7,12,8,12,13,8,8,13,9,13,14,9,10,15,11,15,16,11,11,16,12,16,17,12,12,17,13,17,18,13,13,18,14,18,19,14,15,20,16,20,21,16,16,21,17,21,22,17,17,22,18,22,23,18,18,23,19,23,24,19],"center":{"x":800,"z":300},"lod":3,"index":38}