{"vertices":[-50,0,-50,-25,1.199851878376706,-50,0,0,-50,25,1.373460179810308,-50,50,0,-50,-50,0.22232161457617722,-25,-25,1.319725419829971,-25,0,-0.19269155360399856,-25,25,-3.5542309063053708,-25,50,0.22915932139861256,-25,-50,0,0,-25,1.2898816806400524,0,0,0,0,25,-3.39067083168238,0,50,0,0,-50,0.23656683655638533,25,-25,1.4966047773424496,25,0,0.22232161462290173,25,25,-1.2478876583299916,25,50,0.24012814199594337,25,-50,0,50,-25,1.3040556761928634,50,0,0,50,25,1.3922638721656033,50,50,0,50],"indices":[0,5,1,5,6,1,1,6,2,6,7,2,2,7,3,7,8,3,3,8,4,8,9,4,5,10,6,10,11,6,6,11,7,11,12,7,7,12,8,12,13,8,8,13,9,13,14,9,10,15,11,15,16,11,11,16,12,16,17,12,12,17,13,17,18,13,13,18,14,18,19,14,15,20,16,20,21,16,16,21,17,21,22,17,17,22,18,22,23,18,18,23,19,23,24,19],"center":{"x":700,"z":300},"lod":3,"index":37}