{"vertices":[-50,0,-50,-37.5,-0.834364997967924,-50,-25,-2.5130244982574528,-50,-12.5,-0.593832966731853,-50,0,0,-50,12.5,0.8096468417859949,-50,25,2.69107908379228,-50,37.5,1.1465899516235691,-50,50,0,-50,-50,0.5211959963979228,-37.5,-37.5,-0.19446495557214616,-37.5,-25,-1.9119694502837028,-37.5,-12.5,-1.4185293433145452,-37.5,0,-1.117100356228019,-37.5,12.5,0.41456018305187115,-37.5,25,3.3355271789471628,-37.5,37.5,1.2283544047909503,-37.5,50,0.6626573108665295,-37.5,-50,0.23656683657974756,-25,-37.5,-0.710855545258139,-25,-25,-2.595931689551137,-25,-12.5,-1.1298611301782724,-25,0,4.96196339572208e-9,-25,12.5,0.9477132844639449,-25,25,2.806038024147771,-25,37.5,0.586681969733698,-25,50,0.2405554986510453,-25,-50,0.03850938119043992,-12.5,-37.5,-1.3123643902109559,-12.5,-25,-3.2560799245720946,-12.5,-12.5,-0.8990960025066257,-12.5,0,1.11710035964854,-12.5,12.5,1.3928126678718398,-12.5,25,2.2432584538816305,-12.5,37.5,-0.15243795405147673,-12.5,50,-0.09346328014764975,-12.5,-50,0,0,-37.5,-0.12116141613290769,0,-25,-2.5842506082811423,0,-12.5,-1.2427744617111545,0,0,0,0,12.5,1.411337048701228,0,25,2.8235596481649887,0,37.5,0.4782170846546242,0,50,0,0,-50,-0.16160057553235652,12.5,-37.5,1.177838906490344,12.5,-25,-1.897518341616383,12.5,-12.5,-1.0454218151877421,12.5,0,-0.9999800555373102,12.5,12.5,-2.559386401274642,12.5,25,3.379142044061042,12.5,37.5,1.2364285741353414,12.5,50,-0.02667648256500708,12.5,-50,0.24126775965250133,25,-37.5,0.34348732791134595,25,-25,-2.4663001729409446,25,-12.5,2.4016240915271676,25,0,-0.23556967086509895,25,12.5,-2.6035177063283994,25,25,2.7319628736972836,25,37.5,-0.06641067192712231,25,50,0.23898852404504015,25,-50,0.7324890083992779,37.5,-37.5,-0.6907782500148743,37.5,-25,1.0592901312893894,37.5,-12.5,0.8332538545827989,37.5,0,0.44264684169981017,37.5,12.5,-1.4159608260506529,37.5,25,-1.9991406270656937,37.5,37.5,-1.4310573557378181,37.5,50,0.5921428276000699,37.5,-50,0,50,-37.5,0.5586282174303001,50,-25,2.1815898292443197,50,-12.5,0.8643014642933623,50,0,0,50,12.5,-0.6625352699511655,50,25,-1.9548165844061258,50,37.5,-0.2032986693294881,50,50,0,50],"indices":[0,9,1,9,10,1,1,10,2,10,11,2,2,11,3,11,12,3,3,12,4,12,13,4,4,13,5,13,14,5,5,14,6,14,15,6,6,15,7,15,16,7,7,16,8,16,17,8,9,18,10,18,19,10,10,19,11,19,20,11,11,20,12,20,21,12,12,21,13,21,22,13,13,22,14,22,23,14,14,23,15,23,24,15,15,24,16,24,25,16,16,25,17,25,26,17,18,27,19,27,28,19,19,28,20,28,29,20,20,29,21,29,30,21,21,30,22,30,31,22,22,31,23,31,32,23,23,32,24,32,33,24,24,33,25,33,34,25,25,34,26,34,35,26,27,36,28,36,37,28,28,37,29,37,38,29,29,38,30,38,39,30,30,39,31,39,40,31,31,40,32,40,41,32,32,41,33,41,42,33,33,42,34,42,43,34,34,43,35,43,44,35,36,45,37,45,46,37,37,46,38,46,47,38,38,47,39,47,48,39,39,48,40,48,49,40,40,49,41,49,50,41,41,50,42,50,51,42,42,51,43,51,52,43,43,52,44,52,53,44,45,54,46,54,55,46,46,55,47,55,56,47,47,56,48,56,57,48,48,57,49,57,58,49,49,58,50,58,59,50,50,59,51,59,60,51,51,60,52,60,61,52,52,61,53,61,62,53,54,63,55,63,64,55,55,64,56,64,65,56,56,65,57,65,66,57,57,66,58,66,67,58,58,67,59,67,68,59,59,68,60,68,69,60,60,69,61,69,70,61,61,70,62,70,71,62,63,72,64,72,73,64,64,73,65,73,74,65,65,74,66,74,75,66,66,75,67,75,76,67,67,76,68,76,77,68,68,77,69,77,78,69,69,78,70,78,79,70,70,79,71,79,80,71],"center":{"x":900,"z":900},"lod":2,"index":99}