{"vertices":[-50,0,-50,-37.5,-1.4956986209597891,-50,-25,0.3614208588703426,-50,-12.5,1.4875043301642359,-50,0,0,-50,12.5,-1.5683197790532855,-50,25,0.46180872004826745,-50,37.5,-1.9822961485821768,-50,50,0,-50,-50,-1.3381648204591226,-37.5,-37.5,-2.06788092579534,-37.5,-25,0.4576212817308254,-37.5,-12.5,2.022572155786135,-37.5,0,1.175446850253799,-37.5,12.5,-1.6917069530052884,-37.5,25,1.686591707202803,-37.5,37.5,-1.4423417443438686,-37.5,50,0.37161151977673534,-37.5,-50,-0.2013811382878078,-25,-37.5,-0.9695825724489239,-25,-25,0.3389846351424894,-25,-12.5,0.9660491400057115,-25,0,0.1727482359195719,-25,12.5,-1.0071252753473838,-25,25,0.6593436461157787,-25,37.5,2.0989790522305745,-25,50,-0.23827626325848117,-25,-50,0.8621629204480558,-12.5,-37.5,0.19479204823188337,-12.5,-25,0.21058639479342411,-12.5,-12.5,-0.15864043860842592,-12.5,0,-1.0563483152860378,-12.5,12.5,-0.23042739127129014,-12.5,25,-0.44478711885066774,-12.5,37.5,2.017368779689352,-12.5,50,-0.9353834631750703,-12.5,-50,0,0,-37.5,-0.7659850501548031,0,-25,0.28877022946260245,0,-12.5,0.7790751234946767,0,0,0,0,12.5,-0.8883364996203201,0,25,0.48061241249351594,0,37.5,1.5895687128577851,0,50,0,0,-50,-0.7324890146597763,12.5,-37.5,-0.39506152978715214,12.5,-25,-4.180694301685967,12.5,-12.5,1.887022197817689,12.5,0,0.9353834706922362,12.5,12.5,-1.6663473894056002,12.5,25,1.2707506836871838,12.5,37.5,1.0166893758890232,12.5,50,1.0563483081832041,12.5,-50,-0.24126775967820843,25,-37.5,0.8159111964001873,25,-25,-2.001689598144643,25,-12.5,-0.09920558528450599,25,0,0.23827626299682508,25,12.5,-0.5178309990842989,25,25,0.6878340925666127,25,37.5,1.4773288442858168,25,50,-0.17274824378954862,25,-50,0.16160058173171607,37.5,-37.5,1.9503725724653773,37.5,-25,0.20452577528766866,37.5,-12.5,-2.0204889900224248,37.5,0,-0.3716115279163572,37.5,12.5,0.6475764718755651,37.5,25,0.18030893262188444,37.5,37.5,2.0143870784661537,37.5,50,-1.1754468605087647,37.5,-50,0,50,-37.5,1.392855295498854,50,-25,0.3332153196242779,50,-12.5,-1.3886508178184602,50,0,0,50,12.5,-0.17111601597699055,50,25,0.375197772486903,50,37.5,0.8836936300344216,50,50,0,50],"indices":[0,9,1,9,10,1,1,10,2,10,11,2,2,11,3,11,12,3,3,12,4,12,13,4,4,13,5,13,14,5,5,14,6,14,15,6,6,15,7,15,16,7,7,16,8,16,17,8,9,18,10,18,19,10,10,19,11,19,20,11,11,20,12,20,21,12,12,21,13,21,22,13,13,22,14,22,23,14,14,23,15,23,24,15,15,24,16,24,25,16,16,25,17,25,26,17,18,27,19,27,28,19,19,28,20,28,29,20,20,29,21,29,30,21,21,30,22,30,31,22,22,31,23,31,32,23,23,32,24,32,33,24,24,33,25,33,34,25,25,34,26,34,35,26,27,36,28,36,37,28,28,37,29,37,38,29,29,38,30,38,39,30,30,39,31,39,40,31,31,40,32,40,41,32,32,41,33,41,42,33,33,42,34,42,43,34,34,43,35,43,44,35,36,45,37,45,46,37,37,46,38,46,47,38,38,47,39,47,48,39,39,48,40,48,49,40,40,49,41,49,50,41,41,50,42,50,51,42,42,51,43,51,52,43,43,52,44,52,53,44,45,54,46,54,55,46,46,55,47,55,56,47,47,56,48,56,57,48,48,57,49,57,58,49,49,58,50,58,59,50,50,59,51,59,60,51,51,60,52,60,61,52,52,61,53,61,62,53,54,63,55,63,64,55,55,64,56,64,65,56,56,65,57,65,66,57,57,66,58,66,67,58,58,67,59,67,68,59,59,68,60,68,69,60,60,69,61,69,70,61,61,70,62,70,71,62,63,72,64,72,73,64,64,73,65,73,74,65,65,74,66,74,75,66,66,75,67,75,76,67,67,76,68,76,77,68,68,77,69,77,78,69,69,78,70,78,79,70,70,79,71,79,80,71],"center":{"x":500,"z":900},"lod":2,"index":95}