{"vertices":[-50,0,-50,-37.5,-1.4270730300172643,-50,-25,0.35992511066194355,-50,-12.5,1.4209395665148838,-50,0,0,-50,12.5,-1.5061884233591452,-50,25,0.4556120484195979,-50,37.5,-2.0276892297020153,-50,50,0,-50,-50,1.2889330418825682,-37.5,-37.5,-0.48934746734871054,-37.5,-25,0.24862614431438623,-37.5,-12.5,0.5283266698337202,-37.5,0,-1.281289006407878,-37.5,12.5,-1.0296053886477436,-37.5,25,-0.8018814354443384,-37.5,37.5,1.7872111065735152,-37.5,50,-0.44264683470097943,-37.5,-50,0.20921601033195764,-25,-37.5,-1.2269180101673245,-25,-25,0.3327879639150688,-25,-12.5,1.2376234002679891,-25,0,-0.18314725450731212,-25,12.5,-1.4009787940669347,-25,25,0.2743878984083881,-25,37.5,1.590222378818106,-25,50,0.2355696711734709,-25,-50,-0.7942927157977366,-12.5,-37.5,-2.0209544319900226,-12.5,-25,0.4078359022229841,-12.5,-12.5,2.0058815688071094,-12.5,0,0.9934411236730512,-12.5,12.5,-1.8514163453038495,-12.5,25,1.3408121616003346,-12.5,37.5,1.2995966025567496,-12.5,50,0.9999800492720977,-12.5,-50,0,0,-37.5,-0.6922929457723697,0,-25,0.2744537817769011,0,-12.5,0.7075940889145831,0,0,0,0,12.5,-0.8177581725051881,0,25,0.47776336819559106,0,37.5,1.524983395154318,0,50,0,0,-50,0.6626573097150139,12.5,-37.5,2.03726566180632,12.5,-25,-3.911461813554515,12.5,-12.5,-0.8142289103787849,12.5,0,-0.8691024985964234,12.5,12.5,0.32801695633123185,12.5,25,-0.26551417426027035,12.5,37.5,1.8730085058444703,12.5,50,-1.1171003537847803,12.5,-50,0.240555498632347,25,-37.5,1.3089942313468825,25,-25,0.29304379459975,25,-12.5,-1.283449465593528,25,0,-0.24012814186746034,25,12.5,-0.343391790909961,25,25,0.19746370131090268,25,37.5,0.9525017789229864,25,50,1.2050482167680341e-8,25,-50,-0.09346327904058496,37.5,-37.5,0.6544113491036242,37.5,-25,0.42829476588341153,37.5,-12.5,-0.5633111228274464,37.5,0,0.3009251096009624,37.5,12.5,-1.211454114366393,37.5,25,0.5604765818091584,37.5,37.5,-0.055253101662879466,37.5,50,1.1171003620917674,37.5,-50,0,50,-37.5,1.4636673333440509,50,-25,0.3411214177027447,50,-12.5,-1.4627481599311647,50,0,0,50,12.5,1.3213448888654873,50,25,-4.184086949987565,50,37.5,0.8103608557090923,50,50,0,50],"indices":[0,9,1,9,10,1,1,10,2,10,11,2,2,11,3,11,12,3,3,12,4,12,13,4,4,13,5,13,14,5,5,14,6,14,15,6,6,15,7,15,16,7,7,16,8,16,17,8,9,18,10,18,19,10,10,19,11,19,20,11,11,20,12,20,21,12,12,21,13,21,22,13,13,22,14,22,23,14,14,23,15,23,24,15,15,24,16,24,25,16,16,25,17,25,26,17,18,27,19,27,28,19,19,28,20,28,29,20,20,29,21,29,30,21,21,30,22,30,31,22,22,31,23,31,32,23,23,32,24,32,33,24,24,33,25,33,34,25,25,34,26,34,35,26,27,36,28,36,37,28,28,37,29,37,38,29,29,38,30,38,39,30,30,39,31,39,40,31,31,40,32,40,41,32,32,41,33,41,42,33,33,42,34,42,43,34,34,43,35,43,44,35,36,45,37,45,46,37,37,46,38,46,47,38,38,47,39,47,48,39,39,48,40,48,49,40,40,49,41,49,50,41,41,50,42,50,51,42,42,51,43,51,52,43,43,52,44,52,53,44,45,54,46,54,55,46,46,55,47,55,56,47,47,56,48,56,57,48,48,57,49,57,58,49,49,58,50,58,59,50,50,59,51,59,60,51,51,60,52,60,61,52,52,61,53,61,62,53,54,63,55,63,64,55,55,64,56,64,65,56,56,65,57,65,66,57,57,66,58,66,67,58,58,67,59,67,68,59,59,68,60,68,69,60,60,69,61,69,70,61,61,70,62,70,71,62,63,72,64,72,73,64,64,73,65,73,74,65,65,74,66,74,75,66,66,75,67,75,76,67,67,76,68,76,77,68,68,77,69,77,78,69,69,78,70,78,79,70,70,79,71,79,80,71],"center":{"x":500,"z":700},"lod":2,"index":75}