{"vertices":[-50,0,-50,-37.5,-0.1799235071516695,-50,-25,-1.6810341019259898,-50,-12.5,0.7019633925024961,-50,0,0,-50,12.5,-2.3286510556626174,-50,25,-1.0797343940328883,-50,37.5,-0.8059104979517484,-50,50,0,-50,-50,0.6553421159589983,-37.5,-37.5,0.809441340162229,-37.5,-25,-1.223332101506377,-37.5,-12.5,1.497836058391126,-37.5,0,0.3790068412354616,-37.5,12.5,-2.223768246903854,-37.5,25,3.149276958926209,-37.5,37.5,-2.031223755099754,-37.5,50,0.7942927113048798,-37.5,-50,-0.22232161509014445,-25,-37.5,0.052791026218333155,-25,-25,-1.5461069251911221,-25,-12.5,0.18900052417689706,-25,0,0.22915932124909474,-25,12.5,-2.3165971091904587,-25,25,3.353455187600607,-25,37.5,-2.344132633945985,-25,50,-0.20921601081788863,-25,-50,-1.18115944711311,-12.5,-37.5,-0.7747739234469858,-12.5,-25,-1.9233457568195125,-12.5,-12.5,-1.193144228362557,-12.5,0,0.16896719957828737,-12.5,12.5,-2.468276261409645,-12.5,25,3.4170453334864193,-12.5,37.5,1.0962876785958244,-12.5,50,-1.2889330385456996,-12.5,-50,0,0,-37.5,0.5334436724970408,0,-25,-1.764796006169478,0,-12.5,0.014608210529764895,0,0,0,0,12.5,-1.7253666119919553,0,25,3.559038668651503,0,37.5,1.312667330600835,0,50,0,0,-50,1.3839593736456193,12.5,-37.5,1.6535468096372596,12.5,-25,-1.7285785859053184,12.5,-12.5,1.0199885308550547,12.5,0,-0.30092510555836866,12.5,12.5,0.571670135779453,12.5,25,-0.7448948085653767,12.5,37.5,0.9865594760845282,12.5,50,1.2889330402141335,12.5,-50,0.19269155285640274,25,-37.5,1.1009695094322793,25,-25,-1.541833356535334,25,-12.5,-0.10976374624325769,25,0,0.24012814194922796,25,12.5,-0.12718782708001772,25,25,-1.359749154334261,25,37.5,1.205490205667323,25,50,0.20921601057492026,25,-50,-0.9286291922330049,37.5,-37.5,0.6309838167999465,37.5,-25,-1.270772008996742,37.5,-12.5,-1.1612240671961782,37.5,0,0.8691024947483433,37.5,12.5,-0.9180410165108903,37.5,25,-2.0278269177101405,37.5,37.5,1.4808003409630086,37.5,50,-0.7942927135513096,37.5,-50,0,50,-37.5,1.2347726657550675,50,-25,-1.7419324256285538,50,-12.5,-0.6938209962060831,50,0,0,50,12.5,0.43979519038512216,50,25,-1.1894226002761112,50,37.5,0.6668225031617742,50,50,0,50],"indices":[0,9,1,9,10,1,1,10,2,10,11,2,2,11,3,11,12,3,3,12,4,12,13,4,4,13,5,13,14,5,5,14,6,14,15,6,6,15,7,15,16,7,7,16,8,16,17,8,9,18,10,18,19,10,10,19,11,19,20,11,11,20,12,20,21,12,12,21,13,21,22,13,13,22,14,22,23,14,14,23,15,23,24,15,15,24,16,24,25,16,16,25,17,25,26,17,18,27,19,27,28,19,19,28,20,28,29,20,20,29,21,29,30,21,21,30,22,30,31,22,22,31,23,31,32,23,23,32,24,32,33,24,24,33,25,33,34,25,25,34,26,34,35,26,27,36,28,36,37,28,28,37,29,37,38,29,29,38,30,38,39,30,30,39,31,39,40,31,31,40,32,40,41,32,32,41,33,41,42,33,33,42,34,42,43,34,34,43,35,43,44,35,36,45,37,45,46,37,37,46,38,46,47,38,38,47,39,47,48,39,39,48,40,48,49,40,40,49,41,49,50,41,41,50,42,50,51,42,42,51,43,51,52,43,43,52,44,52,53,44,45,54,46,54,55,46,46,55,47,55,56,47,47,56,48,56,57,48,48,57,49,57,58,49,49,58,50,58,59,50,50,59,51,59,60,51,51,60,52,60,61,52,52,61,53,61,62,53,54,63,55,63,64,55,55,64,56,64,65,56,56,65,57,65,66,57,57,66,58,66,67,58,58,67,59,67,68,59,59,68,60,68,69,60,60,69,61,69,70,61,61,70,62,70,71,62,63,72,64,72,73,64,64,73,65,73,74,65,65,74,66,74,75,66,66,75,67,75,76,67,67,76,68,76,77,68,68,77,69,77,78,69,69,78,70,78,79,70,70,79,71,79,80,71],"center":{"x":200,"z":400},"lod":2,"index":42}