{"vertices":[-50,0,-50,-37.5,-2.3544400584063663,-50,-25,2.691079086689186,-50,-12.5,0.0598854179091715,-50,0,0,-50,12.5,-0.1892567529581529,-50,25,-1.8780045663714882,-50,37.5,0.04288134837518855,-50,50,0,-50,-50,-0.3082653374569897,-37.5,-37.5,-0.46068643642912194,-37.5,-25,-1.3456953175884263,-37.5,-12.5,1.27819671866493,-37.5,0,-0.44264683645068914,-37.5,12.5,0.9821115524052844,-37.5,25,-1.0252020198698082,-37.5,37.5,-1.1028448117904197,-37.5,50,-0.5847625367913849,-37.5,-50,-0.22490356132261383,-25,-37.5,-0.7784591825423732,-25,-25,-1.759632119025968,-25,-12.5,-0.0828125162411612,-25,0,0.23556967109638435,-25,12.5,-0.02415431284318753,-25,25,-1.8801413502625026,-25,37.5,-0.4690103453468563,-25,50,0.22759234710566842,-25,-50,-0.23809307400751284,-12.5,-37.5,-1.1626425302116044,-12.5,-25,-2.2223348406065826,-12.5,-12.5,-1.4127835681623069,-12.5,0,0.9999800508383951,-12.5,12.5,-0.8426596083132594,-12.5,25,-2.726093949052844,-12.5,37.5,0.09856426205523444,-12.5,50,1.1231184452792722,-12.5,-50,0,0,-37.5,-0.22529807939005245,0,-25,-2.001825817154574,0,-12.5,-0.627469763955895,0,0,0,0,12.5,0.4844280242319044,0,25,-1.868032911724755,0,37.5,-0.6558655590963302,0,50,0,0,-50,0.3716115203581394,12.5,-37.5,0.8021363745562071,12.5,-25,-1.9008946768509145,12.5,-12.5,0.03417501179879907,12.5,0,-1.117100355250726,12.5,12.5,1.7400582092016805,12.5,25,-0.9695223113651827,12.5,37.5,-1.3015187616494437,12.5,50,-1.2812890029854507,12.5,-50,-0.23827626323980017,25,-37.5,-0.016173577599222704,25,-25,-1.7738773399260597,25,-12.5,-0.7261727772214321,25,0,7.797364393047346e-9,25,12.5,1.073665025944391,25,25,-1.585026653809273,25,37.5,-1.1862732589701683,25,50,-0.18314725418025501,25,-50,-0.935383463712018,37.5,-37.5,-0.6292058308022402,37.5,-25,-1.553607233828798,37.5,-12.5,-1.3853552347293556,37.5,0,1.1171003606258307,37.5,12.5,0.48097229176965345,37.5,25,1.9872861586394364,37.5,37.5,-2.3870756572627507,37.5,50,0.9934411257690161,37.5,-50,0,50,-37.5,0.44882907864659194,50,-25,-1.966212762904914,50,-12.5,-1.2631064444042481,50,0,0,50,12.5,1.1785207513366205,50,25,2.8978075251559154,50,37.5,1.3914438704252798,50,50,0,50],"indices":[0,9,1,9,10,1,1,10,2,10,11,2,2,11,3,11,12,3,3,12,4,12,13,4,4,13,5,13,14,5,5,14,6,14,15,6,6,15,7,15,16,7,7,16,8,16,17,8,9,18,10,18,19,10,10,19,11,19,20,11,11,20,12,20,21,12,12,21,13,21,22,13,13,22,14,22,23,14,14,23,15,23,24,15,15,24,16,24,25,16,16,25,17,25,26,17,18,27,19,27,28,19,19,28,20,28,29,20,20,29,21,29,30,21,21,30,22,30,31,22,22,31,23,31,32,23,23,32,24,32,33,24,24,33,25,33,34,25,25,34,26,34,35,26,27,36,28,36,37,28,28,37,29,37,38,29,29,38,30,38,39,30,30,39,31,39,40,31,31,40,32,40,41,32,32,41,33,41,42,33,33,42,34,42,43,34,34,43,35,43,44,35,36,45,37,45,46,37,37,46,38,46,47,38,38,47,39,47,48,39,39,48,40,48,49,40,40,49,41,49,50,41,41,50,42,50,51,42,42,51,43,51,52,43,43,52,44,52,53,44,45,54,46,54,55,46,46,55,47,55,56,47,47,56,48,56,57,48,48,57,49,57,58,49,49,58,50,58,59,50,50,59,51,59,60,51,51,60,52,60,61,52,52,61,53,61,62,53,54,63,55,63,64,55,55,64,56,64,65,56,56,65,57,65,66,57,57,66,58,66,67,58,58,67,59,67,68,59,59,68,60,68,69,60,60,69,61,69,70,61,61,70,62,70,71,62,63,72,64,72,73,64,64,73,65,73,74,65,65,74,66,74,75,66,66,75,67,75,76,67,67,76,68,76,77,68,68,77,69,77,78,69,69,78,70,78,79,70,70,79,71,79,80,71],"center":{"x":100,"z":600},"lod":2,"index":61}