{"vertices":[-50,0,-50,-37.5,-1.3568139684207094,-50,-25,0.3571472925005613,-50,-12.5,1.35275635646248,-50,0,0,-50,12.5,-1.4420855512114756,-50,25,0.4535464911422877,-50,37.5,-2.068929773008498,-50,50,0,-50,-50,-1.2365144513527766,-37.5,-37.5,-2.0312939524931046,-37.5,-25,0.4508637048737508,-37.5,-12.5,1.9926892877753306,-37.5,0,1.3839593769555485,-37.5,12.5,-1.6966437518667565,-37.5,25,1.7457247700216958,-37.5,37.5,2.0302125745727673,-37.5,50,0.5137806419967132,-37.5,-50,-0.21619616906359554,-25,-37.5,-0.8339192320005009,-25,-25,0.3244545091908584,-25,-12.5,0.8336711037319856,-25,0,0.19269155315544495,-25,12.5,-0.873481306260867,-25,25,0.6855548563587308,-25,37.5,2.0015057052685585,-25,50,-0.23200836577596468,-25,-50,0.7252689820352667,-12.5,-37.5,0.4209969951471323,-12.5,-25,0.18925528837948905,-12.5,-12.5,-0.38535840147221506,-12.5,0,-0.9286291900786657,-12.5,12.5,0.03600988097979979,-12.5,25,-0.3113142593494453,-12.5,37.5,2.0369337929930387,-12.5,50,-1.0626418448995139,-12.5,-50,0,0,-37.5,0.7928248532507914,0,-25,-4.2804861480721055,0,-12.5,0.6369986508391634,0,0,0,0,12.5,-0.7477123718442579,0,25,0.4732048972796654,0,37.5,1.458396512477117,0,50,0,0,-50,-0.5921428357247437,12.5,-37.5,-0.13818688439754465,12.5,-25,-3.70951586997088,12.5,-12.5,1.4927535344087908,12.5,0,0.8013875445858615,12.5,12.5,-1.6909515485861109,12.5,25,1.1180690331258918,12.5,37.5,0.7381623107809812,12.5,50,1.1754468488501166,12.5,-50,-0.23898852427398057,25,-37.5,0.9532260924680065,25,-25,0.2975310393913942,25,-12.5,-0.9460776951850438,25,0,0.24112530742558233,25,12.5,-0.5418632971558637,25,25,0.6627625024215791,25,37.5,1.3227299314215584,25,50,0.17274823167698003,25,-50,0.026676490145021894,37.5,-37.5,1.9593471145373917,37.5,-25,0.2248853132477323,37.5,-12.5,-2.0383429073109305,37.5,0,-0.23083799221190698,37.5,12.5,0.70712285808342,37.5,25,0.2826314987694282,37.5,37.5,1.9835487078412464,37.5,50,-1.056348316808075,37.5,-50,0,50,-37.5,1.5327131862557153,50,-25,0.3477454458282197,50,-12.5,-1.5350642928593572,50,0,0,50,12.5,1.4026993646472798,50,25,-4.194058605553596,50,37.5,0.7375305593177578,50,50,0,50],"indices":[0,9,1,9,10,1,1,10,2,10,11,2,2,11,3,11,12,3,3,12,4,12,13,4,4,13,5,13,14,5,5,14,6,14,15,6,6,15,7,15,16,7,7,16,8,16,17,8,9,18,10,18,19,10,10,19,11,19,20,11,11,20,12,20,21,12,12,21,13,21,22,13,13,22,14,22,23,14,14,23,15,23,24,15,15,24,16,24,25,16,16,25,17,25,26,17,18,27,19,27,28,19,19,28,20,28,29,20,20,29,21,29,30,21,21,30,22,30,31,22,22,31,23,31,32,23,23,32,24,32,33,24,24,33,25,33,34,25,25,34,26,34,35,26,27,36,28,36,37,28,28,37,29,37,38,29,29,38,30,38,39,30,30,39,31,39,40,31,31,40,32,40,41,32,32,41,33,41,42,33,33,42,34,42,43,34,34,43,35,43,44,35,36,45,37,45,46,37,37,46,38,46,47,38,38,47,39,47,48,39,39,48,40,48,49,40,40,49,41,49,50,41,41,50,42,50,51,42,42,51,43,51,52,43,43,52,44,52,53,44,45,54,46,54,55,46,46,55,47,55,56,47,47,56,48,56,57,48,48,57,49,57,58,49,49,58,50,58,59,50,50,59,51,59,60,51,51,60,52,60,61,52,52,61,53,61,62,53,54,63,55,63,64,55,55,64,56,64,65,56,56,65,57,65,66,57,57,66,58,66,67,58,58,67,59,67,68,59,59,68,60,68,69,60,60,69,61,69,70,61,61,70,62,70,71,62,63,72,64,72,73,64,64,73,65,73,74,65,65,74,66,74,75,66,66,75,67,75,76,67,67,76,68,76,77,68,68,77,69,77,78,69,69,78,70,78,79,70,70,79,71,79,80,71],"center":{"x":500,"z":500},"lod":2,"index":55}