{"vertices":[-50,0,-50,-37.5,0.37834089716844105,-50,-25,-1.9761844182116326,-50,-12.5,-1.2091883493146414,-50,0,0,-50,12.5,1.1162758788825178,-50,25,2.8735906477615347,-50,37.5,-2.6355047012248916,-50,50,0,-50,-50,-0.9934411168611748,-37.5,-37.5,-0.32734320313677373,-37.5,-25,-1.4129586449266485,-37.5,-12.5,-1.0855725699243894,-37.5,0,1.062641851972445,-37.5,12.5,0.7561728575477454,-37.5,25,2.6005555944786574,-37.5,37.5,1.33462126679497,-37.5,50,0.9353834728399951,-37.5,-50,0.18314725557030448,-25,-37.5,0.5541482737812066,-25,-25,0.37139874669523376,-25,-12.5,1.6765557896872272,-25,0,0.23200836531806615,-25,12.5,1.16329322151977,-25,25,2.7031928679829975,-25,37.5,1.3749387641806545,-25,50,0.23827626292208362,-25,-50,1.2812890175307592,-12.5,-37.5,1.3614644419088526,-12.5,-25,2.1631424357770794,-12.5,-12.5,0.6732994908809219,-12.5,0,-0.513780650158949,-12.5,12.5,-2.189733458973692,-12.5,25,2.682984037179457,-12.5,37.5,1.4652311733328651,-12.5,50,-0.3716115302419654,-12.5,-50,0,0,-37.5,1.078818933470193,0,-25,2.7970635346386494,0,-12.5,0.895587195834531,0,0,0,0,12.5,-2.445945077854965,0,25,2.897807528015443,0,37.5,0.8727107284414231,0,50,0,0,-50,-1.1231184535457723,12.5,-37.5,0.8921808595990217,12.5,-25,3.4109734357665604,12.5,-12.5,1.2445027428220599,12.5,0,0.37900684356238107,12.5,12.5,-1.977851348697255,12.5,25,2.7469481494965216,12.5,37.5,0.16645968992708765,12.5,50,0.23809308373821614,12.5,-50,-0.22759234643048576,25,-37.5,1.1778211941524999,25,-25,2.8294001887261055,25,-12.5,0.31651048706929363,25,0,0.22915932139861256,25,12.5,-0.9457213909665263,25,25,-2.006877524662758,25,37.5,0.6961629901341426,25,50,0.22490356097510178,25,-50,0.5847625466640225,37.5,-37.5,-2.2774921776991333,37.5,-25,2.2166955676681823,37.5,-12.5,-0.6985595115273081,37.5,0,0.16896719734945154,37.5,12.5,-1.2571696681018212,37.5,25,-2.732488525135694,37.5,37.5,1.2879574005846535,37.5,50,0.30826532762947945,37.5,-50,0,50,-37.5,-2.4758815477217153,50,-25,2.7529033489284958,50,-12.5,0.19609742213810707,50,0,0,50,12.5,-0.3356885909913299,50,25,-1.8680329109397944,50,37.5,0.17095563054998353,50,50,0,50],"indices":[0,9,1,9,10,1,1,10,2,10,11,2,2,11,3,11,12,3,3,12,4,12,13,4,4,13,5,13,14,5,5,14,6,14,15,6,6,15,7,15,16,7,7,16,8,16,17,8,9,18,10,18,19,10,10,19,11,19,20,11,11,20,12,20,21,12,12,21,13,21,22,13,13,22,14,22,23,14,14,23,15,23,24,15,15,24,16,24,25,16,16,25,17,25,26,17,18,27,19,27,28,19,19,28,20,28,29,20,20,29,21,29,30,21,21,30,22,30,31,22,22,31,23,31,32,23,23,32,24,32,33,24,24,33,25,33,34,25,25,34,26,34,35,26,27,36,28,36,37,28,28,37,29,37,38,29,29,38,30,38,39,30,30,39,31,39,40,31,31,40,32,40,41,32,32,41,33,41,42,33,33,42,34,42,43,34,34,43,35,43,44,35,36,45,37,45,46,37,37,46,38,46,47,38,38,47,39,47,48,39,39,48,40,48,49,40,40,49,41,49,50,41,41,50,42,50,51,42,42,51,43,51,52,43,43,52,44,52,53,44,45,54,46,54,55,46,46,55,47,55,56,47,47,56,48,56,57,48,48,57,49,57,58,49,49,58,50,58,59,50,50,59,51,59,60,51,51,60,52,60,61,52,52,61,53,61,62,53,54,63,55,63,64,55,55,64,56,64,65,56,56,65,57,65,66,57,57,66,58,66,67,58,58,67,59,67,68,59,59,68,60,68,69,60,60,69,61,69,70,61,61,70,62,70,71,62,63,72,64,72,73,64,64,73,65,73,74,65,65,74,66,74,75,66,66,75,67,75,76,67,67,76,68,76,77,68,68,77,69,77,78,69,69,78,70,78,79,70,70,79,71,79,80,71],"center":{"x":100,"z":900},"lod":2,"index":91}