{"vertices":[-50,0,-50,-25,0.3411214177027447,-50,0,0,-50,25,-4.184086949987565,-50,50,0,-50,-50,0.23898852407773843,-25,-25,0.3528737258968623,-25,0,-0.22915932098743846,-25,25,0.15771953196754895,-25,50,-0.23556967073661575,-25,-50,0,0,-25,0.34966855130087127,0,0,0,0,25,0.45895967515928865,0,50,0,0,-50,0.2161961697083911,25,-25,0.3347110653509131,25,0,-0.23200836567784336,25,25,0.2602851285453133,25,50,-0.2249035613430722,25,-50,0,50,-25,0.3614208588703426,50,0,0,50,25,0.46180872004826745,50,50,0,50],"indices":[0,5,1,5,6,1,1,6,2,6,7,2,2,7,3,7,8,3,3,8,4,8,9,4,5,10,6,10,11,6,6,11,7,11,12,7,7,12,8,12,13,8,8,13,9,13,14,9,10,15,11,15,16,11,11,16,12,16,17,12,12,17,13,17,18,13,13,18,14,18,19,14,15,20,16,20,21,16,16,21,17,21,22,17,17,22,18,22,23,18,18,23,19,23,24,19],"center":{"x":500,"z":800},"lod":3,"index":85}