{"vertices":[-50,0,-50,-25,1.1661619286862381,-50,0,0,-50,25,1.3922638725650947,-50,50,0,-50,-50,-0.21619616917105727,-25,-25,1.265664803401314,-25,0,0.20138113889756754,-25,25,-0.7909757308479748,-25,50,-0.2332904356804755,-25,-50,0,0,-25,1.2944401516774608,0,0,0,0,25,-3.3906708316017777,0,50,0,0,-50,-0.23898852424127365,25,-25,1.0709076929124874,25,0,-0.2161961692247905,25,25,-3.0895019148826988,25,50,-0.24112530747697913,25,-50,0,50,-25,1.3001382400595343,50,0,0,50,25,1.3734601792846592,50,50,0,50],"indices":[0,5,1,5,6,1,1,6,2,6,7,2,2,7,3,7,8,3,3,8,4,8,9,4,5,10,6,10,11,6,6,11,7,11,12,7,7,12,8,12,13,8,8,13,9,13,14,9,10,15,11,15,16,11,11,16,12,16,17,12,12,17,13,17,18,13,13,18,14,18,19,14,15,20,16,20,21,16,16,21,17,21,22,17,17,22,18,22,23,18,18,23,19,23,24,19],"center":{"x":700,"z":500},"lod":3,"index":57}