{"vertices":[-50,0,-50,-25,-1.749411166940382,-50,0,0,-50,25,-1.1865735556721546,-50,50,0,-50,-50,-0.2401281418207274,-25,-25,0.6171181428287573,-25,0,-0.19269155367875362,-25,25,-1.1483251354652533,-25,50,-0.24126775966885905,-25,-50,0,0,-25,3.036372581134266,0,0,0,0,25,-1.1658467582051526,0,50,0,0,-50,-0.22915932083791246,25,-25,3.0480536636114977,25,0,0.22232161457617722,25,25,-1.398923515103983,25,50,-0.23656683641621237,25,-50,0,50,-25,2.930957941291193,50,0,0,50,25,-1.1324417144228285,50,50,0,50],"indices":[0,5,1,5,6,1,1,6,2,6,7,2,2,7,3,7,8,3,3,8,4,8,9,4,5,10,6,10,11,6,6,11,7,11,12,7,7,12,8,12,13,8,8,13,9,13,14,9,10,15,11,15,16,11,11,16,12,16,17,12,12,17,13,17,18,13,13,18,14,18,19,14,15,20,16,20,21,16,16,21,17,21,22,17,17,22,18,22,23,18,18,23,19,23,24,19],"center":{"x":200,"z":700},"lod":3,"index":72}