{"vertices":[-50,0,-50,-25,1.4698593804144604,-50,0,0,-50,25,-2.5727422490128884,-50,50,0,-50,-50,-0.20138113788130607,-25,-25,-3.231592655201692,-25,0,0.23200836525264357,-25,25,-2.924481704843368,-25,50,0.20921601014972524,-25,-50,0,0,-25,-3.2549548204691936,0,0,0,0,25,-2.704368100601084,0,50,0,0,-50,-0.23556967081370217,25,-25,-3.266635903326059,25,0,0.24055549858562025,25,25,-2.9390118325600243,25,50,0.2382762630529028,25,-50,0,50,-25,1.4068954965353409,50,0,0,50,25,-2.6046515489123063,50,50,0,50],"indices":[0,5,1,5,6,1,1,6,2,6,7,2,2,7,3,7,8,3,3,8,4,8,9,4,5,10,6,10,11,6,6,11,7,11,12,7,7,12,8,12,13,8,8,13,9,13,14,9,10,15,11,15,16,11,11,16,12,16,17,12,12,17,13,17,18,13,13,18,14,18,19,14,15,20,16,20,21,16,16,21,17,21,22,17,17,22,18,22,23,18,18,23,19,23,24,19],"center":{"x":800,"z":0},"lod":3,"index":8}