{"vertices":[-50,0,-50,-37.5,-0.16386089501744375,-50,-25,1.2944401513410462,-50,-12.5,-1.5061884192159232,-50,0,0,-50,12.5,-0.7351532218950209,-50,25,1.3495282065251846,-50,37.5,-0.22299434131602872,-50,50,0,-50,-50,-0.026676484730725085,-37.5,-37.5,1.1167212744242154,-37.5,-25,0.9656530958055408,-37.5,-12.5,-1.436928004650197,-37.5,0,0.6626573079877267,-37.5,12.5,-1.2425890059318088,-37.5,25,2.038157402760181,-37.5,37.5,0.6909838920732702,-37.5,50,-0.8621629127323505,-37.5,-50,0.23898852411044552,-25,-37.5,0.41869114666936424,-25,-25,1.3048391640472135,-25,-12.5,-1.5905015471254458,-25,0,0.24055549860430792,-25,12.5,-0.21668229413335255,-25,25,1.2084043562882731,-25,37.5,-0.446485102963888,-25,50,0.20138113923631878,-25,-50,0.5921428299214045,-12.5,-37.5,-0.19013452775939477,-12.5,-25,1.6177325038402608,-12.5,-12.5,2.0036542391605874,-12.5,0,-0.0934632773799919,-12.5,12.5,0.8928334397675158,-12.5,25,0.42139333813937135,-12.5,37.5,-1.7968273537127646,-12.5,50,1.3381648149998226,-12.5,-50,0,0,-37.5,0.5773044987621815,0,-25,1.1661619310504925,0,-12.5,2.08260752715797,0,0,0,0,12.5,-0.042881351558611315,0,25,1.4047996675908911,0,37.5,-0.9218948304232986,0,50,0,0,-50,-0.7252689763348701,12.5,-37.5,2.615004112298695,12.5,-25,-3.826899149278944,12.5,-12.5,1.613508467816756,12.5,0,-0.02667648527215655,12.5,12.5,-0.8941868893310979,12.5,25,2.399158123821526,12.5,37.5,-0.14309588596755485,12.5,50,-1.236514452237205,12.5,-50,0.2161961696009249,25,-37.5,2.562500696848198,25,-25,-3.492981796969183,25,-12.5,1.9681163713620444,25,0,0.23898852412679902,25,12.5,0.12941034875449386,25,25,1.4265948566579318,25,37.5,-1.0780095793326632,25,50,-0.21619616895612936,25,-50,1.2365144469306433,37.5,-37.5,2.560004313633972,37.5,-25,-3.1094354275152423,37.5,-12.5,2.371380620035057,37.5,0,0.5921428305017433,37.5,12.5,1.0954517027560158,37.5,25,0.4665885298181597,37.5,37.5,-1.934172990311723,37.5,50,0.7252689831753462,37.5,-50,0,50,-37.5,-1.5172712437092581,50,-25,-3.442981069792646,50,-12.5,1.4026993699318164,50,0,0,50,12.5,0.6558655559784387,50,25,1.4144864184390737,50,37.5,-1.5917233824006032,50,50,0,50],"indices":[0,9,1,9,10,1,1,10,2,10,11,2,2,11,3,11,12,3,3,12,4,12,13,4,4,13,5,13,14,5,5,14,6,14,15,6,6,15,7,15,16,7,7,16,8,16,17,8,9,18,10,18,19,10,10,19,11,19,20,11,11,20,12,20,21,12,12,21,13,21,22,13,13,22,14,22,23,14,14,23,15,23,24,15,15,24,16,24,25,16,16,25,17,25,26,17,18,27,19,27,28,19,19,28,20,28,29,20,20,29,21,29,30,21,21,30,22,30,31,22,22,31,23,31,32,23,23,32,24,32,33,24,24,33,25,33,34,25,25,34,26,34,35,26,27,36,28,36,37,28,28,37,29,37,38,29,29,38,30,38,39,30,30,39,31,39,40,31,31,40,32,40,41,32,32,41,33,41,42,33,33,42,34,42,43,34,34,43,35,43,44,35,36,45,37,45,46,37,37,46,38,46,47,38,38,47,39,47,48,39,39,48,40,48,49,40,40,49,41,49,50,41,41,50,42,50,51,42,42,51,43,51,52,43,43,52,44,52,53,44,45,54,46,54,55,46,46,55,47,55,56,47,47,56,48,56,57,48,48,57,49,57,58,49,49,58,50,58,59,50,50,59,51,59,60,51,51,60,52,60,61,52,52,61,53,61,62,53,54,63,55,63,64,55,55,64,56,64,65,56,56,65,57,65,66,57,57,66,58,66,67,58,58,67,59,67,68,59,59,68,60,68,69,60,60,69,61,69,70,61,61,70,62,70,71,62,63,72,64,72,73,64,64,73,65,73,74,65,65,74,66,74,75,66,66,75,67,75,76,67,67,76,68,76,77,68,68,77,69,77,78,69,69,78,70,78,79,70,70,79,71,79,80,71],"center":{"x":700,"z":800},"lod":2,"index":87}