{"vertices":[-50,0,-50,-37.5,0.44882907864659194,-50,-25,-1.966212762904914,-50,-12.5,-1.2631064444042481,-50,0,0,-50,12.5,1.1785207513366205,-50,25,2.8978075251559154,-50,37.5,1.3914438704252798,-50,50,0,-50,-50,1.056348308690558,-37.5,-37.5,1.423304504389642,-37.5,-25,-2.4835964704688323,-37.5,-12.5,-0.8335162667636336,-37.5,0,-0.9999800565815132,-37.5,12.5,1.728493380769188,-37.5,25,3.1834464707755146,-37.5,37.5,1.3370035535973344,-37.5,50,-0.8691025007953284,-37.5,-50,-0.1727482437007793,-25,-37.5,0.9961895662444316,-25,-25,0.4309615806651546,-25,-12.5,2.082585981944731,-25,0,-0.23556967081370217,-25,12.5,1.6743508333438455,-25,25,3.1844463176591624,-25,37.5,0.9365057974764774,-25,50,-0.2401281418207274,-25,-50,-1.1754468596292647,-12.5,-37.5,0.6289048267227748,-12.5,-25,3.356920052748809,-12.5,-12.5,1.4096633578909286,-12.5,0,0.44264684286628153,-12.5,12.5,-1.9566465498069772,-12.5,25,3.2388201030430936,-12.5,37.5,0.4486224984170435,-12.5,50,0.30092511191102533,-12.5,-50,0,0,-37.5,1.141218639238921,0,-25,2.8125196004247943,0,-12.5,0.8283876573036679,0,0,0,0,12.5,-2.3894611738192295,0,25,2.873590651256506,0,37.5,0.8045275183925586,0,50,0,0,-50,1.0626418529828716,12.5,-37.5,1.5332471085939168,12.5,-25,2.2426157495348167,12.5,-12.5,0.10574574856337034,12.5,0,-0.3082653363008124,12.5,12.5,-2.3588720851098097,12.5,25,1.88794863366362,12.5,37.5,1.2593267169965685,12.5,50,-0.16896720570760249,12.5,-50,0.23200836525264357,25,-37.5,1.5899447392567203,25,-25,2.8185025942886623,25,-12.5,0.7066218528610708,25,0,-0.22490356128173,25,12.5,-0.3929297313405663,25,25,-1.6128048327289073,25,37.5,0.28218339301092377,25,50,-0.22915932083791246,25,-50,-0.5137806513249719,37.5,-37.5,-1.9475468823822453,37.5,-25,3.3616387839823303,37.5,-12.5,1.3907905043584947,37.5,0,-0.23809307515230116,37.5,12.5,0.40054651569648686,37.5,25,-0.9939193824713761,37.5,37.5,-0.7701499372256344,37.5,50,-0.3790068348364403,37.5,-50,0,50,-37.5,-2.4179156676084954,50,-25,2.7241992271939313,50,-12.5,0.1273787641946955,50,0,0,50,12.5,-0.26209539618057504,50,25,-1.8735173214227332,50,37.5,0.10666412037339312,50,50,0,50],"indices":[0,9,1,9,10,1,1,10,2,10,11,2,2,11,3,11,12,3,3,12,4,12,13,4,4,13,5,13,14,5,5,14,6,14,15,6,6,15,7,15,16,7,7,16,8,16,17,8,9,18,10,18,19,10,10,19,11,19,20,11,11,20,12,20,21,12,12,21,13,21,22,13,13,22,14,22,23,14,14,23,15,23,24,15,15,24,16,24,25,16,16,25,17,25,26,17,18,27,19,27,28,19,19,28,20,28,29,20,20,29,21,29,30,21,21,30,22,30,31,22,22,31,23,31,32,23,23,32,24,32,33,24,24,33,25,33,34,25,25,34,26,34,35,26,27,36,28,36,37,28,28,37,29,37,38,29,29,38,30,38,39,30,30,39,31,39,40,31,31,40,32,40,41,32,32,41,33,41,42,33,33,42,34,42,43,34,34,43,35,43,44,35,36,45,37,45,46,37,37,46,38,46,47,38,38,47,39,47,48,39,39,48,40,48,49,40,40,49,41,49,50,41,41,50,42,50,51,42,42,51,43,51,52,43,43,52,44,52,53,44,45,54,46,54,55,46,46,55,47,55,56,47,47,56,48,56,57,48,48,57,49,57,58,49,49,58,50,58,59,50,50,59,51,59,60,51,51,60,52,60,61,52,52,61,53,61,62,53,54,63,55,63,64,55,55,64,56,64,65,56,56,65,57,65,66,57,57,66,58,66,67,58,58,67,59,67,68,59,59,68,60,68,69,60,60,69,61,69,70,61,61,70,62,70,71,62,63,72,64,72,73,64,64,73,65,73,74,65,65,74,66,74,75,66,66,75,67,75,76,67,67,76,68,76,77,68,68,77,69,77,78,69,69,78,70,78,79,70,70,79,71,79,80,71],"center":{"x":100,"z":700},"lod":2,"index":71}