{"vertices":[-50,0,-50,-25,2.2226160683847227,-50,0,0,-50,25,-1.9847315506766983,-50,50,0,-50,-50,-0.17274824325689797,-25,-25,2.0104797875374194,-25,0,0.2332904354071383,-25,25,-2.2351874788883515,-25,50,-0.19269155397779295,-25,-50,0,0,-25,2.2112198915621586,0,0,0,0,25,-1.991854162227499,0,50,0,0,-50,0.23200836541618713,25,-25,-0.18267805397558193,25,0,0.2275923468673663,25,25,-1.9657141855404623,25,50,0.22232161438927953,25,-50,0,50,-25,-2.555760163892034,50,0,0,50,25,2.752903346755819,50,50,0,50],"indices":[0,5,1,5,6,1,1,6,2,6,7,2,2,7,3,7,8,3,3,8,4,8,9,4,5,10,6,10,11,6,6,11,7,11,12,7,7,12,8,12,13,8,8,13,9,13,14,9,10,15,11,15,16,11,11,16,12,16,17,12,12,17,13,17,18,13,13,18,14,18,19,14,15,20,16,20,21,16,16,21,17,21,22,17,17,22,18,22,23,18,18,23,19,23,24,19],"center":{"x":900,"z":400},"lod":3,"index":49}