{"vertices":[-50,0,-50,-37.5,1.030864991100734,-50,-25,-0.8188847875733072,-50,-12.5,-2.094268843152181,-50,0,0,-50,12.5,-1.578027768284004,-50,25,-0.23788451944374556,-50,37.5,1.0259150667504273,-50,50,0,-50,-50,-0.7324890129523678,-37.5,-37.5,0.3485804326253822,-37.5,-25,-1.075082561222088,-37.5,-12.5,-1.7766130459149265,-37.5,0,-0.8621629138345941,-37.5,12.5,-1.0918421749843585,-37.5,25,-1.3025382290315426,-37.5,37.5,1.5989038288733612,-37.5,50,-1.2365144513527766,-37.5,-50,-0.24126775967119526,-25,-37.5,1.1541070682106527,-25,-25,-0.8592699915541159,-25,-12.5,1.9940991988976262,-25,0,0.20138113910081823,-25,12.5,-1.4769617738975802,-25,25,-0.4704626938371454,-25,37.5,0.4784708183484464,-25,50,-0.21619616906359554,-25,-50,0.1616005800409827,-12.5,-37.5,1.8628162786592581,-12.5,-25,-0.7062663005465482,-12.5,-12.5,2.1511080295578293,-12.5,0,1.3381648157797232,-12.5,12.5,-1.9396888872752436,-12.5,25,0.28306019523107134,-12.5,37.5,-0.7060723723779238,-12.5,50,0.7252689820352667,-12.5,-50,0,0,-37.5,1.7117330328186102,0,-25,-0.8052806011968707,0,-12.5,1.4783259464530922,0,0,0,0,12.5,-0.8891551367985473,0,25,-0.21936573133905013,0,37.5,0.33997550362197704,0,50,0,0,-50,-0.038509385408644084,12.5,-37.5,1.6783672109148282,12.5,-25,-0.7834400492711722,12.5,-12.5,0.6913527324978629,12.5,0,-1.2365144513527766,12.5,12.5,0.2750494328279798,12.5,25,-0.5827726639423618,12.5,37.5,1.2038221839249028,12.5,50,-0.5921428357247437,12.5,-50,-0.23656683639285023,25,-37.5,-0.25769271843502245,25,-25,-0.8567770795310066,25,-12.5,1.3183922543370585,25,0,-0.21619616906359554,25,12.5,-0.4038914424163758,25,25,1.8629464759178584,25,37.5,-0.5746073720733244,25,50,-0.23898852427398057,25,-50,-0.5211959917351037,37.5,-37.5,-2.3140593643084024,37.5,-25,-1.0739159553661053,37.5,-12.5,2.0070678799077744,37.5,0,0.7252689820352667,37.5,12.5,-0.013671963732420179,37.5,25,0.122663123174792,37.5,37.5,-2.2925783490134437,37.5,50,0.026676490145021894,37.5,-50,0,50,-37.5,-1.8800539932087987,50,-25,-0.8283578608062099,50,-12.5,0.7830680053179546,50,0,0,50,12.5,1.266050589940225,50,25,-0.19714318505857287,50,37.5,-1.8453738916097304,50,50,0,50],"indices":[0,9,1,9,10,1,1,10,2,10,11,2,2,11,3,11,12,3,3,12,4,12,13,4,4,13,5,13,14,5,5,14,6,14,15,6,6,15,7,15,16,7,7,16,8,16,17,8,9,18,10,18,19,10,10,19,11,19,20,11,11,20,12,20,21,12,12,21,13,21,22,13,13,22,14,22,23,14,14,23,15,23,24,15,15,24,16,24,25,16,16,25,17,25,26,17,18,27,19,27,28,19,19,28,20,28,29,20,20,29,21,29,30,21,21,30,22,30,31,22,22,31,23,31,32,23,23,32,24,32,33,24,24,33,25,33,34,25,25,34,26,34,35,26,27,36,28,36,37,28,28,37,29,37,38,29,29,38,30,38,39,30,30,39,31,39,40,31,31,40,32,40,41,32,32,41,33,41,42,33,33,42,34,42,43,34,34,43,35,43,44,35,36,45,37,45,46,37,37,46,38,46,47,38,38,47,39,47,48,39,39,48,40,48,49,40,40,49,41,49,50,41,41,50,42,50,51,42,42,51,43,51,52,43,43,52,44,52,53,44,45,54,46,54,55,46,46,55,47,55,56,47,47,56,48,56,57,48,48,57,49,57,58,49,49,58,50,58,59,50,50,59,51,59,60,51,51,60,52,60,61,52,52,61,53,61,62,53,54,63,55,63,64,55,55,64,56,64,65,56,56,65,57,65,66,57,57,66,58,66,67,58,58,67,59,67,68,59,59,68,60,68,69,60,60,69,61,69,70,61,61,70,62,70,71,62,63,72,64,72,73,64,64,73,65,73,74,65,65,74,66,74,75,66,66,75,67,75,76,67,67,76,68,76,77,68,68,77,69,77,78,69,69,78,70,78,79,70,70,79,71,79,80,71],"center":{"x":400,"z":500},"lod":2,"index":54}