{"vertices":[-50,0,-50,-37.5,0.6305820987851416,-50,-25,2.197544477795808,-50,-12.5,0.7958853782256127,-50,0,0,-50,12.5,-0.5897771735242117,-50,25,-1.9662127620288408,-50,37.5,-0.2730923963003302,-50,50,0,-50,-50,0.9286291857700052,-37.5,-37.5,-0.10862692570778147,-37.5,-25,1.8485141592119978,-37.5,-12.5,0.1553412829797462,-37.5,0,0.23809308030384865,-37.5,12.5,-1.039991645809015,-37.5,25,-2.4185101586448745,-37.5,37.5,-1.5640889223987182,-37.5,50,0.794292707935238,-37.5,-50,-0.19269155375351632,-25,-37.5,0.7370117539442027,-25,-25,2.009055265263467,-25,-12.5,0.6210434493661566,-25,0,0.22490356109776127,-25,12.5,-0.05658302984196005,-25,25,-2.2283497721663728,-25,37.5,-0.8536036432291273,-25,50,-0.20921601118234004,-25,-50,-1.3839593788225255,-12.5,-37.5,1.482135123015561,-12.5,-25,2.068054663839306,-12.5,-12.5,1.1530389881525451,-12.5,0,0.3082653310980155,-12.5,12.5,0.9822320062838397,-12.5,25,-2.1110091646668208,-12.5,37.5,-0.22184378917268965,-12.5,50,-1.288933036043043,-12.5,-50,0,0,-37.5,1.2773116897753973,0,-25,2.2317330108800464,0,-12.5,0.09001029496619871,0,0,0,0,12.5,0.11737497202644957,0,25,-2.0018258174465964,0,37.5,-0.9679079568831562,0,50,0,0,-50,1.181159452696296,12.5,-37.5,0.7673497178844833,12.5,-25,2.511293273875788,12.5,-12.5,-1.095446057229957,12.5,0,-0.44264683761716306,12.5,12.5,-0.8324380804270471,12.5,25,-1.7581293621718679,12.5,37.5,-1.569953013515729,12.5,50,1.28893304271678,12.5,-50,0.2223216145294527,25,-37.5,-2.784539094004982,25,-25,1.9591969894424455,25,-12.5,-0.42150719739339615,25,0,0.23556967104498341,25,12.5,0.25134172553304834,25,25,-2.1713688860093914,25,37.5,-1.495455915275512,25,50,0.20921601021046626,25,-50,-0.6553421228760172,37.5,-37.5,-1.4790809133034246,37.5,-25,-2.618959647410496,37.5,-12.5,0.33295988083840455,37.5,0,0.9999800518825988,37.5,12.5,1.3029843745155822,37.5,25,-2.49446568839638,37.5,37.5,2.1630553000102926,37.5,50,-0.794292716920949,37.5,-50,0,50,-37.5,-0.834364997967924,50,-25,-2.5130244982574528,50,-12.5,-0.593832966731853,50,0,0,50,12.5,0.8096468417859949,50,25,2.69107908379228,50,37.5,1.1465899516235691,50,50,0,50],"indices":[0,9,1,9,10,1,1,10,2,10,11,2,2,11,3,11,12,3,3,12,4,12,13,4,4,13,5,13,14,5,5,14,6,14,15,6,6,15,7,15,16,7,7,16,8,16,17,8,9,18,10,18,19,10,10,19,11,19,20,11,11,20,12,20,21,12,12,21,13,21,22,13,13,22,14,22,23,14,14,23,15,23,24,15,15,24,16,24,25,16,16,25,17,25,26,17,18,27,19,27,28,19,19,28,20,28,29,20,20,29,21,29,30,21,21,30,22,30,31,22,22,31,23,31,32,23,23,32,24,32,33,24,24,33,25,33,34,25,25,34,26,34,35,26,27,36,28,36,37,28,28,37,29,37,38,29,29,38,30,38,39,30,30,39,31,39,40,31,31,40,32,40,41,32,32,41,33,41,42,33,33,42,34,42,43,34,34,43,35,43,44,35,36,45,37,45,46,37,37,46,38,46,47,38,38,47,39,47,48,39,39,48,40,48,49,40,40,49,41,49,50,41,41,50,42,50,51,42,42,51,43,51,52,43,43,52,44,52,53,44,45,54,46,54,55,46,46,55,47,55,56,47,47,56,48,56,57,48,48,57,49,57,58,49,49,58,50,58,59,50,50,59,51,59,60,51,51,60,52,60,61,52,52,61,53,61,62,53,54,63,55,63,64,55,55,64,56,64,65,56,56,65,57,65,66,57,57,66,58,66,67,58,58,67,59,67,68,59,59,68,60,68,69,60,60,69,61,69,70,61,61,70,62,70,71,62,63,72,64,72,73,64,64,73,65,73,74,65,65,74,66,74,75,66,66,75,67,75,76,67,67,76,68,76,77,68,68,77,69,77,78,69,69,78,70,78,79,70,70,79,71,79,80,71],"center":{"x":900,"z":800},"lod":2,"index":89}