{"vertices":[-50,0,-50,-25,-3.2059512595679913,-50,0,0,-50,25,-2.6565041562058496,-50,50,0,-50,-50,-0.2332904356804755,-25,-25,1.4726371957288753,-25,0,0.2332904354071383,-25,25,1.8259026654565433,-25,50,0.2291593212864742,-25,-50,0,0,-25,1.528336013698177,0,0,0,0,25,2.103068384369748,0,50,0,0,-50,-0.24112530747697913,25,-25,1.3049460073890884,25,0,0.2275923468673663,25,25,2.1252909304148595,25,50,0.240128141960909,25,-50,0,50,-25,1.526911491458109,50,0,0,50,25,2.1030683849012326,50,50,0,50],"indices":[0,5,1,5,6,1,1,6,2,6,7,2,2,7,3,7,8,3,3,8,4,8,9,4,5,10,6,10,11,6,6,11,7,11,12,7,7,12,8,12,13,8,8,13,9,13,14,9,10,15,11,15,16,11,11,16,12,16,17,12,12,17,13,17,18,13,13,18,14,18,19,14,15,20,16,20,21,16,16,21,17,21,22,17,17,22,18,22,23,18,18,23,19,23,24,19],"center":{"x":800,"z":500},"lod":3,"index":58}