{"vertices":[-50,0,-50,-25,2.211219890842604,-50,0,0,-50,25,-1.9761844174523582,-50,50,0,-50,-50,0.18314725516145608,-25,-25,2.478057823983409,-25,0,-0.22915932106219333,-25,25,-1.775016957605984,-25,50,0.20138113923631878,-25,-50,0,0,-25,2.222616068973449,0,0,0,0,25,-1.9975522509366381,0,50,0,0,-50,-0.22759234662907246,25,-25,2.2548227382815025,25,0,-0.23200836561242955,25,25,-1.8343607658964478,25,50,-0.21619616895612936,25,-50,0,50,-25,-2.53617298380708,50,0,0,50,25,2.724199224659131,50,50,0,50],"indices":[0,5,1,5,6,1,1,6,2,6,7,2,2,7,3,7,8,3,3,8,4,8,9,4,5,10,6,10,11,6,6,11,7,11,12,7,7,12,8,12,13,8,8,13,9,13,14,9,10,15,11,15,16,11,11,16,12,16,17,12,12,17,13,17,18,13,13,18,14,18,19,14,15,20,16,20,21,16,16,21,17,21,22,17,17,22,18,22,23,18,18,23,19,23,24,19],"center":{"x":900,"z":600},"lod":3,"index":69}