{"vertices":[-50,0,-50,-37.5,0.3399754955067431,-50,-25,-1.0477235951429913,-50,-12.5,1.0516905717690688,-50,0,0,-50,12.5,0.7075940825031644,-50,25,-0.8917081433497513,-50,37.5,1.6683610508305267,-50,50,0,-50,-50,1.1754468488501166,-37.5,-37.5,1.6836818044322381,-37.5,-25,-0.7619168352452305,-37.5,-12.5,1.5987003818469068,-37.5,0,1.0626418555089057,-37.5,12.5,-0.2734511067580497,-37.5,25,-1.5108216975154973,-37.5,37.5,1.5674909547894145,-37.5,50,-1.1171003532961474,-37.5,-50,0.17274823167698003,-25,-37.5,0.8727310275513205,-25,-25,-1.036826002603432,-25,-12.5,0.48481244711187055,-25,0,0.2320083650891083,-25,12.5,0.8997044478959099,-25,25,-0.7319230528402216,-25,37.5,1.2283459618374017,-25,50,1.346818617742329e-8,-25,-50,-1.056348316808075,-12.5,-37.5,0.14092782553687425,-12.5,-25,-1.1383266373702847,-12.5,-12.5,-0.6811692322344766,-12.5,0,-0.5137806542400549,-12.5,12.5,2.008642656990995,-12.5,25,0.15207554431611603,-12.5,37.5,0.7926811817210022,-12.5,50,1.1171003625804135,-12.5,-50,0,0,-37.5,0.7441493061239435,0,-25,-1.0631084362469008,0,-12.5,0.6290519496870463,0,0,0,0,12.5,1.1410000896260002,0,25,-0.9566663558827486,0,37.5,1.3646995238964488,0,50,0,0,-50,1.1811594513004993,12.5,-37.5,1.7624774706733546,12.5,-25,-0.835143722173527,12.5,-12.5,1.5505967262227438,12.5,0,0.6626573097150139,12.5,12.5,0.44324929106202665,12.5,25,-1.9525440941338046,12.5,37.5,1.548239805854431,12.5,50,-1.236514450026139,12.5,-50,0.22232161466962364,25,-37.5,1.3250842929367126,25,-25,-0.8388637162287349,25,-12.5,0.14910043463561343,25,0,0.240555498632347,25,12.5,1.293678456789015,25,25,-0.913147203339109,25,37.5,0.7964390284405829,25,50,-0.2161961692247905,25,-50,-0.6553421211467637,37.5,-37.5,0.968077795610322,37.5,-25,-0.782162838654843,37.5,-12.5,-1.0331596843029396,37.5,0,-0.09346327904058496,37.5,12.5,2.0600470931753283,37.5,25,0.19014950046179344,37.5,37.5,-0.025468932451043844,37.5,50,0.7252689803251479,37.5,-50,0,50,-37.5,1.4365388662843934,50,-25,-1.0701598205316025,50,-12.5,-0.046844732143511834,50,0,0,50,12.5,1.7872872990986384,50,25,-0.9345150359607388,50,37.5,0.6693902497727975,50,50,0,50],"indices":[0,9,1,9,10,1,1,10,2,10,11,2,2,11,3,11,12,3,3,12,4,12,13,4,4,13,5,13,14,5,5,14,6,14,15,6,6,15,7,15,16,7,7,16,8,16,17,8,9,18,10,18,19,10,10,19,11,19,20,11,11,20,12,20,21,12,12,21,13,21,22,13,13,22,14,22,23,14,14,23,15,23,24,15,15,24,16,24,25,16,16,25,17,25,26,17,18,27,19,27,28,19,19,28,20,28,29,20,20,29,21,29,30,21,21,30,22,30,31,22,22,31,23,31,32,23,23,32,24,32,33,24,24,33,25,33,34,25,25,34,26,34,35,26,27,36,28,36,37,28,28,37,29,37,38,29,29,38,30,38,39,30,30,39,31,39,40,31,31,40,32,40,41,32,32,41,33,41,42,33,33,42,34,42,43,34,34,43,35,43,44,35,36,45,37,45,46,37,37,46,38,46,47,38,38,47,39,47,48,39,39,48,40,48,49,40,40,49,41,49,50,41,41,50,42,50,51,42,42,51,43,51,52,43,43,52,44,52,53,44,45,54,46,54,55,46,46,55,47,55,56,47,47,56,48,56,57,48,48,57,49,57,58,49,49,58,50,58,59,50,50,59,51,59,60,51,51,60,52,60,61,52,52,61,53,61,62,53,54,63,55,63,64,55,55,64,56,64,65,56,56,65,57,65,66,57,57,66,58,66,67,58,58,67,59,67,68,59,59,68,60,68,69,60,60,69,61,69,70,61,61,70,62,70,71,62,63,72,64,72,73,64,64,73,65,73,74,65,65,74,66,74,75,66,66,75,67,75,76,67,67,76,68,76,77,68,68,77,69,77,78,69,69,78,70,78,79,70,70,79,71,79,80,71],"center":{"x":300,"z":0},"lod":2,"index":3}