{"vertices":[-50,0,-50,-25,2.24312918829135,-50,0,0,-50,25,-2.006099383892318,-50,50,0,-50,-50,0.20921601014972524,-25,-25,1.9805648224302668,-25,0,0.24012814201932337,-25,25,-2.2009989476987792,-25,50,0.19269155248260805,-25,-50,0,0,-25,2.1815898302255343,0,0,0,0,25,-1.9761844182116326,0,50,0,0,-50,0.2382762630529028,25,-25,-2.502767939044141,25,0,0.2161961694397242,25,25,0.37139874669523376,25,50,0.23200836531806615,25,-50,0,50,-25,-2.5842506076678857,50,0,0,50,25,2.7970635346386494,50,50,0,50],"indices":[0,5,1,5,6,1,1,6,2,6,7,2,2,7,3,7,8,3,3,8,4,8,9,4,5,10,6,10,11,6,6,11,7,11,12,7,7,12,8,12,13,8,8,13,9,13,14,9,10,15,11,15,16,11,11,16,12,16,17,12,12,17,13,17,18,13,13,18,14,18,19,14,15,20,16,20,21,16,16,21,17,21,22,17,17,22,18,22,23,18,18,23,19,23,24,19],"center":{"x":900,"z":0},"lod":3,"index":9}