{"vertices":[-50,0,-50,-25,-1.9390756154486972,-50,0,0,-50,25,2.931711153639122,-50,50,0,-50,-50,0.17274823309117296,-25,-25,2.759242471092091,-25,0,-0.24012814186746034,-25,25,3.167352052163675,-25,50,-0.24126775968054448,-25,-50,0,0,-25,2.8301836756865626,0,0,0,0,25,2.810626771433058,0,50,0,0,-50,0.23827626295945428,25,-25,2.789157437643019,25,0,-0.22915932098743846,25,25,-1.732619608747671,25,50,-0.23656683629940156,25,-50,0,50,-25,-1.885798484652362,50,0,0,50,25,-1.8814946457860753,50,50,0,50],"indices":[0,5,1,5,6,1,1,6,2,6,7,2,2,7,3,7,8,3,3,8,4,8,9,4,5,10,6,10,11,6,6,11,7,11,12,7,7,12,8,12,13,8,8,13,9,13,14,9,10,15,11,15,16,11,11,16,12,16,17,12,12,17,13,17,18,13,13,18,14,18,19,14,15,20,16,20,21,16,16,21,17,21,22,17,17,22,18,22,23,18,18,23,19,23,24,19],"center":{"x":100,"z":300},"lod":3,"index":31}