{"vertices":[-50,0,-50,-25,-1.885798484652362,-50,0,0,-50,25,-1.8814946457860753,-50,50,0,-50,-50,0.22490356101599374,-25,-25,-2.187323533189512,-25,0,-0.23200836567784336,-25,25,-1.8931757276372,-25,50,-0.22232161509014445,-25,-50,0,0,-25,-2.0046748615821524,0,0,0,0,25,-1.8615513358384677,0,50,0,0,-50,0.23556967114778116,25,-25,-2.2215120661919823,25,0,0.1727482359195719,25,25,0.2924855618391415,25,50,0.19269155285640274,25,-50,0,50,-25,-1.9548165853990147,50,0,0,50,25,2.917181027115113,50,50,0,50],"indices":[0,5,1,5,6,1,1,6,2,6,7,2,2,7,3,7,8,3,3,8,4,8,9,4,5,10,6,10,11,6,6,11,7,11,12,7,7,12,8,12,13,8,8,13,9,13,14,9,10,15,11,15,16,11,11,16,12,16,17,12,12,17,13,17,18,13,13,18,14,18,19,14,15,20,16,20,21,16,16,21,17,21,22,17,17,22,18,22,23,18,18,23,19,23,24,19],"center":{"x":100,"z":400},"lod":3,"index":41}