{"vertices":[-50,0,-50,-25,-2.5842506076678857,-50,0,0,-50,25,2.7970635346386494,-50,50,0,-50,-50,0.22490356111819904,-25,-25,-2.586814747978612,-25,0,-0.2013811386265667,-25,25,2.8294001887261055,-25,50,0.22915932139861256,-25,-50,0,0,-25,-2.5130244996883837,0,0,0,0,25,2.7529033489284958,0,50,0,0,-50,0.2355696710192852,25,-25,2.365235665611778,25,0,-0.2412677596665273,25,25,-1.9051719866883583,25,50,0.24012814199594337,25,-50,0,50,-25,2.2317330104221482,50,0,0,50,25,-1.9918541617018422,50,50,0,50],"indices":[0,5,1,5,6,1,1,6,2,6,7,2,2,7,3,7,8,3,3,8,4,8,9,4,5,10,6,10,11,6,6,11,7,11,12,7,7,12,8,12,13,8,8,13,9,13,14,9,10,15,11,15,16,11,11,16,12,16,17,12,12,17,13,17,18,13,13,18,14,18,19,14,15,20,16,20,21,16,16,21,17,21,22,17,17,22,18,22,23,18,18,23,19,23,24,19],"center":{"x":900,"z":100},"lod":3,"index":19}