{"vertices":[-50,0,-50,-37.5,-0.7670705751386953,-50,-25,-3.172261310271176,-50,-12.5,1.9618903957259304,-50,0,0,-50,12.5,-0.4485135301108184,-50,25,-2.632572183623925,-50,37.5,2.2053184306965936,-50,50,0,-50,-50,0.37900684356238107,-37.5,-37.5,0.1954106005849972,-37.5,-25,1.8974991614287717,-37.5,-12.5,0.9630393249257689,-37.5,0,-0.03850938435409462,-37.5,12.5,0.538397062766059,-37.5,25,-2.603514739989291,-37.5,37.5,1.5158556371261702,-37.5,50,-0.3082653345665488,-37.5,-50,0.22915932139861256,-25,-37.5,-0.6221151078182086,-25,-25,1.5309713788135006,-25,-12.5,-0.012522683830145792,-25,0,-0.23656683643957235,-25,12.5,-0.2565154361236413,-25,25,2.1654749225979932,-25,37.5,0.6583829361313647,-25,50,-0.22490356122041258,-25,-50,0.16896719734945154,-12.5,-37.5,-1.516589792479788,-12.5,-25,1.1333703714093282,-12.5,-12.5,-1.0435325163448144,-12.5,0,-0.5211959929008085,-12.5,12.5,-0.8551059384005055,-12.5,25,2.873783049972982,-12.5,37.5,1.1527645858069469,-12.5,50,-0.23809307686948245,-12.5,-50,0,0,-37.5,-0.07042372459873603,0,-25,1.5269114915632382,0,-12.5,-0.20045519267207892,0,0,0,0,12.5,0.23346588908657026,0,25,2.1114018391634564,0,37.5,0.04602610608932474,0,50,0,0,-50,-0.3009251032483161,12.5,-37.5,1.3517622761210686,12.5,-25,1.7527739229140886,12.5,-12.5,0.8221704261272793,12.5,0,0.6553421194175096,12.5,12.5,1.2374485086143985,12.5,25,1.3305252110922186,12.5,37.5,-1.1716797099604066,12.5,50,0.3716115232651463,12.5,-50,0.24012814199594337,25,-37.5,0.47672588056191334,25,-25,1.7434637916269322,25,-12.5,-0.33148901679903753,25,0,-0.22232161480979873,25,12.5,0.7693023539869623,25,25,2.120376329163776,25,37.5,-0.2692061017002519,25,50,-0.2382762631463473,25,-50,0.8691024925494423,37.5,-37.5,-0.3163921265652853,37.5,-25,1.816210575358814,37.5,-12.5,-1.4256054084870915,37.5,0,-1.1811594499047011,37.5,12.5,0.3653562918689517,37.5,25,2.8954346748304562,37.5,37.5,0.6429874647526379,37.5,50,-0.9353834663967167,37.5,-50,0,50,-37.5,0.6201182690638739,50,-25,1.5283360135696853,50,-12.5,-0.880201422675684,50,0,0,50,12.5,0.9280894727887413,50,25,2.09288305137415,50,37.5,-0.6278410488494821,50,50,0,50],"indices":[0,9,1,9,10,1,1,10,2,10,11,2,2,11,3,11,12,3,3,12,4,12,13,4,4,13,5,13,14,5,5,14,6,14,15,6,6,15,7,15,16,7,7,16,8,16,17,8,9,18,10,18,19,10,10,19,11,19,20,11,11,20,12,20,21,12,12,21,13,21,22,13,13,22,14,22,23,14,14,23,15,23,24,15,15,24,16,24,25,16,16,25,17,25,26,17,18,27,19,27,28,19,19,28,20,28,29,20,20,29,21,29,30,21,21,30,22,30,31,22,22,31,23,31,32,23,23,32,24,32,33,24,24,33,25,33,34,25,25,34,26,34,35,26,27,36,28,36,37,28,28,37,29,37,38,29,29,38,30,38,39,30,30,39,31,39,40,31,31,40,32,40,41,32,32,41,33,41,42,33,33,42,34,42,43,34,34,43,35,43,44,35,36,45,37,45,46,37,37,46,38,46,47,38,38,47,39,47,48,39,39,48,40,48,49,40,40,49,41,49,50,41,41,50,42,50,51,42,42,51,43,51,52,43,43,52,44,52,53,44,45,54,46,54,55,46,46,55,47,55,56,47,47,56,48,56,57,48,48,57,49,57,58,49,49,58,50,58,59,50,50,59,51,59,60,51,51,60,52,60,61,52,52,61,53,61,62,53,54,63,55,63,64,55,55,64,56,64,65,56,56,65,57,65,66,57,57,66,58,66,67,58,58,67,59,67,68,59,59,68,60,68,69,60,60,69,61,69,70,61,61,70,62,70,71,62,63,72,64,72,73,64,64,73,65,73,74,65,65,74,66,74,75,66,66,75,67,75,76,67,67,76,68,76,77,68,68,77,69,77,78,69,69,78,70,78,79,70,70,79,71,79,80,71],"center":{"x":800,"z":300},"lod":2,"index":38}