{"vertices":[-50,0,-50,-37.5,-0.37008666122556566,-50,-25,-3.1371165643769987,-50,-12.5,2.6055682315822715,-50,0,0,-50,12.5,-1.0863706597087357,-50,25,-2.0808458445877305,-50,37.5,-0.882636373735664,-50,50,0,-50,-50,0.10249842905780865,-37.5,-37.5,-1.022398109921024,-37.5,-25,-2.2956103138597865,-37.5,-12.5,2.411790807336117,-37.5,0,0.662657306260443,-37.5,12.5,-0.5764131100524315,-37.5,25,-1.328216491961809,-37.5,37.5,-1.5701610219777584,-37.5,50,-1.281289004696665,-37.5,-50,0.23329043528565524,-25,-37.5,0.11896704927929132,-25,-25,1.3393072638017478,-25,-12.5,0.662733762912803,-25,0,0.24055549857627656,-25,12.5,-0.9995543381397219,-25,25,-2.1295645038455464,-25,37.5,-1.4078949272916776,-25,50,-0.18314725434378423,-25,-50,0.45006719135840706,-12.5,-37.5,1.1729288090559666,-12.5,-25,0.7894069699431389,-12.5,-12.5,0.0750744463903339,-12.5,0,-0.09346327571939972,-12.5,12.5,-1.5024321986642597,-12.5,25,-2.9206537301353457,-12.5,37.5,-1.2968999910239656,-12.5,50,0.9934411247210351,-12.5,-50,0,0,-37.5,0.30791717264168184,0,-25,1.6412596693038226,0,-12.5,0.5502254046369318,0,0,0,0,12.5,-0.4111450614602211,0,25,-2.117883422175474,0,37.5,-1.4812299140187368,0,50,0,0,-50,-0.5847625379528656,12.5,-37.5,-0.4078692394439144,12.5,-25,2.5444439056184205,12.5,-12.5,1.155962718574845,12.5,0,-0.026676486896444546,12.5,12.5,0.8000130320253157,12.5,25,-1.3119958588360146,12.5,37.5,2.517940670491294,12.5,50,-0.8691024996958746,12.5,-50,0.22759234702622894,25,-37.5,0.4821172319857031,25,-25,1.6329974410099277,25,-12.5,-0.020048480766084006,25,0,0.23898852417585847,25,12.5,-0.23918571742686245,25,25,-2.0341215182578924,25,37.5,2.1693124479341703,25,50,-0.24012814184409811,25,-50,1.1231184462518038,37.5,-37.5,1.300480149885559,37.5,-25,0.7162112438556072,37.5,-12.5,-1.266062297947495,37.5,0,0.5921428322427431,37.5,12.5,-1.0563265387210539,37.5,25,-2.576009006268047,37.5,37.5,1.714424101529065,37.5,50,0.3009251107559899,37.5,-50,0,50,-37.5,1.004502256881484,50,-25,1.6441087141110429,50,-12.5,-0.14341325585283332,50,0,0,50,12.5,0.27059104822012714,50,25,2.604651541345026,50,37.5,0.60414430776524,50,50,0,50],"indices":[0,9,1,9,10,1,1,10,2,10,11,2,2,11,3,11,12,3,3,12,4,12,13,4,4,13,5,13,14,5,5,14,6,14,15,6,6,15,7,15,16,7,7,16,8,16,17,8,9,18,10,18,19,10,10,19,11,19,20,11,11,20,12,20,21,12,12,21,13,21,22,13,13,22,14,22,23,14,14,23,15,23,24,15,15,24,16,24,25,16,16,25,17,25,26,17,18,27,19,27,28,19,19,28,20,28,29,20,20,29,21,29,30,21,21,30,22,30,31,22,22,31,23,31,32,23,23,32,24,32,33,24,24,33,25,33,34,25,25,34,26,34,35,26,27,36,28,36,37,28,28,37,29,37,38,29,29,38,30,38,39,30,30,39,31,39,40,31,31,40,32,40,41,32,32,41,33,41,42,33,33,42,34,42,43,34,34,43,35,43,44,35,36,45,37,45,46,37,37,46,38,46,47,38,38,47,39,47,48,39,39,48,40,48,49,40,40,49,41,49,50,41,41,50,42,50,51,42,42,51,43,51,52,43,43,52,44,52,53,44,45,54,46,54,55,46,46,55,47,55,56,47,47,56,48,56,57,48,48,57,49,57,58,49,49,58,50,58,59,50,50,59,51,59,60,51,51,60,52,60,61,52,52,61,53,61,62,53,54,63,55,63,64,55,55,64,56,64,65,56,56,65,57,65,66,57,57,66,58,66,67,58,58,67,59,67,68,59,59,68,60,68,69,60,60,69,61,69,70,61,61,70,62,70,71,62,63,72,64,72,73,64,64,73,65,73,74,65,65,74,66,74,75,66,66,75,67,75,76,67,67,76,68,76,77,68,68,77,69,77,78,69,69,78,70,78,79,70,70,79,71,79,80,71],"center":{"x":0,"z":100},"lod":2,"index":10}