{"vertices":[-50,0,-50,-25,-4.0976594079993784,-50,0,0,-50,25,1.1324417060448835,-50,50,0,-50,-50,0.2355696711734709,-25,-25,0.5393329988107453,-25,0,-0.18314725458908648,-25,25,1.3989235090861922,-25,50,0.20921601045344101,-25,-50,0,0,-25,0.5938209725495038,0,0,0,0,25,1.1658467516611328,0,50,0,0,-50,1.2050482167680341e-8,25,-25,0.574946054403726,25,0,-0.24012814187914153,25,25,1.148325128880934,25,50,0.2405554986136571,25,-50,0,50,-25,0.5702451307355293,50,0,0,50,25,1.1865735495358,50,50,0,50],"indices":[0,5,1,5,6,1,1,6,2,6,7,2,2,7,3,7,8,3,3,8,4,8,9,4,5,10,6,10,11,6,6,11,7,11,12,7,7,12,8,12,13,8,8,13,9,13,14,9,10,15,11,15,16,11,11,16,12,16,17,12,12,17,13,17,18,13,13,18,14,18,19,14,15,20,16,20,21,16,16,21,17,21,22,17,17,22,18,22,23,18,18,23,19,23,24,19],"center":{"x":600,"z":700},"lod":3,"index":76}