{"vertices":[-50,0,-50,-37.5,-1.5376695944401029,-50,-25,3.645466211787935,-50,-12.5,1.3990877054074122,-50,0,0,-50,12.5,-1.1581755837897234,-50,25,3.800626948854088,-50,37.5,-2.111593948867132,-50,50,0,-50,-50,0.7942927113048798,-37.5,-37.5,0.8823577352236268,-37.5,-25,-0.6515185921922579,-37.5,-12.5,1.5577122115588524,-37.5,0,1.3839593744731005,-37.5,12.5,-1.82904740048266,-37.5,25,3.112860583730935,-37.5,37.5,-2.5598474308641688,-37.5,50,-0.7252689769049097,-37.5,-50,-0.20921601081788863,-25,-37.5,0.11851076752339706,-25,-25,-1.0214411616782422,-25,-12.5,0.8759268316912201,-25,0,0.19269155293116802,-25,12.5,0.6604068685869381,-25,25,-0.6327763097040489,-25,37.5,-0.5054463518554961,-25,50,0.21619616954719198,-25,-50,-1.2889330385456996,-12.5,-37.5,-0.7182438540924629,-12.5,-25,-1.3606215966848696,-12.5,-12.5,0.0897946640693614,-12.5,0,-0.9286291916944146,-12.5,12.5,1.8843787907365959,-12.5,25,-0.19835565580203604,-12.5,37.5,1.482348545620322,-12.5,50,1.236514447372857,-12.5,-50,0,0,-37.5,0.6070525401240499,0,-25,-1.0733649956652145,0,-12.5,0.7749529304548243,0,0,0,0,12.5,0.9963277591766699,0,25,-0.9486890315742986,0,37.5,1.481608695970573,0,50,0,0,-50,1.2889330402141335,12.5,-37.5,1.7424856877275343,12.5,-25,-0.7323181251490463,12.5,-12.5,1.5898440880511195,12.5,0,0.8013875462672368,12.5,12.5,0.19872197530522157,12.5,25,-1.807007963222187,12.5,37.5,1.5687566478503308,12.5,50,-1.3381648192892734,12.5,-50,0.20921601057492026,25,-37.5,1.1768640119081206,25,-25,-0.8417127608128417,25,-12.5,0.2627716014458924,25,0,0.24112530741155636,25,12.5,1.1644471677239312,25,25,-0.8289454758656836,25,37.5,0.9511445097041806,25,50,-0.20138113849106615,25,-50,-0.7942927135513096,37.5,-37.5,0.6925114090354394,37.5,-25,-0.8910103840580572,37.5,-12.5,-1.1055853660202133,37.5,0,-0.23083799392662552,37.5,12.5,2.0516989939159758,37.5,25,0.19427838881582882,37.5,37.5,0.2438928662435472,37.5,50,0.8621629187946918,37.5,-50,0,50,-37.5,1.3044222242040424,50,-25,-1.0551311114536868,50,-12.5,0.08954422419734667,50,0,0,50,12.5,1.6749838963928843,50,25,-0.9248282851744645,50,37.5,0.8095903596297728,50,50,0,50],"indices":[0,9,1,9,10,1,1,10,2,10,11,2,2,11,3,11,12,3,3,12,4,12,13,4,4,13,5,13,14,5,5,14,6,14,15,6,6,15,7,15,16,7,7,16,8,16,17,8,9,18,10,18,19,10,10,19,11,19,20,11,11,20,12,20,21,12,12,21,13,21,22,13,13,22,14,22,23,14,14,23,15,23,24,15,15,24,16,24,25,16,16,25,17,25,26,17,18,27,19,27,28,19,19,28,20,28,29,20,20,29,21,29,30,21,21,30,22,30,31,22,22,31,23,31,32,23,23,32,24,32,33,24,24,33,25,33,34,25,25,34,26,34,35,26,27,36,28,36,37,28,28,37,29,37,38,29,29,38,30,38,39,30,30,39,31,39,40,31,31,40,32,40,41,32,32,41,33,41,42,33,33,42,34,42,43,34,34,43,35,43,44,35,36,45,37,45,46,37,37,46,38,46,47,38,38,47,39,47,48,39,39,48,40,48,49,40,40,49,41,49,50,41,41,50,42,50,51,42,42,51,43,51,52,43,43,52,44,52,53,44,45,54,46,54,55,46,46,55,47,55,56,47,47,56,48,56,57,48,48,57,49,57,58,49,49,58,50,58,59,50,50,59,51,59,60,51,51,60,52,60,61,52,52,61,53,61,62,53,54,63,55,63,64,55,55,64,56,64,65,56,56,65,57,65,66,57,57,66,58,66,67,58,58,67,59,67,68,59,59,68,60,68,69,60,60,69,61,69,70,61,61,70,62,70,71,62,63,72,64,72,73,64,64,73,65,73,74,65,65,74,66,74,75,66,66,75,67,75,76,67,67,76,68,76,77,68,68,77,69,77,78,69,69,78,70,78,79,70,70,79,71,79,80,71],"center":{"x":300,"z":400},"lod":2,"index":43}