{"vertices":[-50,0,-50,-25,1.2944401513410462,-50,0,0,-50,25,1.3495282065251846,-50,50,0,-50,-50,0.23898852411044552,-25,-25,1.3048391640472135,-25,0,0.24055549860430792,-25,25,1.2084043562882731,-25,50,0.20138113923631878,-25,-50,0,0,-25,1.1661619310504925,0,0,0,0,25,1.4047996675908911,0,50,0,0,-50,0.2161961696009249,25,-25,-3.492981796969183,25,0,0.23898852412679902,25,25,1.4265948566579318,25,50,-0.21619616895612936,25,-50,0,50,-25,-3.442981069792646,50,0,0,50,25,1.4144864184390737,50,50,0,50],"indices":[0,5,1,5,6,1,1,6,2,6,7,2,2,7,3,7,8,3,3,8,4,8,9,4,5,10,6,10,11,6,6,11,7,11,12,7,7,12,8,12,13,8,8,13,9,13,14,9,10,15,11,15,16,11,11,16,12,16,17,12,12,17,13,17,18,13,13,18,14,18,19,14,15,20,16,20,21,16,16,21,17,21,22,17,17,22,18,22,23,18,18,23,19,23,24,19],"center":{"x":700,"z":800},"lod":3,"index":87}