{"vertices":[-50,0,-50,-25,-2.555760163892034,-50,0,0,-50,25,2.752903346755819,-50,50,0,-50,-50,0.2291593212864742,-25,-25,-2.5984958296942384,-25,0,-0.18314725467085444,-25,25,2.8265511439772997,-25,50,0.23656683664983402,-25,-50,0,0,-25,-2.5557601649141244,0,0,0,0,25,2.7970635360870992,0,50,0,0,-50,0.240128141960909,25,-25,-0.1305227346633724,25,0,-0.2401281418908226,25,25,0.40361075697434956,25,50,0.24126775964550135,25,-50,0,50,-25,2.211219890842604,50,0,0,50,25,-1.9761844174523582,50,50,0,50],"indices":[0,5,1,5,6,1,1,6,2,6,7,2,2,7,3,7,8,3,3,8,4,8,9,4,5,10,6,10,11,6,6,11,7,11,12,7,7,12,8,12,13,8,8,13,9,13,14,9,10,15,11,15,16,11,11,16,12,16,17,12,12,17,13,17,18,13,13,18,14,18,19,14,15,20,16,20,21,16,16,21,17,21,22,17,17,22,18,22,23,18,18,23,19,23,24,19],"center":{"x":900,"z":500},"lod":3,"index":59}