{"vertices":[-50,0,-50,-37.5,-1.4282109345436558,-50,-25,-0.6992249284682193,-50,-12.5,0.27828864599465325,-50,0,0,-50,12.5,1.7754156883074534,-50,25,-0.23702980600274035,-50,37.5,-2.2511701085470994,-50,50,0,-50,-50,-1.1171003532961474,-37.5,-37.5,-2.0842614739769796,-37.5,-25,3.655681171924545,-37.5,-12.5,-0.36097330997802646,-37.5,0,0.10249843172048079,-37.5,12.5,1.4312328093372149,-37.5,25,-1.0344789989687413,-37.5,37.5,1.6105741091306562,-37.5,50,-0.5847625350491519,-37.5,-50,1.346818617742329e-8,-25,-37.5,-0.8944188814445895,-25,-25,3.9037926277927304,-25,-12.5,-1.2950823088804877,-25,0,0.2332904351337925,-25,12.5,1.8679444425810239,-25,25,-0.03066283943663778,-25,37.5,1.4156813635239756,-25,50,0.22759234722481564,-25,-50,1.1171003625804135,-12.5,-37.5,1.6187791434037062,-12.5,-25,0.02088708889228205,-12.5,-12.5,-2.129394825985726,-12.5,0,0.4500671884418208,-12.5,12.5,-1.4423517401000217,-12.5,25,1.0553295947312338,-12.5,37.5,1.1201283566817501,-12.5,50,1.1231184438204789,-12.5,-50,0,0,-37.5,-0.9733703202559059,0,-25,3.8922539981784663,0,-12.5,-1.6031876376721235,0,0,0,0,12.5,2.1015635228964005,0,25,-0.23788451952317688,0,37.5,1.5554829929971086,0,50,0,0,-50,-1.236514450026139,12.5,-37.5,-0.5457914384871131,12.5,-25,-0.9451705900571704,12.5,-12.5,-1.2100024728758583,12.5,0,-0.3009251044033463,12.5,12.5,-2.0329153417707206,12.5,25,-1.4297964721172631,12.5,37.5,1.6233732232607183,12.5,50,-0.9934411189571353,12.5,-50,-0.2161961692247905,25,-37.5,0.6219350757689145,25,-25,-0.771519425159898,25,-12.5,-1.6936654265743576,25,0,0.24012814197259008,25,12.5,-1.9625934778754028,25,25,-0.31937965138543367,25,37.5,1.0029303589437362,25,50,0.1831472552432266,25,-50,0.7252689803251479,37.5,-37.5,1.8522829699299594,37.5,-25,-0.5766025370037853,37.5,-12.5,-2.0639874650911687,37.5,0,0.8691024936488934,37.5,12.5,-1.9419470636400205,37.5,25,0.8180645383203006,37.5,37.5,0.3047558524565922,37.5,50,1.281289014108328,37.5,-50,0,50,-37.5,1.1770414166778385,50,-25,-0.8348394361528286,50,-12.5,-2.179044467526866,50,0,0,50,12.5,-1.4501358641679574,50,25,-0.24101846827261628,50,37.5,0.8844378950395498,50,50,0,50],"indices":[0,9,1,9,10,1,1,10,2,10,11,2,2,11,3,11,12,3,3,12,4,12,13,4,4,13,5,13,14,5,5,14,6,14,15,6,6,15,7,15,16,7,7,16,8,16,17,8,9,18,10,18,19,10,10,19,11,19,20,11,11,20,12,20,21,12,12,21,13,21,22,13,13,22,14,22,23,14,14,23,15,23,24,15,15,24,16,24,25,16,16,25,17,25,26,17,18,27,19,27,28,19,19,28,20,28,29,20,20,29,21,29,30,21,21,30,22,30,31,22,22,31,23,31,32,23,23,32,24,32,33,24,24,33,25,33,34,25,25,34,26,34,35,26,27,36,28,36,37,28,28,37,29,37,38,29,29,38,30,38,39,30,30,39,31,39,40,31,31,40,32,40,41,32,32,41,33,41,42,33,33,42,34,42,43,34,34,43,35,43,44,35,36,45,37,45,46,37,37,46,38,46,47,38,38,47,39,47,48,39,39,48,40,48,49,40,40,49,41,49,50,41,41,50,42,50,51,42,42,51,43,51,52,43,43,52,44,52,53,44,45,54,46,54,55,46,46,55,47,55,56,47,47,56,48,56,57,48,48,57,49,57,58,49,49,58,50,58,59,50,50,59,51,59,60,51,51,60,52,60,61,52,52,61,53,61,62,53,54,63,55,63,64,55,55,64,56,64,65,56,56,65,57,65,66,57,57,66,58,66,67,58,58,67,59,67,68,59,59,68,60,68,69,60,60,69,61,69,70,61,61,70,62,70,71,62,63,72,64,72,73,64,64,73,65,73,74,65,65,74,66,74,75,66,66,75,67,75,76,67,67,76,68,76,77,68,68,77,69,77,78,69,69,78,70,78,79,70,70,79,71,79,80,71],"center":{"x":400,"z":0},"lod":2,"index":4}