{"vertices":[-50,0,-50,-37.5,0.9572784737757324,-50,-25,-0.8064202184165563,-50,-12.5,-2.045305414281626,-50,0,0,-50,12.5,-1.6387435049679022,-50,25,-0.23503547506055308,-50,37.5,1.0964733614933624,-50,50,0,-50,-50,0.8013875445858615,-37.5,-37.5,2.0260260093727163,-37.5,-25,-0.5863989092342358,-37.5,-12.5,-1.7808368488879578,-37.5,0,0.794292709058453,-37.5,12.5,-1.7760084346086746,-37.5,25,0.8818743405345121,-37.5,37.5,0.27762806529609696,-37.5,50,1.2889330418825682,-37.5,-50,0.24112530742558233,-25,-37.5,1.5519715069511082,-25,-25,-0.8158932916678486,-25,-12.5,1.5863916454662432,-25,0,-0.2092160110608493,-25,12.5,-1.080483461554467,-25,25,-0.013141217222979893,-25,37.5,0.9490998235262406,-25,50,0.20921601033195764,-25,-50,-0.23083799221190698,-12.5,-37.5,1.1539337910235303,-12.5,-25,-1.0158096414987368,-12.5,-12.5,1.1901169396158513,-12.5,0,-1.2889330368772636,-12.5,12.5,-0.29042462421129894,-12.5,25,-0.819017591995802,-12.5,37.5,1.7007353219573826,-12.5,50,-0.7942927157977366,-12.5,-50,0,0,-37.5,1.651902057787196,0,-25,-0.8081296457050551,0,-12.5,1.5417873663112598,0,0,0,0,12.5,-0.9609721304907569,0,25,-0.22506382004586556,0,37.5,0.4091561573261575,0,50,0,0,-50,0.10249842799273687,12.5,-37.5,2.0038060200781964,12.5,-25,-0.7741358137011155,12.5,-12.5,1.9818811667358887,12.5,0,1.2889330418825682,12.5,12.5,-1.7504898908195476,12.5,25,0.23891055277161116,12.5,37.5,-0.8171617403264564,12.5,50,0.6626573097150139,12.5,-50,0.23329043534639685,25,-37.5,2.124132224255453,25,-25,-0.7111784442586029,25,-12.5,1.0230418286995688,25,0,0.20921601033195764,25,12.5,-0.5818991823404713,25,25,0.045264191991758546,25,37.5,-0.13466069146748502,25,50,0.240555498632347,25,-50,0.4500671925250427,37.5,-37.5,-1.347406223217141,37.5,-25,-0.6071232033892717,37.5,-12.5,-0.009568402659860465,37.5,0,-0.7942927157977366,37.5,12.5,0.6053297758211853,37.5,25,4.004838021109971,37.5,37.5,-0.7879421401324282,37.5,50,-0.09346327904058496,37.5,-50,0,50,-37.5,-1.9330009368775292,50,-25,-0.8348394365616683,50,-12.5,0.853799496355535,50,0,0,50,12.5,1.1866300700039176,50,25,-0.18802624307370466,50,37.5,-1.7726157950301258,50,50,0,50],"indices":[0,9,1,9,10,1,1,10,2,10,11,2,2,11,3,11,12,3,3,12,4,12,13,4,4,13,5,13,14,5,5,14,6,14,15,6,6,15,7,15,16,7,7,16,8,16,17,8,9,18,10,18,19,10,10,19,11,19,20,11,11,20,12,20,21,12,12,21,13,21,22,13,13,22,14,22,23,14,14,23,15,23,24,15,15,24,16,24,25,16,16,25,17,25,26,17,18,27,19,27,28,19,19,28,20,28,29,20,20,29,21,29,30,21,21,30,22,30,31,22,22,31,23,31,32,23,23,32,24,32,33,24,24,33,25,33,34,25,25,34,26,34,35,26,27,36,28,36,37,28,28,37,29,37,38,29,29,38,30,38,39,30,30,39,31,39,40,31,31,40,32,40,41,32,32,41,33,41,42,33,33,42,34,42,43,34,34,43,35,43,44,35,36,45,37,45,46,37,37,46,38,46,47,38,38,47,39,47,48,39,39,48,40,48,49,40,40,49,41,49,50,41,41,50,42,50,51,42,42,51,43,51,52,43,43,52,44,52,53,44,45,54,46,54,55,46,46,55,47,55,56,47,47,56,48,56,57,48,48,57,49,57,58,49,49,58,50,58,59,50,50,59,51,59,60,51,51,60,52,60,61,52,52,61,53,61,62,53,54,63,55,63,64,55,55,64,56,64,65,56,56,65,57,65,66,57,57,66,58,66,67,58,58,67,59,67,68,59,59,68,60,68,69,60,60,69,61,69,70,61,61,70,62,70,71,62,63,72,64,72,73,64,64,73,65,73,74,65,65,74,66,74,75,66,66,75,67,75,76,67,67,76,68,76,77,68,68,77,69,77,78,69,69,78,70,78,79,70,70,79,71,79,80,71],"center":{"x":400,"z":700},"lod":2,"index":74}