{"vertices":[-50,0,-50,-37.5,-0.655865564903739,-50,-25,-3.171305095730102,-50,-12.5,-1.2773116926593855,-50,0,0,-50,12.5,-1.3062131059180782,-50,25,-2.0024971233157745,-50,37.5,-0.591600649202122,-50,50,0,-50,-50,0.3790068447258331,-37.5,-37.5,-1.0954517060267548,-37.5,-25,-3.1308010791809244,-37.5,-12.5,-1.1634806108643763,-37.5,0,0.9353834690814179,-37.5,12.5,-1.0964635115877912,-37.5,25,-1.3155716327108644,-37.5,37.5,-1.5055014468159307,-37.5,50,-0.9934411168611748,-37.5,-50,0.2291593214733797,-25,-37.5,-0.12941035728973813,-25,-25,-3.344124566574029,-25,-12.5,2.325365179692443,-25,0,0.2382762630529028,-25,12.5,-1.2645786213999242,-25,25,-2.1158890901913243,-25,37.5,-1.1436263078197642,-25,50,0.18314725557030448,-25,-50,0.1689671962350292,-12.5,-37.5,0.8941868759753071,-12.5,-25,0.46745196419716706,-12.5,-12.5,0.7783131191500209,-12.5,0,-0.3716115261721545,-12.5,12.5,-1.5061105071242569,-12.5,25,-2.911993079838544,-12.5,37.5,-0.8394324252241575,-12.5,50,1.2812890175307592,-12.5,-50,0,0,-37.5,0.042881343065368775,0,-25,1.5894070607440542,0,-12.5,0.8343649951563594,0,0,0,0,12.5,-0.6927538991621974,0,25,-2.125290937298206,0,37.5,-1.2754768816756394,0,50,0,0,-50,-0.3009251020932914,12.5,-37.5,-0.8928334528691642,12.5,-25,2.331886880358351,12.5,-12.5,1.163448267981492,12.5,0,0.2380930797314545,12.5,12.5,0.2563948914472874,12.5,25,-1.3266840182138644,12.5,37.5,-1.5886318164764837,12.5,50,-1.1231184535457723,12.5,-50,0.24012814201932337,25,-37.5,0.21668228536671025,25,-25,1.6079258483534402,25,-12.5,0.24495131885798965,25,0,0.22490356111819904,25,12.5,-0.5500840665904728,25,25,-2.094521258868048,25,37.5,0.33681980914640114,25,50,-0.22759234643048576,25,-50,0.8691024914499884,37.5,-37.5,1.242589002466138,37.5,-25,0.7151228200292964,37.5,-12.5,-0.7588315000031851,37.5,0,0.3082653316761054,37.5,12.5,-1.4360637554125257,37.5,25,-2.843031740022741,37.5,37.5,2.1869995997165947,37.5,50,0.5847625466640225,37.5,-50,0,50,-37.5,0.7351532128688071,50,-25,1.6446785230421153,50,-12.5,0.12116141284965748,50,0,0,50,12.5,-7.183690531279725e-10,50,25,-2.0512157842486665,50,37.5,2.2991457651003784,50,50,0,50],"indices":[0,9,1,9,10,1,1,10,2,10,11,2,2,11,3,11,12,3,3,12,4,12,13,4,4,13,5,13,14,5,5,14,6,14,15,6,6,15,7,15,16,7,7,16,8,16,17,8,9,18,10,18,19,10,10,19,11,19,20,11,11,20,12,20,21,12,12,21,13,21,22,13,13,22,14,22,23,14,14,23,15,23,24,15,15,24,16,24,25,16,16,25,17,25,26,17,18,27,19,27,28,19,19,28,20,28,29,20,20,29,21,29,30,21,21,30,22,30,31,22,22,31,23,31,32,23,23,32,24,32,33,24,24,33,25,33,34,25,25,34,26,34,35,26,27,36,28,36,37,28,28,37,29,37,38,29,29,38,30,38,39,30,30,39,31,39,40,31,31,40,32,40,41,32,32,41,33,41,42,33,33,42,34,42,43,34,34,43,35,43,44,35,36,45,37,45,46,37,37,46,38,46,47,38,38,47,39,47,48,39,39,48,40,48,49,40,40,49,41,49,50,41,41,50,42,50,51,42,42,51,43,51,52,43,43,52,44,52,53,44,45,54,46,54,55,46,46,55,47,55,56,47,47,56,48,56,57,48,48,57,49,57,58,49,49,58,50,58,59,50,50,59,51,59,60,51,51,60,52,60,61,52,52,61,53,61,62,53,54,63,55,63,64,55,55,64,56,64,65,56,56,65,57,65,66,57,57,66,58,66,67,58,58,67,59,67,68,59,59,68,60,68,69,60,60,69,61,69,70,61,61,70,62,70,71,62,63,72,64,72,73,64,64,73,65,73,74,65,65,74,66,74,75,66,66,75,67,75,76,67,67,76,68,76,77,68,68,77,69,77,78,69,69,78,70,78,79,70,70,79,71,79,80,71],"center":{"x":0,"z":900},"lod":2,"index":90}