{"vertices":[-50,0,-50,-25,-0.8188847884727504,-50,0,0,-50,25,-0.20540541373093302,-50,50,0,-50,-50,0.21619616954719198,-25,-25,-0.7306356406176879,-25,0,0.2365668366031098,-25,25,0.0043804058048499545,-25,50,0.24126775965016486,-25,-50,0,0,-25,3.9096331681873906,0,0,0,0,25,-0.2410184682959785,0,50,0,0,-50,-0.20138113849106615,25,-25,-0.7196668177916027,25,0,0.24126775965016486,25,25,-0.13623239582817737,25,50,0.20138113910081823,25,-50,0,50,-25,-0.8188847875733072,50,0,0,50,25,-0.23788451944374556,50,50,0,50],"indices":[0,5,1,5,6,1,1,6,2,6,7,2,2,7,3,7,8,3,3,8,4,8,9,4,5,10,6,10,11,6,6,11,7,11,12,7,7,12,8,12,13,8,8,13,9,13,14,9,10,15,11,15,16,11,11,16,12,16,17,12,12,17,13,17,18,13,13,18,14,18,19,14,15,20,16,20,21,16,16,21,17,21,22,17,17,22,18,22,23,18,18,23,19,23,24,19],"center":{"x":400,"z":400},"lod":3,"index":44}