{"vertices":[-50,0,-50,-37.5,0.2718521513779228,-50,-25,-1.756818681870378,-50,-12.5,0.2737223985169432,-50,0,0,-50,12.5,-2.014637822211575,-50,25,3.603483758780465,-50,37.5,-2.574282497151702,-50,50,0,-50,-50,1.056348305646478,-37.5,-37.5,1.59734467810983,-37.5,-25,-1.4640434235143047,-37.5,-12.5,1.4930463377037795,-37.5,0,-0.02667648256500708,-37.5,12.5,-1.4323124073848112,-37.5,25,3.6239153660794865,-37.5,37.5,1.415675748090949,-37.5,50,1.1754468488501166,-37.5,-50,-0.17274824423342963,-25,-37.5,0.7977212869747845,-25,-25,-1.540123929917327,-25,-12.5,0.14248212977505811,-25,0,0.23898852404504015,-25,12.5,-1.1704980708740047,-25,25,1.0244442331794612,-25,37.5,1.4464979364737152,-25,50,0.17274823167698003,-25,-50,-1.1754468649062655,-12.5,-37.5,0.07883619769180854,-12.5,-25,-1.5299451809031563,-12.5,-12.5,-1.1476642313085543,-12.5,0,0.5921428276000699,-12.5,12.5,-0.9860106270658529,-12.5,25,-1.688622306595605,-12.5,37.5,1.525503163322691,-12.5,50,-1.056348316808075,-12.5,-50,0,0,-37.5,0.6693902480703906,0,-25,-1.7653658150526585,0,-12.5,-0.12116141272373494,0,0,0,0,12.5,-0.1530837058575501,0,25,-1.0469703808303044,0,37.5,1.2011602138899442,0,50,0,0,-50,1.2889330422996772,12.5,-37.5,1.6741413365958944,12.5,-25,-1.8592702884209846,12.5,-12.5,0.7588315026867813,12.5,0,-0.4426468387836332,12.5,12.5,0.8660465016426795,12.5,25,-0.6689181133626166,12.5,37.5,0.7506362997162306,12.5,50,1.1811594513004993,12.5,-50,0.20921601027121628,25,-37.5,1.2503399808578353,25,-25,-1.544397496506725,25,-12.5,-0.24495131861455896,25,0,0.2355696709935889,25,12.5,0.03643454373589551,25,25,-1.3908037384786585,25,37.5,1.0681741969873337,25,50,0.22232161466962364,25,-50,-0.7942927163593444,37.5,-37.5,0.8923140250638655,37.5,-25,-1.217893971161671,37.5,-12.5,-1.1634482702289486,37.5,0,0.9999800529268019,37.5,12.5,-0.8833077374393825,37.5,25,-2.164185548087417,37.5,37.5,1.4446488363996437,37.5,50,-0.6553421211467637,37.5,-50,0,50,-37.5,1.3646995223742984,50,-25,-1.7077438934893112,50,-12.5,-0.8343649945645031,50,0,0,50,12.5,0.57045823533069,50,25,-1.1822999897649313,50,37.5,0.5211769347360271,50,50,0,50],"indices":[0,9,1,9,10,1,1,10,2,10,11,2,2,11,3,11,12,3,3,12,4,12,13,4,4,13,5,13,14,5,5,14,6,14,15,6,6,15,7,15,16,7,7,16,8,16,17,8,9,18,10,18,19,10,10,19,11,19,20,11,11,20,12,20,21,12,12,21,13,21,22,13,13,22,14,22,23,14,14,23,15,23,24,15,15,24,16,24,25,16,16,25,17,25,26,17,18,27,19,27,28,19,19,28,20,28,29,20,20,29,21,29,30,21,21,30,22,30,31,22,22,31,23,31,32,23,23,32,24,32,33,24,24,33,25,33,34,25,25,34,26,34,35,26,27,36,28,36,37,28,28,37,29,37,38,29,29,38,30,38,39,30,30,39,31,39,40,31,31,40,32,40,41,32,32,41,33,41,42,33,33,42,34,42,43,34,34,43,35,43,44,35,36,45,37,45,46,37,37,46,38,46,47,38,38,47,39,47,48,39,39,48,40,48,49,40,40,49,41,49,50,41,41,50,42,50,51,42,42,51,43,51,52,43,43,52,44,52,53,44,45,54,46,54,55,46,46,55,47,55,56,47,47,56,48,56,57,48,48,57,49,57,58,49,49,58,50,58,59,50,50,59,51,59,60,51,51,60,52,60,61,52,52,61,53,61,62,53,54,63,55,63,64,55,55,64,56,64,65,56,56,65,57,65,66,57,57,66,58,66,67,58,58,67,59,67,68,59,59,68,60,68,69,60,60,69,61,69,70,61,61,70,62,70,71,62,63,72,64,72,73,64,64,73,65,73,74,65,65,74,66,74,75,66,66,75,67,75,76,67,67,76,68,76,77,68,68,77,69,77,78,69,69,78,70,78,79,70,70,79,71,79,80,71],"center":{"x":200,"z":0},"lod":2,"index":2}