{"vertices":[-50,0,-50,-25,-0.9291321239671558,-50,0,0,-50,25,3.7841024916658927,-50,50,0,-50,-50,0.20138113882981742,-25,-25,-1.0579801554207406,-25,0,-0.2013811382878078,-25,25,-1.1242863189036694,-25,50,-0.20921601087863223,-25,-50,0,0,-25,-1.0701598209100691,0,0,0,0,25,-0.9543871203500286,0,50,0,0,-50,-0.2161961692785273,25,-25,-1.2494608657572877,25,0,-0.24126775967820843,25,25,-0.9605125680300476,25,50,0.20921601051417857,25,-50,0,50,-25,-1.0631084355845835,50,0,0,50,25,-0.9284608167044217,50,50,0,50],"indices":[0,5,1,5,6,1,1,6,2,6,7,2,2,7,3,7,8,3,3,8,4,8,9,4,5,10,6,10,11,6,6,11,7,11,12,7,7,12,8,12,13,8,8,13,9,13,14,9,10,15,11,15,16,11,11,16,12,16,17,12,12,17,13,17,18,13,13,18,14,18,19,14,15,20,16,20,21,16,16,21,17,21,22,17,17,22,18,22,23,18,18,23,19,23,24,19],"center":{"x":300,"z":200},"lod":3,"index":23}