{"vertices":[-50,0,-50,-25,1.526911491458109,-50,0,0,-50,25,2.1030683849012326,-50,50,0,-50,-50,-0.19269155397779295,-25,-25,1.4846744091737896,-25,0,-0.18314725467085444,-25,25,2.2278102290946125,-25,50,0.18314725516145608,-25,-50,0,0,-25,-3.172261307257458,0,0,0,0,25,-2.6565041549466257,0,50,0,0,-50,0.22232161438927953,25,-25,-3.2761089750667036,25,0,-0.2401281418908226,25,25,-2.475137553462806,25,50,-0.22759234662907246,25,-50,0,50,-25,-3.2335157634696143,50,0,0,50,25,-2.67644746665808,50,50,0,50],"indices":[0,5,1,5,6,1,1,6,2,6,7,2,2,7,3,7,8,3,3,8,4,8,9,4,5,10,6,10,11,6,6,11,7,11,12,7,7,12,8,12,13,8,8,13,9,13,14,9,10,15,11,15,16,11,11,16,12,16,17,12,12,17,13,17,18,13,13,18,14,18,19,14,15,20,16,20,21,16,16,21,17,21,22,17,17,22,18,22,23,18,18,23,19,23,24,19],"center":{"x":800,"z":600},"lod":3,"index":68}