{"vertices":[-50,1.2626777280092938,-50,-37.5,2.3535425498881883,-50,-25,2.585860997714917,-50,-12.5,2.6344597935509153,-50,0,2.224184354345198,-50,12.5,2.6344597935509153,-50,25,2.585860997714917,-50,37.5,2.3535425498881883,-50,50,1.2626777280092938,-50,-50,1.6682532181425136,-37.5,-37.5,2.174521166419574,-37.5,-25,1.983822920304904,-37.5,-12.5,3.3778382001219107,-37.5,0,3.4982755006537958,-37.5,12.5,3.3778382001219107,-37.5,25,1.983822920304904,-37.5,37.5,2.174521166419574,-37.5,50,1.6682532181425136,-37.5,-50,2.538924335312913,-25,-37.5,2.054308688188095,-25,-25,2.509661972799222,-25,-12.5,3.922055555099689,-25,0,2.762143691579695,-25,12.5,3.922055555099689,-25,25,2.509661972799222,-25,37.5,2.054308688188095,-25,50,2.538924335312913,-25,-50,3.4574928283913997,-12.5,-37.5,2.367888487404211,-12.5,-25,1.753891656360715,-12.5,-12.5,2.6114403742571857,-12.5,0,1.8014615843336503,-12.5,12.5,2.6114403742571857,-12.5,25,1.753891656360715,-12.5,37.5,2.367888487404211,-12.5,50,3.4574928283913997,-12.5,-50,2.9054326999903424,0,-37.5,3.17506833081476,0,-25,3.142610699214856,0,-12.5,3.1659094613917493,0,0,3.906659265558119,0,12.5,3.1659094613917493,0,25,3.142610699214856,0,37.5,3.17506833081476,0,50,2.9054326999903424,0,-50,3.4931256193194518,12.5,-37.5,1.8937757907961923,12.5,-25,1.886643449259838,12.5,-12.5,2.095789429464285,12.5,0,2.1349426407699053,12.5,12.5,2.095789429464285,12.5,25,1.886643449259838,12.5,37.5,1.8937757907961923,12.5,50,3.4931256193194518,12.5,-50,2.1467141497851117,25,-37.5,2.200616972202022,25,-25,3.282313406743924,25,-12.5,1.9148816472948789,25,0,2.778353472749586,25,12.5,1.9148816472948789,25,25,3.282313406743924,25,37.5,2.200616972202022,25,50,2.1467141497851117,25,-50,3.5057751868755975,37.5,-37.5,1.1788922423415984,37.5,-25,3.32660342081018,37.5,-12.5,2.448624132678149,37.5,0,3.1028298130522156,37.5,12.5,2.448624132678149,37.5,25,3.32660342081018,37.5,37.5,1.1788922423415984,37.5,50,3.5057751868755975,37.5,-50,2.625078677010606,50,-37.5,2.617863422247264,50,-25,3.805174440421979,50,-12.5,2.0230039117463625,50,0,2.0176372728747083,50,12.5,2.0230039117463625,50,25,3.805174440421979,50,37.5,2.617863422247264,50,50,2.625078677010606,50],"center":{"x":0,"z":100},"lod":2,"index":10}