{"vertices":[-50,2.810303277146886,-50,-37.5,1.8959068768205867,-50,-25,3.644630079434137,-50,-12.5,1.940574269385181,-50,0,0.6877458147209836,-50,12.5,2.29403533666138,-50,25,3.258931373056839,-50,37.5,3.1003033773107083,-50,50,1.8482914304331644,-50,-50,2.024493272523091,-37.5,-37.5,2.692217565367897,-37.5,-25,2.5679711046883824,-37.5,-12.5,1.9095684599738343,-37.5,0,1.2184922854608644,-37.5,12.5,2.7566524597168396,-37.5,25,2.893623411936571,-37.5,37.5,2.3008689717728186,-37.5,50,1.7292398494239158,-37.5,-50,1.8767160240531666,-25,-37.5,2.588687767779498,-25,-25,2.9008396615245147,-25,-12.5,2.968203148282046,-25,0,2.9932624153298093,-25,12.5,2.467596945555956,-25,25,2.201844339069794,-25,37.5,1.6776935248678688,-25,50,0.8488332962588174,-25,-50,2.6254902551011794,-12.5,-37.5,3.203555870353746,-12.5,-25,2.2265601228742486,-12.5,-12.5,3.6716149731538983,-12.5,0,2.2064698778067164,-12.5,12.5,3.34466391822952,-12.5,25,3.2514189036080863,-12.5,37.5,3.0992847682533933,-12.5,50,2.0260996348354716,-12.5,-50,3.3086133066535695,0,-37.5,0.85843922356336,0,-25,2.193599109814386,0,-12.5,2.808710018749089,0,0,1.9592025927704526,0,12.5,1.432584759057067,0,25,1.7330745205254061,0,37.5,2.417679498990923,0,50,1.648930284936796,0,-50,2.4320379872742253,12.5,-37.5,2.236657101174708,12.5,-25,2.6875676054617754,12.5,-12.5,1.8888958738216242,12.5,0,3.686915344991879,12.5,12.5,2.7723927125325436,12.5,25,1.170071069181615,12.5,37.5,1.7977405169399785,12.5,50,3.6680709738200337,12.5,-50,2.8890857163787587,25,-37.5,1.9666935275675983,25,-25,1.3701703299739165,25,-12.5,1.9850271641156625,25,0,2.4782541445893003,25,12.5,2.7496858689837147,25,25,1.8156169697613223,25,37.5,1.8927359006634594,25,50,1.68174890037335,25,-50,2.213672392806579,37.5,-37.5,2.659400580432512,37.5,-25,2.8034428842948733,37.5,-12.5,2.934982207355765,37.5,0,1.4144082032821745,37.5,12.5,1.9191871039848807,37.5,25,1.9554109360786667,37.5,37.5,1.6532589990586373,37.5,50,1.8989546305194005,37.5,-50,2.2110509935737355,50,-37.5,2.797238685030823,50,-25,2.3329932142951293,50,-12.5,3.4595043125713465,50,0,1.5808567456406308,50,12.5,2.273444314408824,50,25,2.7276563987106783,50,37.5,2.296958018925542,50,50,1.371774647195707,50],"center":{"x":500,"z":500},"lod":2,"index":55}