{"vertices":[-50,3.6386020544887288,-50,-25,0.3542136254691286,-50,0,1.739988956178422,-50,25,1.5740501524851425,-50,50,2.190860204209457,-50,-50,1.607719517123769,-25,-25,2.3586956265353365,-25,0,3.090479407037492,-25,25,2.033984774534474,-25,50,2.3139172716037137,-25,-50,2.9823224309802754,0,-25,1.2968145909690065,0,0,1.5954348775994731,0,25,2.244643533413182,0,50,3.4253340883151395,0,-50,1.3000120285869343,25,-25,2.4234387877368135,25,0,2.8066262933862163,25,25,2.044034117643605,25,50,2.795335940827499,25,-50,1.1018626455188496,50,-25,1.8723787966155214,50,0,2.492840621198411,50,25,3.7982192279741867,50,50,2.0796173734561307,50],"center":{"x":300,"z":900},"lod":3,"index":93}