{"vertices":[-50,1.2626777280092938,-50,-37.5,1.6251752511802744,-50,-25,2.626825961560826,-50,-12.5,2.9095186924218144,-50,0,1.2420305847626878,-50,12.5,3.0723191075571252,-50,25,1.9742346618295414,-50,37.5,2.538386149480547,-50,50,0.7721225654677255,-50,-50,3.054053690575607,-37.5,-37.5,1.4968676112238892,-37.5,-25,2.1241579769752157,-37.5,-12.5,1.9659426450562094,-37.5,0,1.214086322251665,-37.5,12.5,3.567511617280813,-37.5,25,2.031953425014789,-37.5,37.5,3.1832329376024457,-37.5,50,3.119266808501537,-37.5,-50,1.555926917862962,-25,-37.5,1.9945689804818276,-25,-25,1.9316070706554456,-25,-12.5,3.2185797621383405,-25,0,3.2152518867951585,-25,12.5,2.387969160808324,-25,25,3.3696513686300023,-25,37.5,2.249861106022722,-25,50,2.061866644580732,-25,-50,2.737332352684559,-12.5,-37.5,2.568392341546508,-12.5,-25,2.5173331778582595,-12.5,-12.5,2.536989939672459,-12.5,0,2.4303373258027507,-12.5,12.5,2.76619601875042,-12.5,25,1.8178020531331098,-12.5,37.5,2.1365241530646903,-12.5,50,2.050828328316134,-12.5,-50,2.13720899708278,0,-37.5,0.7246532686355036,0,-25,2.9525626630493207,0,-12.5,2.8333668251296333,0,0,4.056322896431084,0,12.5,1.1350868371719827,0,25,0.9926847431779606,0,37.5,0.760094401355732,0,50,4.134085599143873,0,-50,2.737332352684559,12.5,-37.5,2.568392341546508,12.5,-25,2.5173331778582595,12.5,-12.5,2.536989939672459,12.5,0,2.4303373258027507,12.5,12.5,2.76619601875042,12.5,25,1.8178020531331098,12.5,37.5,2.1365241530646903,12.5,50,2.050828328316134,12.5,-50,1.555926917862962,25,-37.5,1.9945689804818276,25,-25,1.9316070706554456,25,-12.5,3.2185797621383405,25,0,3.2152518867951585,25,12.5,2.387969160808324,25,25,3.3696513686300023,25,37.5,2.249861106022722,25,50,2.061866644580732,25,-50,3.054053690575607,37.5,-37.5,1.4968676112238892,37.5,-25,2.1241579769752157,37.5,-12.5,1.9659426450562094,37.5,0,1.214086322251665,37.5,12.5,3.567511617280813,37.5,25,2.031953425014789,37.5,37.5,3.1832329376024457,37.5,50,3.119266808501537,37.5,-50,1.2626777280092938,50,-37.5,1.6251752511802744,50,-25,2.626825961560826,50,-12.5,2.9095186924218144,50,0,1.2420305847626878,50,12.5,3.0723191075571252,50,25,1.9742346618295414,50,37.5,2.538386149480547,50,50,0.7721225654677255,50],"center":{"x":100,"z":0},"lod":2,"index":1}