{"vertices":[-50,2.1669972006202443,-50,-37.5,2.2692353004956862,-50,-25,2.641502087280969,-50,-12.5,1.8397113855107072,-50,0,3.960725968281622,-50,12.5,3.087529112929208,-50,25,1.1630940780014498,-50,37.5,1.794547768212372,-50,50,3.787327978570829,-50,-50,2.89047565911293,-37.5,-37.5,1.5685720356518345,-37.5,-25,1.329380112415395,-37.5,-12.5,2.832396638567482,-37.5,0,1.8278558653657164,-37.5,12.5,3.1735373513309617,-37.5,25,1.5030078759587533,-37.5,37.5,2.8553152193610476,-37.5,50,2.335993294191838,-37.5,-50,3.247637457025121,-25,-37.5,2.2808543339430782,-25,-25,1.6878395427920623,-25,-12.5,2.5720438033316775,-25,0,1.8939468316239072,-25,12.5,2.4124176280999525,-25,25,2.0837255164951785,-25,37.5,1.9027531957132615,-25,50,1.6417255734995706,-25,-50,2.2150565413681305,-12.5,-37.5,2.8145343562458693,-12.5,-25,2.9284174293546323,-12.5,-12.5,3.3160647290032297,-12.5,0,2.1329312552128457,-12.5,12.5,2.1792872001815002,-12.5,25,2.676442320420146,-12.5,37.5,1.8421847082574399,-12.5,50,1.8281074147763385,-12.5,-50,1.63827330507047,0,-37.5,3.391223640689711,0,-25,1.4938224007346435,0,-12.5,3.0128987658043958,0,0,1.2855130485695554,0,12.5,3.280137788135782,0,25,2.324469123777817,0,37.5,1.2701789215336612,0,50,2.944233689268003,0,-50,1.8483207048837802,12.5,-37.5,2.302034364106635,12.5,-25,1.748037135482693,12.5,-12.5,3.0029165000460223,12.5,0,1.262128738640556,12.5,12.5,2.7445211873700535,12.5,25,2.119873726044333,12.5,37.5,2.3185356915304696,12.5,50,1.4815179867143833,12.5,-50,2.5482970539451344,25,-37.5,2.494947703044623,25,-25,3.1572525848605437,25,-12.5,3.1312526551173256,25,0,2.9148948244255735,25,12.5,1.345514052411481,25,25,1.9058658525318606,25,37.5,2.4030772335788884,25,50,2.044583532770048,25,-50,2.3941504251833132,37.5,-37.5,1.871892947885779,37.5,-25,3.296194818148735,37.5,-12.5,3.1441906135008972,37.5,0,1.934089695368018,37.5,12.5,2.0232470901740687,37.5,25,1.5076794214690685,37.5,37.5,3.303684100522416,37.5,50,2.677368388747785,37.5,-50,2.810303277146886,50,-37.5,1.8959068768205867,50,-25,3.644630079434137,50,-12.5,1.940574269385181,50,0,0.6877458147209836,50,12.5,2.29403533666138,50,25,3.258931373056839,50,37.5,3.1003033773107083,50,50,1.8482914304331644,50],"center":{"x":500,"z":400},"lod":2,"index":45}