{"vertices":[-50,1.8482914304331644,-50,-37.5,1.2015074562850645,-50,-25,2.0590438757062657,-50,-12.5,2.67901176270042,-50,0,1.9995549093437148,-50,12.5,2.4328829790996336,-50,25,2.720347260401468,-50,37.5,3.5123966897300414,-50,50,2.939058809351991,-50,-50,1.7292398494239158,-37.5,-37.5,2.3046805306747946,-37.5,-25,2.605566809198093,-37.5,-12.5,2.4104192413645547,-37.5,0,2.3842184994491955,-37.5,12.5,1.566519986837135,-37.5,25,2.4232686582205782,-37.5,37.5,1.9176038265534656,-37.5,50,3.6988456073706484,-37.5,-50,0.8488332962588174,-25,-37.5,3.1994587501070617,-25,-25,2.6507056567788823,-25,-12.5,0.9859161057918643,-25,0,2.3116603265953017,-25,12.5,2.734190870329347,-25,25,2.9839423944213195,-25,37.5,2.8266381209663622,-25,50,1.9297152448416455,-25,-50,2.0260996348354716,-12.5,-37.5,3.118343846644282,-12.5,-25,2.1278234230813355,-12.5,-12.5,1.3635043173532893,-12.5,0,1.5208338861153532,-12.5,12.5,2.7828804341561595,-12.5,25,1.7459092001350092,-12.5,37.5,1.9979094559005754,-12.5,50,1.92705997395859,-12.5,-50,1.648930284936796,0,-37.5,2.3613275617564744,0,-25,2.342428198826383,0,-12.5,2.8443549431302015,0,0,3.8264447222900344,0,12.5,2.3667784530497005,0,25,2.0267154921748443,0,37.5,3.0753390146847277,0,50,3.8535213161230786,0,-50,3.6680709738200337,12.5,-37.5,3.1589627784722794,12.5,-25,2.7067904998909533,12.5,-12.5,2.1707937346684893,12.5,0,2.2678213595701644,12.5,12.5,0.9145910019461412,12.5,25,2.32281826867255,12.5,37.5,2.2868133163049635,12.5,50,1.9156217234747575,12.5,-50,1.68174890037335,25,-37.5,1.7356071732120597,25,-25,1.9501490209222538,25,-12.5,2.275987931893531,25,0,2.1300601731491042,25,12.5,2.058301314886109,25,25,2.88563049332879,25,37.5,1.2974541551941692,25,50,1.9151946593046887,25,-50,1.8989546305194005,37.5,-37.5,1.5494292952467759,37.5,-25,1.58281204688544,37.5,-12.5,1.4502688528664032,37.5,0,3.3512590523336474,37.5,12.5,2.7006332218763287,37.5,25,2.3869955974821373,37.5,37.5,2.3865230627295055,37.5,50,3.4822241031557226,37.5,-50,1.371774647195707,50,-37.5,2.1316861389558723,50,-25,3.4485869917989476,50,-12.5,1.786431103403574,50,0,2.1192812691879226,50,12.5,2.4108411367161224,50,25,3.5899459470965667,50,37.5,2.3871638875117367,50,50,1.1421966243506176,50],"center":{"x":600,"z":500},"lod":2,"index":56}