{"vertices":[-50,2.6419270101905568,-50,-37.5,1.8867519256298229,-50,-25,2.8048653055884643,-50,-12.5,3.593467528224848,-50,0,1.8598458222550107,-50,12.5,1.6368028746072434,-50,25,1.4823663577408297,-50,37.5,1.499639443550057,-50,50,1.6170751785830362,-50,-50,1.9798262772962307,-37.5,-37.5,1.9374897071921182,-37.5,-25,2.276428165857764,-37.5,-12.5,3.7430773069248033,-37.5,0,2.2267263195444915,-37.5,12.5,2.9302696809147855,-37.5,25,2.897968226527351,-37.5,37.5,2.110319211311954,-37.5,50,1.9044362251458473,-37.5,-50,2.3652657929778798,-25,-37.5,1.715235391808898,-25,-25,1.7079573024966521,-25,-12.5,3.24863787982252,-25,0,1.1955079487961484,-25,12.5,3.167947583888513,-25,25,3.6524029418797,-25,37.5,3.3664209837469405,-25,50,2.8356602525309427,-25,-50,2.4815208568487552,-12.5,-37.5,2.122437062195632,-12.5,-25,2.776046633563035,-12.5,-12.5,1.8077469989028168,-12.5,0,3.8505082501033296,-12.5,12.5,2.5541730439332055,-12.5,25,1.164395082379,-12.5,37.5,1.6886910776491137,-12.5,50,3.8930921036434807,-12.5,-50,2.63878018296964,0,-37.5,1.8411807765333075,0,-25,1.8529678036429686,0,-12.5,2.7791677150128304,0,0,1.6277533821266843,0,12.5,3.5746432255495253,0,25,1.2030470713943942,0,37.5,2.7539158387931533,0,50,1.763482365568052,0,-50,3.2047897771030383,12.5,-37.5,2.440867047414582,12.5,-25,2.2885447950392512,12.5,-12.5,2.1292256385654023,12.5,0,2.4816702744187653,12.5,12.5,2.3263482254572123,12.5,25,1.8162271086304402,12.5,37.5,1.5074872605319487,12.5,50,1.0101984207766155,12.5,-50,1.9573122326255543,25,-37.5,2.6275648957448094,25,-25,2.924051796362619,25,-12.5,3.1911013443285228,25,0,2.1404969743889524,25,12.5,2.24410827727008,25,25,2.9106034681171877,25,37.5,1.5672982139966591,25,50,1.7015397286013467,25,-50,1.7214790701714073,37.5,-37.5,3.276294647230112,37.5,-25,2.3600976877288344,37.5,-12.5,2.973713406246609,37.5,0,1.4948281539395247,37.5,12.5,3.1384747250264446,37.5,25,1.9045428156178712,37.5,37.5,1.93317199838521,37.5,50,2.5593504864253447,37.5,-50,2.379286593568395,50,-37.5,2.338867050647994,50,-25,1.0149065305449767,50,-12.5,2.976714538500904,50,0,1.0937380842369748,50,12.5,2.4241819281426915,50,25,1.7102381929726107,50,37.5,2.604485893643775,50,50,1.1913349961832864,50],"center":{"x":500,"z":200},"lod":2,"index":25}