{"vertices":[-50,1.26395866907842,-50,-37.5,2.421812937728849,-50,-25,1.4279391470336122,-50,-12.5,1.0807690437055464,-50,0,2.2324326965463115,-50,12.5,3.1364924459038024,-50,25,3.6885550262377365,-50,37.5,3.054140377659505,-50,50,1.540872447003494,-50,-50,2.0725332472479856,-37.5,-37.5,1.9825736723145295,-37.5,-25,1.9505857981229846,-37.5,-12.5,2.7013491547725876,-37.5,0,2.828123621918194,-37.5,12.5,1.300355217346894,-37.5,25,2.534644059862274,-37.5,37.5,2.1282336461825997,-37.5,50,2.964992884817861,-37.5,-50,3.2040084961772664,-25,-37.5,2.0055019967050574,-25,-25,1.7767465713404818,-25,-12.5,1.668713578188226,-25,0,2.459966275418992,-25,12.5,3.418818682967919,-25,25,1.385971123163472,-25,37.5,1.2750832413505275,-25,50,2.754059724320541,-25,-50,0.7375640851071024,-12.5,-37.5,2.307432887284238,-12.5,-25,1.9735229742497125,-12.5,-12.5,2.335327295271996,-12.5,0,3.060111099170673,-12.5,12.5,3.1747402110205463,-12.5,25,2.658446354104218,-12.5,37.5,2.3590122964156217,-12.5,50,2.4341237099731377,-12.5,-50,2.4168987635493977,0,-37.5,2.9976657714807438,0,-25,2.609854549446027,0,-12.5,2.116581886333067,0,0,3.8795030448090984,0,12.5,1.7348455130448124,0,25,1.3694265129015548,0,37.5,1.3991383709241285,0,50,2.127347878922592,0,-50,2.476528952331709,12.5,-37.5,1.8412367235284237,12.5,-25,1.9658149530919413,12.5,-12.5,3.088226564805133,12.5,0,2.587012244624934,12.5,12.5,3.0412057963095562,12.5,25,2.0166541001778997,12.5,37.5,1.9687237994833895,12.5,50,1.6158261373013671,12.5,-50,2.6880334380985005,25,-37.5,3.0268115663276376,25,-25,1.2951684596919222,25,-12.5,2.385107242859484,25,0,2.9742104146134807,25,12.5,2.4652816265968114,25,25,2.679809743349324,25,37.5,1.9869386038327712,25,50,3.233452431668411,25,-50,1.5220371939477904,37.5,-37.5,2.8697549687305624,37.5,-25,2.599125528160604,37.5,-12.5,3.468453591868501,37.5,0,3.2446663707655263,37.5,12.5,3.3360215284808947,37.5,25,1.9022988166991874,37.5,37.5,2.6049368589309014,37.5,50,2.539678525491161,37.5,-50,2.721802747619222,50,-37.5,1.4572608630083566,50,-25,1.9216858449362917,50,-12.5,3.6804297686039567,50,0,2.2711104485642863,50,12.5,2.933633800476544,50,25,1.6336345316813095,50,37.5,1.8109260894457244,50,50,2.876662902344833,50],"center":{"x":300,"z":400},"lod":2,"index":43}