{"vertices":[-50,0.7721225654677255,-50,-25,4.109268259999226,-50,0,3.1823887261998607,-50,25,2.6793839775928063,-50,50,3.6386020544887288,-50,-50,2.027769211490522,-25,-25,1.9364010512799723,-25,0,2.00767177673697,-25,25,3.5321173810370965,-25,50,1.607719517123769,-25,-50,3.9842618739203317,0,-25,3.3169484853715403,0,0,1.5832870039594127,0,25,2.7534910284884972,0,50,2.9823224309802754,0,-50,3.4228960907057626,25,-25,2.1285014569730265,25,0,2.601061943496461,25,25,2.7208612107642693,25,50,1.3000120285869343,25,-50,1.7462612425879342,50,-25,1.645087373253773,50,0,1.1420737537991954,50,25,2.0889144384273095,50,50,1.1018626455188496,50],"center":{"x":200,"z":900},"lod":3,"index":92}