{"vertices":[-50,2.559299289059709,-50,-37.5,2.9802460887733986,-50,-25,2.963390857257764,-50,-12.5,3.190367608420903,-50,0,4.034345229665632,-50,12.5,3.190367608420903,-50,25,2.963390857257764,-50,37.5,2.9802460887733986,-50,50,2.559299289059709,-50,-50,3.2959672269704776,-37.5,-37.5,1.8717312988187191,-37.5,-25,2.770270733639935,-37.5,-12.5,2.4453764052373077,-37.5,0,2.9738463829441857,-37.5,12.5,2.4453764052373077,-37.5,25,2.770270733639935,-37.5,37.5,1.8717312988187191,-37.5,50,3.2959672269704776,-37.5,-50,1.4763022650004132,-25,-37.5,1.6561821333964564,-25,-25,2.441912949361722,-25,-12.5,3.067729430794661,-25,0,1.3259864650171949,-25,12.5,3.067729430794661,-25,25,2.441912949361722,-25,37.5,1.6561821333964564,-25,50,1.4763022650004132,-25,-50,2.661547035510349,-12.5,-37.5,3.7637238085374443,-12.5,-25,2.0843520162350524,-12.5,-12.5,2.7353549657853113,-12.5,0,3.2024594268413553,-12.5,12.5,2.7353549657853113,-12.5,25,2.0843520162350524,-12.5,37.5,3.7637238085374443,-12.5,50,2.661547035510349,-12.5,-50,1.4122779358149273,0,-37.5,1.5451301054676903,0,-25,3.0641531052970095,0,-12.5,2.644310186191282,0,0,3.0083636246126844,0,12.5,2.644310186191282,0,25,3.0641531052970095,0,37.5,1.5451301054676903,0,50,1.4122779358149273,0,-50,2.7358201456080806,12.5,-37.5,2.2602727101767797,12.5,-25,2.2831513780329913,12.5,-12.5,2.254501502260001,12.5,0,2.138178731096108,12.5,12.5,2.254501502260001,12.5,25,2.2831513780329913,12.5,37.5,2.2602727101767797,12.5,50,2.7358201456080806,12.5,-50,1.8590037215471966,25,-37.5,1.5540215649870326,25,-25,2.5379622581385775,25,-12.5,2.162280906691934,25,0,1.7451701364916516,25,12.5,2.162280906691934,25,25,2.5379622581385775,25,37.5,1.5540215649870326,25,50,1.8590037215471966,25,-50,1.5537763276279548,37.5,-37.5,1.3405879850142164,37.5,-25,2.508334933067926,37.5,-12.5,3.0972105786765427,37.5,0,3.1671105266933286,37.5,12.5,3.0972105786765427,37.5,25,2.508334933067926,37.5,37.5,1.3405879850142164,37.5,50,1.5537763276279548,37.5,-50,3.542812584710191,50,-37.5,2.954610833164355,50,-25,3.6449297371291323,50,-12.5,3.405518229257755,50,0,3.3495662413042737,50,12.5,3.405518229257755,50,25,3.6449297371291323,50,37.5,2.954610833164355,50,50,3.542812584710191,50],"center":{"x":0,"z":500},"lod":2,"index":50}