{"vertices":[-50,2.939058809351991,-50,-25,1.7828952840500278,-50,0,2.2102888818335487,-50,25,1.531300537099014,-50,50,1.5539566351071699,-50,-50,1.9297152448416455,-25,-25,3.246118234746973,-25,0,3.4067573543143226,-25,25,2.4888946039573057,-25,50,2.459342546571861,-25,-50,3.8535213161230786,0,-25,1.2679934076004429,0,0,1.1370396013808204,0,25,2.910729042996536,0,50,1.3526762200490339,0,-50,1.9151946593046887,25,-25,1.9711313716106815,25,0,3.6986505384993507,25,25,3.552435777892242,25,50,1.6619018388882978,25,-50,1.1421966243506176,50,-25,2.9854920080833836,50,0,3.314157068307395,50,25,1.6546896023646696,50,50,3.365891046632896,50],"center":{"x":700,"z":500},"lod":3,"index":57}