{"vertices":[-50,1.9413914967299206,-50,-25,1.5629314950638218,-50,0,1.971681952054496,-50,25,2.0716035289660795,-50,50,1.1385599447385175,-50,-50,2.2528356004477246,-25,-25,1.8116060963802738,-25,0,1.6215207572531654,-25,25,2.146513603438507,-25,50,1.845082111467491,-25,-50,3.5123955894232495,0,-25,2.265188651435892,0,0,2.2218977804732276,0,25,1.9259005708590848,0,50,0.755083627809654,0,-50,3.002156882357667,25,-25,3.019885825269739,25,0,2.499047457749839,25,25,2.173867367018829,25,50,1.84700763951696,25,-50,1.1692833591223462,50,-25,1.5357723406486912,50,0,2.6696687336516334,50,25,2.0317974610225065,50,50,2.1322346402303083,50],"center":{"x":700,"z":700},"lod":3,"index":77}