{"vertices":[-50,3.365891046632896,-50,-37.5,2.000469892394254,-50,-25,2.9007951093808515,-50,-12.5,2.9133838088068496,-50,0,2.2241413272422506,-50,12.5,2.5524236870304557,-50,25,1.3443692441069288,-50,37.5,2.4904686859872114,-50,50,2.5272497970581753,-50,-50,1.4186483375253698,-37.5,-37.5,1.817787717414057,-37.5,-25,2.4289664781856515,-37.5,-12.5,1.5077332494731195,-37.5,0,3.5545129456295275,-37.5,12.5,2.2081490464714038,-37.5,25,2.4619293706320518,-37.5,37.5,2.0219726709361012,-37.5,50,3.5203088955158464,-37.5,-50,2.3562983347073896,-25,-37.5,2.3607169587196655,-25,-25,1.5597578061715467,-25,-12.5,2.853117723617186,-25,0,2.6345926202338887,-25,12.5,2.7174030470752575,-25,25,1.589909535177867,-25,37.5,2.0329744817477824,-25,50,2.069695635509561,-25,-50,1.9917158138948774,-12.5,-37.5,2.5325024968996686,-12.5,-25,2.73444145359915,-12.5,-12.5,1.6434333608141116,-12.5,0,1.8633867193282487,-12.5,12.5,2.7806819393556848,-12.5,25,2.928187994693603,-12.5,37.5,2.2400025947617324,-12.5,50,2.862386151292134,-12.5,-50,2.2533909155026777,0,-37.5,4.031113849759157,0,-25,2.631534106840263,0,-12.5,3.2450476605167093,0,0,1.9532474554580403,0,12.5,3.0312980522488036,0,25,1.7027159447752638,0,37.5,2.1788176393124834,0,50,1.567288680744241,0,-50,1.6357545361518566,12.5,-37.5,2.9061188688531288,12.5,-25,2.403372225317132,12.5,-12.5,1.2091385794728229,12.5,0,2.9324991352332965,12.5,12.5,2.4424867758875197,12.5,25,2.410235168724993,12.5,37.5,2.6495145175101795,12.5,50,1.5094514926078137,12.5,-50,3.2148111535207136,25,-37.5,2.690450298218919,25,-25,2.971478320469032,25,-12.5,2.368655603186869,25,0,1.9584414042037679,25,12.5,2.1419274414654628,25,25,1.6634670312487287,25,37.5,2.13639756546766,25,50,1.5852717000962002,25,-50,1.809906384043099,37.5,-37.5,2.3312219300111385,37.5,-25,2.0956300577720723,37.5,-12.5,2.2804896205970646,37.5,0,2.1983838466840235,37.5,12.5,3.3946450158613213,37.5,25,2.324092511515808,37.5,37.5,2.055357060751351,37.5,50,2.6253105792221874,37.5,-50,1.1385599447385175,50,-37.5,2.2546415777247573,50,-25,2.239717311967979,50,-12.5,3.039809721806515,50,0,2.115880516867037,50,12.5,1.4382416443391928,50,25,1.3301866169058485,50,37.5,3.3124041990213406,50,50,1.6732073266030056,50],"center":{"x":800,"z":600},"lod":2,"index":68}