{"vertices":[-50,3.442288159203599,-50,-25,2.176472753562848,-50,0,1.9475887022417737,-50,25,2.176472753562848,-50,50,3.442288159203599,-50,-50,3.165671049428056,-25,-25,3.3135662081622286,-25,0,2.8641895256441785,-25,25,3.3135662081622286,-25,50,3.165671049428056,-25,-50,2.13720899708278,0,-25,1.6025575104140444,0,0,1.1392683587473584,0,25,1.6025575104140444,0,50,2.13720899708278,0,-50,1.555926917862962,25,-25,2.1802738907717867,25,0,1.790829380552168,25,25,2.1802738907717867,25,50,1.555926917862962,25,-50,1.2626777280092938,50,-25,2.585860997714917,50,0,2.224184354345198,50,25,2.585860997714917,50,50,1.2626777280092938,50],"center":{"x":0,"z":800},"lod":3,"index":80}