{"vertices":[-50,1.6732073266030056,-50,-25,0.9325413771875901,-50,0,2.6269210740429116,-50,25,2.1747888501704438,-50,50,2.9088407492236,-50,-50,2.3841682512284024,-25,-25,2.8639755018957658,-25,0,2.063364522109623,-25,25,2.6154008384764893,-25,50,2.7352872228220804,-25,-50,2.8197190601349575,0,-25,2.158444411397795,0,0,2.206434445033665,0,25,2.475379246097873,0,50,3.053649935682188,0,-50,2.8932470519066555,25,-25,2.5589290627249284,25,0,3.3287672563892556,25,25,1.956922101599048,25,50,1.485026452501188,25,-50,3.2897243339539273,50,-25,2.084967679620604,50,0,4.017194347034092,50,25,2.8018920000613434,50,50,1.4016523694590433,50],"center":{"x":900,"z":700},"lod":3,"index":79}