{"vertices":[-50,2.431311129403184,-50,-25,2.8316577377700014,-50,0,1.9953379831713391,-50,25,2.8316577377700014,-50,50,2.431311129403184,-50,-50,1.485138355565141,-25,-25,2.677857637681882,-25,0,2.152051111261244,-25,25,2.677857637681882,-25,50,1.485138355565141,-25,-50,3.344719230008195,0,-25,1.898300260581891,0,0,2.679653843442793,0,25,1.898300260581891,0,50,3.344719230008195,0,-50,2.807992814850877,25,-25,1.8919101956271334,25,0,2.2161025605601026,25,25,1.8919101956271334,25,50,2.807992814850877,25,-50,2.559299289059709,50,-25,2.963390857257764,50,0,4.034345229665632,50,25,2.963390857257764,50,50,2.559299289059709,50],"center":{"x":0,"z":400},"lod":3,"index":40}