{"vertices":[-50,1.7462612425879342,-50,-25,1.645087373253773,-50,0,1.1420737537991954,-50,25,2.0889144384273095,-50,50,1.1018626455188496,-50,-50,1.6319839393690927,-25,-25,1.941660267111729,-25,0,2.681972268546815,-25,25,1.8767804645904107,-25,50,4.36245218552358,-25,-50,3.4193722641066415,0,-25,2.164901268479298,0,0,3.3661873969685985,0,25,1.0268633806117577,0,50,2.023582017791341,0,-50,2.4003149306372507,25,-25,2.263991457220982,25,0,1.5735657844197704,25,25,2.9952431463607354,25,50,1.098732805621694,25,-50,3.40873402710713,50,-25,1.9059313058824046,50,0,3.1306137475621654,50,25,3.0591573559649987,50,50,1.8853123549342854,50],"center":{"x":200,"z":200},"lod":3,"index":22}