{"vertices":[-50,2.876662902344833,-50,-37.5,4.158562760437552,-50,-25,2.4370829591498477,-50,-12.5,1.6798257611183287,-50,0,2.827933677981491,-50,12.5,3.1773838775505614,-50,25,1.9025088607304497,-50,37.5,2.7733332217231643,-50,50,2.810303277146886,-50,-50,1.4760676731737952,-37.5,-37.5,3.578575955597789,-37.5,-25,0.9943464927718699,-37.5,-12.5,1.1515746278529981,-37.5,0,2.209792085486211,-37.5,12.5,1.886770149132733,-37.5,25,1.9992793952894865,-37.5,37.5,1.7298983982931513,-37.5,50,2.024493272523091,-37.5,-50,2.6233655137912137,-25,-37.5,1.4102523999463439,-25,-25,2.708928866122733,-25,-12.5,2.1116356413044897,-25,0,2.04271400863945,-25,12.5,1.855294145663535,-25,25,3.0361255764000816,-25,37.5,2.479065303916426,-25,50,1.8767160240531666,-25,-50,2.6540726737237295,-12.5,-37.5,2.188971403242248,-12.5,-25,2.22598134054964,-12.5,-12.5,2.1951796382259827,-12.5,0,3.081111137809127,-12.5,12.5,1.5032358629863374,-12.5,25,2.2601710237169295,-12.5,37.5,2.004267742105768,-12.5,50,2.6254902551011794,-12.5,-50,1.5762013120547635,0,-37.5,3.583314839472864,0,-25,2.451433373425971,0,-12.5,1.5194159958385356,0,0,2.9975497215491487,0,12.5,1.0682165590213963,0,25,2.3280019818776054,0,37.5,2.835149260386638,0,50,3.3086133066535695,0,-50,2.2237684042751287,12.5,-37.5,3.024918083255612,12.5,-25,2.8322102429145604,12.5,-12.5,2.494893824283097,12.5,0,3.1447025147929697,12.5,12.5,2.294898094265821,12.5,25,2.0925584855331283,12.5,37.5,3.2925261735195868,12.5,50,2.4320379872742253,12.5,-50,2.957311563004623,25,-37.5,2.8575130223524337,25,-25,2.1400913426623447,25,-12.5,1.9811915272398304,25,0,2.612077543089981,25,12.5,1.6219307182236575,25,25,3.0702861904137535,25,37.5,1.7496035021461336,25,50,2.8890857163787587,25,-50,2.1077378073409543,37.5,-37.5,2.7068123711572833,37.5,-25,2.659167620021858,37.5,-12.5,1.5938199064962983,37.5,0,1.8285438738416113,37.5,12.5,2.4657555556500506,37.5,25,2.830435564882211,37.5,37.5,2.0675081086328424,37.5,50,2.213672392806579,37.5,-50,1.7527013940707548,50,-37.5,2.3267045430509636,50,-25,3.29141928050376,50,-12.5,3.017690516162844,50,0,0.970430919478531,50,12.5,1.58817158614522,50,25,1.002750819825451,50,37.5,2.4571803627727777,50,50,2.2110509935737355,50],"center":{"x":400,"z":500},"lod":2,"index":54}