{"vertices":[-50,1.8508145648956997,-50,-25,2.9470570751436753,-50,0,1.787941293368931,-50,25,1.3087253149569733,-50,50,1.891176972349058,-50,-50,2.564850493145059,-25,-25,2.528579867721419,-25,0,2.6832531257969094,-25,25,2.720682608705829,-25,50,3.242972466905485,-25,-50,3.7796473938942654,0,-25,2.3327912756212754,0,0,3.188002841125126,0,25,2.6148919638217194,0,50,2.692384097535978,0,-50,2.1121445734024746,25,-25,1.5764660009153886,25,0,2.5814927979809,25,25,2.7124100800574524,25,50,3.179307255704771,25,-50,1.5070581871987088,50,-25,1.820220238805632,50,0,2.5718058511120034,50,25,2.850258487087558,50,50,2.874456021745573,50],"center":{"x":900,"z":400},"lod":3,"index":49}