{"vertices":[-50,1.1421966243506176,-50,-37.5,3.0131413436717622,-50,-25,2.9854920080833836,-50,-12.5,2.732661197254381,-50,0,3.314157068307395,-50,12.5,2.6228429905357524,-50,25,1.6546896023646696,-50,37.5,2.6263739939546014,-50,50,3.365891046632896,-50,-50,3.1902271461022034,-37.5,-37.5,1.8665629100100682,-37.5,-25,2.6651028285556286,-37.5,-12.5,3.4011617085021966,-37.5,0,3.0396817650928476,-37.5,12.5,1.2547428685295263,-37.5,25,1.3000324444161304,-37.5,37.5,1.3700102303596866,-37.5,50,1.4186483375253698,-37.5,-50,2.355514435839723,-25,-37.5,3.5176458872382277,-25,-25,2.678558932893793,-25,-12.5,2.297197860172287,-25,0,2.591169416482444,-25,12.5,2.642065857604041,-25,25,2.7517317159072263,-25,37.5,2.6338126453685273,-25,50,2.3562983347073896,-25,-50,1.0796140700180263,-12.5,-37.5,3.059780946836947,-12.5,-25,2.054242583332327,-12.5,-12.5,2.769918613327068,-12.5,0,2.672243180509918,-12.5,12.5,2.3245496643646026,-12.5,25,2.2559311062749643,-12.5,37.5,2.115531873400249,-12.5,50,1.9917158138948774,-12.5,-50,3.5877611923933728,0,-37.5,3.060177883775477,0,-25,1.9454654625587864,0,-12.5,2.9752150104012705,0,0,1.0310544963431312,0,12.5,2.9639873001929553,0,25,2.6817229313746793,0,37.5,2.334918607677221,0,50,2.2533909155026777,0,-50,2.8601126913030965,12.5,-37.5,2.2572699677931545,12.5,-25,2.206033132029317,12.5,-12.5,2.44185676874595,12.5,0,2.5492823747459648,12.5,12.5,3.0007428657626765,12.5,25,1.7956766803999327,12.5,37.5,1.3822626762682857,12.5,50,1.6357545361518566,12.5,-50,2.890065281462739,25,-37.5,2.460346139152771,25,-25,2.720797168367426,25,-12.5,2.103270451525809,25,0,2.748230337674613,25,12.5,3.1411307145010934,25,25,2.142848215808044,25,37.5,2.1219617469193626,25,50,3.2148111535207136,25,-50,1.648944113061091,37.5,-37.5,2.421175380858373,37.5,-25,2.3851082103784433,37.5,-12.5,1.741851298298449,37.5,0,3.6638812868073223,37.5,12.5,1.520703361206492,37.5,25,2.2478941382945674,37.5,37.5,1.1920191983345694,37.5,50,1.809906384043099,37.5,-50,1.9413914967299206,50,-37.5,1.8938194736827085,50,-25,1.5629314950638218,50,-12.5,1.1155897244145678,50,0,1.971681952054496,50,12.5,1.2142886859296933,50,25,2.0716035289660795,50,37.5,2.4706594065487635,50,50,1.1385599447385175,50],"center":{"x":700,"z":600},"lod":2,"index":67}