{"vertices":[-50,1.7527013940707548,-50,-25,3.29141928050376,-50,0,0.970430919478531,-50,25,1.002750819825451,-50,50,2.2110509935737355,-50,-50,2.1315368933574064,-25,-25,2.9809582063899143,-25,0,1.901171156714554,-25,25,1.654162979029934,-25,50,1.639525598657201,-25,-50,2.5705000681773527,0,-25,1.0339332947478397,0,0,1.6497829049330903,0,25,2.5637714325421257,0,50,2.2115019027114613,0,-50,1.8440240545169218,25,-25,1.2919354269251926,25,0,2.1366610615950776,25,25,2.2994434594147606,25,50,2.4534958664298756,25,-50,2.3879668040171964,50,-25,1.8262700566992862,50,0,3.286572346041794,50,25,2.1464337169163628,50,50,2.4147191707015736,50],"center":{"x":400,"z":600},"lod":3,"index":64}