{"vertices":[-50,2.379286593568395,-50,-25,1.0149065305449767,-50,0,1.0937380842369748,-50,25,1.7102381929726107,-50,50,1.1913349961832864,-50,-50,2.6239508453727467,-25,-25,2.5896068562724395,-25,0,2.5420743278664304,-25,25,2.679040317234467,-25,50,2.5883614754275186,-25,-50,2.806370264661382,0,-25,2.379545335934381,0,0,0.7244113139313413,0,25,2.516824339327286,0,50,1.650918695886503,0,-50,2.1770021382690175,25,-25,2.7605273474910064,25,0,2.1234431914490415,25,25,3.0772875592083437,25,50,1.957104477842222,25,-50,2.1669972006202443,50,-25,2.641502087280969,50,0,3.960725968281622,50,25,1.1630940780014498,50,50,3.787327978570829,50],"center":{"x":500,"z":300},"lod":3,"index":35}