{"vertices":[-50,3.108939944577287,-50,-25,2.484456691236119,-50,0,2.288567745636101,-50,25,1.7755819175363285,-50,50,2.190571252067457,-50,-50,3.0317319620371563,-25,-25,2.099868896693806,-25,0,1.312837922523613,-25,25,1.6068484697461827,-25,50,3.3305562769965036,-25,-50,1.9823975551844342,0,-25,3.0190507502265973,0,0,2.1316862344247056,0,25,2.149290523302625,0,50,4.124139670093427,0,-50,2.754878221821855,25,-25,1.9345071346469922,25,0,3.194934153507347,25,25,2.0807530794263585,25,50,3.097875539024244,25,-50,3.442288159203599,50,-25,2.8115160197921796,50,0,2.8510707854729844,50,25,2.2138384792924626,50,50,2.8680790698126657,50],"center":{"x":100,"z":700},"lod":3,"index":71}