{"vertices":[-50,2.0454561401129467,-50,-25,1.8387606314354343,-50,0,1.4071553345274879,-50,25,1.6281655354396207,-50,50,1.786359615434776,-50,-50,3.0050024080992443,-25,-25,2.5666941276722355,-25,0,3.3812265987944556,-25,25,2.7405296189681394,-25,50,1.0511974168912275,-25,-50,3.873955278468202,0,-25,2.521756546848337,0,0,3.538725614125724,0,25,1.7097642941371305,0,50,0.8917549921170576,0,-50,0.5190938401938183,25,-25,2.6107479206257267,25,0,2.263042568738456,25,25,2.0800082309142454,25,50,1.7228651715413434,25,-50,2.939058809351991,50,-25,1.7828952840500278,50,0,2.2102888818335487,50,25,1.531300537099014,50,50,1.5539566351071699,50],"center":{"x":700,"z":400},"lod":3,"index":47}