{"vertices":[-50,3.1502426339284284,-50,-37.5,2.1290727110418386,-50,-25,2.9898337198392255,-50,-12.5,3.334015098106528,-50,0,2.3568272269767476,-50,12.5,1.596538070875878,-50,25,1.390096735485713,-50,37.5,3.3131094272453887,-50,50,2.349948628616403,-50,-50,1.2056599046067047,-37.5,-37.5,2.1750476621994537,-37.5,-25,2.1445462081100617,-37.5,-12.5,3.0198383340508554,-37.5,0,2.648697826246369,-37.5,12.5,3.381604054461518,-37.5,25,2.744444876381382,-37.5,37.5,1.4063868066384655,-37.5,50,2.5288256836657426,-37.5,-50,2.1123520208493574,-25,-37.5,2.434101709530436,-25,-25,1.6764076722756727,-25,-12.5,2.5918629240040776,-25,0,2.2595971501868917,-25,12.5,2.270610189263227,-25,25,1.9232103641115827,-25,37.5,2.9876366679006408,-25,50,0.9622067648888333,-25,-50,1.716811619097478,-12.5,-37.5,2.322012053735814,-12.5,-25,2.1852197176413997,-12.5,-12.5,2.939085629976528,-12.5,0,2.019210898617413,-12.5,12.5,2.5350246922246944,-12.5,25,3.3122741468117045,-12.5,37.5,2.9435293548818993,-12.5,50,1.6388916219007825,-12.5,-50,2.6728967500821454,0,-37.5,2.166931445461665,0,-25,2.768325574506889,0,-12.5,3.0444822832340024,0,0,3.2793017900985433,0,12.5,1.5427482970293196,0,25,1.4091857190214796,0,37.5,1.7379361226360288,0,50,2.4074316460610135,0,-50,1.3166121383497842,12.5,-37.5,2.589069718146777,12.5,-25,2.1592351583665423,12.5,-12.5,1.7756807704697692,12.5,0,1.861841886983546,12.5,12.5,2.599369727304319,12.5,25,2.6890885650993237,12.5,37.5,2.4972829857955112,12.5,50,1.212406737907933,12.5,-50,2.4227691365376813,25,-37.5,1.6475842152963498,25,-25,3.128411389698158,25,-12.5,2.6707213864761554,25,0,1.8605455435317708,25,12.5,2.1874460035633017,25,25,1.9931057508074446,25,37.5,1.2910888694787082,25,50,2.4980465013504727,25,-50,1.96270696940436,37.5,-37.5,1.9235138621340575,37.5,-25,2.4201156211187556,37.5,-12.5,0.8390820353260544,37.5,0,2.943416503186347,37.5,12.5,2.227145616942588,37.5,25,2.138662254884821,37.5,37.5,2.7784865037894857,37.5,50,3.3136911831721765,37.5,-50,1.7651966882840497,50,-37.5,2.470520091188971,50,-25,1.8770957661763532,50,-12.5,2.1364257105890667,50,0,3.081085947851534,50,12.5,2.3534598179663693,50,25,0.6215195770346327,50,37.5,1.7554099675992574,50,50,3.920222564411233,50],"center":{"x":800,"z":200},"lod":2,"index":28}