{"vertices":[-50,2.190571252067457,-50,-25,2.127046656605671,-50,0,3.83317488762259,-50,25,2.6780607544787927,-50,50,3.4515257243037922,-50,-50,3.3305562769965036,-25,-25,2.0193039596051676,-25,0,2.5488998326909496,-25,25,2.005830779016833,-25,50,1.8982432845950825,-25,-50,4.124139670093427,0,-25,1.8624485254258616,0,0,0.839773896659608,0,25,1.8775018298038049,0,50,2.5072185758472187,0,-50,3.097875539024244,25,-25,2.093606513735722,25,0,3.4798144135129405,25,25,3.0372259759315057,25,50,1.9305016163707478,25,-50,2.8680790698126657,50,-25,2.1128169417352183,50,0,2.223768118346925,50,25,1.8178158246882958,50,50,1.272452330958913,50],"center":{"x":200,"z":700},"lod":3,"index":72}