{"vertices":[-50,3.442288159203599,-50,-37.5,1.144753836464428,-50,-25,2.8115160197921796,-50,-12.5,1.6166614637160015,-50,0,2.8510707854729844,-50,12.5,1.077917544088104,-50,25,2.2138384792924626,-50,37.5,2.1671109513508098,-50,50,2.8680790698126657,-50,-50,2.7007545659721237,-37.5,-37.5,2.516805282730105,-37.5,-25,2.229038170681984,-37.5,-12.5,2.8831528430353925,-37.5,0,3.913743828711396,-37.5,12.5,1.8386824886937114,-37.5,25,1.6057235284225782,-37.5,37.5,1.1613975877398317,-37.5,50,2.7983108647331685,-37.5,-50,3.165671049428056,-25,-37.5,2.683995449244173,-25,-25,3.34621244976006,-25,-12.5,2.297197913186003,-25,0,2.2528189658623887,-25,12.5,2.3619155035667494,-25,25,2.3842787060857518,-25,37.5,1.6984010672565675,-25,50,3.231319609840284,-25,-50,2.1362525145171656,-12.5,-37.5,2.945319177626487,-12.5,-25,2.3983388424896295,-12.5,-12.5,1.6225541831036288,-12.5,0,2.73105592496211,-12.5,12.5,2.9192495434157095,-12.5,25,3.183897538895399,-12.5,37.5,2.9099626073949763,-12.5,50,1.839522065978694,-12.5,-50,2.13720899708278,0,-37.5,0.7246532686355036,0,-25,2.9525626630493207,0,-12.5,2.8333668251296333,0,0,4.056322896431084,0,12.5,1.1350868371719827,0,25,0.9926847431779606,0,37.5,0.760094401355732,0,50,4.134085599143873,0,-50,2.737332352684559,12.5,-37.5,2.568392341546508,12.5,-25,2.5173331778582595,12.5,-12.5,2.536989939672459,12.5,0,2.4303373258027507,12.5,12.5,2.76619601875042,12.5,25,1.8178020531331098,12.5,37.5,2.1365241530646903,12.5,50,2.050828328316134,12.5,-50,1.555926917862962,25,-37.5,1.9945689804818276,25,-25,1.9316070706554456,25,-12.5,3.2185797621383405,25,0,3.2152518867951585,25,12.5,2.387969160808324,25,25,3.3696513686300023,25,37.5,2.249861106022722,25,50,2.061866644580732,25,-50,3.054053690575607,37.5,-37.5,1.4968676112238892,37.5,-25,2.1241579769752157,37.5,-12.5,1.9659426450562094,37.5,0,1.214086322251665,37.5,12.5,3.567511617280813,37.5,25,2.031953425014789,37.5,37.5,3.1832329376024457,37.5,50,3.119266808501537,37.5,-50,1.2626777280092938,50,-37.5,1.6251752511802744,50,-25,2.626825961560826,50,-12.5,2.9095186924218144,50,0,1.2420305847626878,50,12.5,3.0723191075571252,50,25,1.9742346618295414,50,37.5,2.538386149480547,50,50,0.7721225654677255,50],"center":{"x":100,"z":800},"lod":2,"index":81}