{"vertices":[-50,3.920222564411233,-50,-25,1.6842215129145188,-50,0,2.5099827214580728,-50,25,2.498521941524814,-50,50,1.7235153650835855,-50,-50,2.68355165309913,-25,-25,2.5359437235601945,-25,0,3.316665427337284,-25,25,3.7759259220183594,-25,50,2.7322128152445657,-25,-50,1.171470626068185,0,-25,3.250700718999724,0,0,2.329974608073826,0,25,1.972696321827243,0,50,1.7328265046671731,0,-50,1.381705446910928,25,-25,2.3413065441854997,25,0,3.0947534605365945,25,25,1.9255474086821778,25,50,1.2818020319537027,25,-50,1.8508145648956997,50,-25,2.9470570751436753,50,0,1.787941293368931,50,25,1.3087253149569733,50,50,1.891176972349058,50],"center":{"x":900,"z":300},"lod":3,"index":39}