{"vertices":[-50,1.2626777280092938,-50,-25,2.585860997714917,-50,0,2.224184354345198,-50,25,2.585860997714917,-50,50,1.2626777280092938,-50,-50,2.538924335312913,-25,-25,2.509661972799222,-25,0,2.762143691579695,-25,25,2.509661972799222,-25,50,2.538924335312913,-25,-50,2.9054326999903424,0,-25,3.142610699214856,0,0,3.906659265558119,0,25,3.142610699214856,0,50,2.9054326999903424,0,-50,2.1467141497851117,25,-25,3.282313406743924,25,0,2.778353472749586,25,25,3.282313406743924,25,50,2.1467141497851117,25,-50,2.625078677010606,50,-25,3.805174440421979,50,0,2.0176372728747083,50,25,3.805174440421979,50,50,2.625078677010606,50],"center":{"x":0,"z":100},"lod":3,"index":10}