{"vertices":[-50,0.44395492113835644,-50,-25,1.8014886083983583,-50,0,3.013965222562547,-50,25,2.9207637550280197,-50,50,1.7527013940707548,-50,-50,3.502415573966573,-25,-25,2.3667264583491487,-25,0,2.208029362882371,-25,25,2.1721480431006057,-25,50,2.1315368933574064,-25,-50,0.9444291952968342,0,-25,3.311162799873273,0,0,3.7424564692628337,0,25,2.582226062004338,0,50,2.5705000681773527,0,-50,1.675463772189687,25,-25,2.1457076671504183,25,0,2.265569600785966,25,25,3.188568765108357,25,50,1.8440240545169218,25,-50,3.4515257243037922,50,-25,1.7250489297293825,50,0,2.8761810395371867,50,25,3.1536090018198593,50,50,2.3879668040171964,50],"center":{"x":300,"z":600},"lod":3,"index":63}