{"vertices":[-50,3.6386020544887288,-50,-25,0.3542136254691286,-50,0,1.739988956178422,-50,25,1.5740501524851425,-50,50,2.190860204209457,-50,-50,2.7607165340305073,-25,-25,1.606968701162259,-25,0,2.6902813050401164,-25,25,3.017564231340657,-25,50,1.786541335095535,-25,-50,1.6454656485439045,0,-25,1.0509272518538637,0,0,3.842766318048234,0,25,2.104519868080388,0,50,2.419328383912216,0,-50,2.7607165340305073,25,-25,1.606968701162259,25,0,2.6902813050401164,25,25,3.017564231340657,25,50,1.786541335095535,25,-50,3.6386020544887288,50,-25,0.3542136254691286,50,0,1.739988956178422,50,25,1.5740501524851425,50,50,2.190860204209457,50],"center":{"x":300,"z":0},"lod":3,"index":3}