{"vertices":[-50,3.4515257243037922,-50,-25,1.7250489297293825,-50,0,2.8761810395371867,-50,25,3.1536090018198593,-50,50,2.3879668040171964,-50,-50,1.8982432845950825,-25,-25,1.3927999737643404,-25,0,1.9857657286775066,-25,25,2.130084151212941,-25,50,2.781104437817703,-25,-50,2.5072185758472187,0,-25,1.6733264031790895,0,0,2.746114465917344,0,25,2.5506907345697982,0,50,1.8960624856845243,0,-50,1.9305016163707478,25,-25,2.0672843459033174,25,0,2.307991716588731,25,25,1.7220426740095718,25,50,1.4686998648539884,25,-50,1.272452330958913,50,-25,1.9919933977507753,50,0,3.8158002826821757,50,25,2.9302683116839034,50,50,2.58556186388887,50],"center":{"x":300,"z":700},"lod":3,"index":73}