{"vertices":[-50,1.6170751785830362,-50,-37.5,3.3935299631668747,-50,-25,3.1029217753530247,-50,-12.5,1.2072764511608618,-50,0,2.268656469459529,-50,12.5,1.3782587797924506,-50,25,3.5597800363757415,-50,37.5,3.5770160964760747,-50,50,2.321687905860017,-50,-50,1.9044362251458473,-37.5,-37.5,3.663168009123679,-37.5,-25,3.2254737337534065,-37.5,-12.5,1.562319304386549,-37.5,0,2.5417209046103455,-37.5,12.5,2.4986815988168094,-37.5,25,1.3665697812125126,-37.5,37.5,1.768682661436676,-37.5,50,1.4324741085973205,-37.5,-50,2.8356602525309427,-25,-37.5,2.5766216483227,-25,-25,2.5568685743928654,-25,-12.5,1.8383972348194115,-25,0,1.7570847045135451,-25,12.5,1.9955558775226705,-25,25,2.7606142212607665,-25,37.5,1.825070724682201,-25,50,3.0650612402678235,-25,-50,3.8930921036434807,-12.5,-37.5,3.7248527356868544,-12.5,-25,2.8187507955692164,-12.5,-12.5,2.080620018338945,-12.5,0,2.518091867094938,-12.5,12.5,1.5235058833407695,-12.5,25,2.2788422197955183,-12.5,37.5,3.032070584707238,-12.5,50,2.122577239895926,-12.5,-50,1.763482365568052,0,-37.5,1.9677387006442568,0,-25,1.4726244721532566,0,-12.5,1.4421955360534096,0,0,1.2392100464057876,0,12.5,1.6014352342704625,0,25,2.485698377058725,0,37.5,1.7963986686693656,0,50,2.0750179577589734,0,-50,1.0101984207766155,12.5,-37.5,1.2612182826784057,12.5,-25,2.063277549410057,12.5,-12.5,3.149355882149094,12.5,0,3.1183494474222027,12.5,12.5,2.872643033084011,12.5,25,2.1937716862869543,12.5,37.5,2.2924019966280578,12.5,50,2.724721313914806,12.5,-50,1.7015397286013467,25,-37.5,2.286276210910321,25,-25,2.234596988928388,25,-12.5,1.6615884577715268,25,0,2.9828104149055434,25,12.5,3.1910535806126066,25,25,3.536312048599939,25,37.5,2.092915976036696,25,50,2.28003200776584,25,-50,2.5593504864253447,37.5,-37.5,1.9227920805774708,37.5,-25,3.1945210317413286,37.5,-12.5,1.9848012873160825,37.5,0,3.437469336161274,37.5,12.5,1.6555163803625141,37.5,25,1.3945317930054975,37.5,37.5,1.78422522477351,37.5,50,3.1466831770940384,37.5,-50,1.1913349961832864,50,-37.5,2.0119785620613535,50,-25,1.5050258550763829,50,-12.5,2.696122548485167,50,0,2.9447021852683974,50,12.5,1.3243383086402507,50,25,2.0808061112620635,50,37.5,3.029215108409203,50,50,2.53738668448932,50],"center":{"x":600,"z":200},"lod":2,"index":26}