{"vertices":[-50,2.559299289059709,-50,-37.5,3.133643367969307,-50,-25,3.926067742795567,-50,-12.5,2.8846308159852487,-50,0,1.3322302937012864,-50,12.5,3.0110973241585133,-50,25,3.377450785410474,-50,37.5,0.8789290209865741,-50,50,3.0693869030073984,-50,-50,3.2959672269704776,-37.5,-37.5,2.423826494222707,-37.5,-25,3.313551503502658,-37.5,-12.5,2.0586316518031733,-37.5,0,3.107726313899203,-37.5,12.5,2.763109708794431,-37.5,25,2.2672606098941466,-37.5,37.5,2.464124552512321,-37.5,50,1.801699702797028,-37.5,-50,1.4763022650004132,-25,-37.5,2.5225403888970144,-25,-25,1.6425677568622632,-25,-12.5,1.6756284306140234,-25,0,2.48706492180645,-25,12.5,1.8370444375327928,-25,25,1.5317585382581456,-25,37.5,1.7967876181095677,-25,50,2.659483078678022,-25,-50,2.661547035510349,-12.5,-37.5,1.6107657914726392,-12.5,-25,2.302621475061595,-12.5,-12.5,2.5332591804588453,-12.5,0,2.962618920610078,-12.5,12.5,2.3528114796110016,-12.5,25,2.3595398827024305,-12.5,37.5,2.625481133073402,-12.5,50,2.38695632865216,-12.5,-50,1.4122779358149273,0,-37.5,2.291782845968355,0,-25,2.9712859720893903,0,-12.5,1.6388342290600866,0,0,3.6353767156106187,0,12.5,0.9422447434769793,0,25,2.550613364946912,0,37.5,3.060223965017466,0,50,1.8713237082556589,0,-50,2.7358201456080806,12.5,-37.5,2.365509868562345,12.5,-25,2.8080016914123966,12.5,-12.5,2.6693550945190436,12.5,0,1.9909657434986863,12.5,12.5,3.281524601904419,12.5,25,2.0481375574463265,12.5,37.5,3.058417790554995,12.5,50,3.4629578060383452,12.5,-50,1.8590037215471966,25,-37.5,1.4261254395793086,25,-25,2.545517924518208,25,-12.5,2.0789080871299364,25,0,1.7453921079140855,25,12.5,3.2211149064077436,25,25,1.8152155790448887,25,37.5,2.5815840709831828,25,50,2.1980194484785898,25,-50,1.5537763276279548,37.5,-37.5,1.0944771868390564,37.5,-25,2.698280618451924,37.5,-12.5,2.508243077131299,37.5,0,1.5460646400675464,37.5,12.5,2.631595629396677,37.5,25,2.1599956160675156,37.5,37.5,3.1231426929725226,37.5,50,3.399463399939824,37.5,-50,3.542812584710191,50,-37.5,1.5797987382978782,50,-25,1.8829149932571454,50,-12.5,3.102457238251743,50,0,2.9899686812859727,50,12.5,1.435137927976421,50,25,2.385007521879743,50,37.5,3.4064301175188785,50,50,1.4094461237982614,50],"center":{"x":100,"z":500},"lod":2,"index":51}