{"vertices":[-50,2.190571252067457,-50,-37.5,3.075059737491514,-50,-25,2.127046656605671,-50,-12.5,2.9065183848512843,-50,0,3.83317488762259,-50,12.5,2.7185835499762723,-50,25,2.6780607544787927,-50,37.5,1.669960829076373,-50,50,3.4515257243037922,-50,-50,1.5932151957029406,-37.5,-37.5,3.213991112564324,-37.5,-25,2.465591528720725,-37.5,-12.5,2.4703017231302646,-37.5,0,1.649112548354668,-37.5,12.5,3.1084016735367594,-37.5,25,1.969590236747868,-37.5,37.5,1.9775723683031483,-37.5,50,3.247173707272702,-37.5,-50,3.3305562769965036,-25,-37.5,2.220519557820376,-25,-25,2.0193039596051676,-25,-12.5,2.8376722834963664,-25,0,2.5488998326909496,-25,12.5,1.2490262028273376,-25,25,2.005830779016833,-25,37.5,2.32217668909657,-25,50,1.8982432845950825,-25,-50,1.282299123581577,-12.5,-37.5,2.723600144126248,-12.5,-25,3.302185339424102,-12.5,-12.5,1.966748403383321,-12.5,0,2.754448222547698,-12.5,12.5,1.8029504416990825,-12.5,25,2.377557782389735,-12.5,37.5,2.5714533470769063,-12.5,50,2.6880852732742717,-12.5,-50,4.124139670093427,0,-37.5,1.230967659145609,0,-25,1.8624485254258616,0,-12.5,2.047457673436271,0,0,0.839773896659608,0,12.5,2.7717266935799096,0,25,1.8775018298038049,0,37.5,3.1673453081273535,0,50,2.5072185758472187,0,-50,1.5353343274220772,12.5,-37.5,3.1456042769302472,12.5,-25,1.895523980754157,12.5,-12.5,1.4755422817623598,12.5,0,1.7662230220055593,12.5,12.5,2.731310973223385,12.5,25,3.424080060693032,12.5,37.5,3.168246375860948,12.5,50,1.2814552712667695,12.5,-50,3.097875539024244,25,-37.5,3.1969281299621235,25,-25,2.093606513735722,25,-12.5,2.0424535149425953,25,0,3.4798144135129405,25,12.5,2.3766629569707503,25,25,3.0372259759315057,25,37.5,1.845606728438323,25,50,1.9305016163707478,25,-50,3.2724029544959885,37.5,-37.5,2.212912777755477,37.5,-25,2.8869971691312357,37.5,-12.5,2.847027224480998,37.5,0,1.7656607077583373,37.5,12.5,1.4620623536539001,37.5,25,2.6583577705043515,37.5,37.5,2.8299187953274183,37.5,50,3.364819529585812,37.5,-50,2.8680790698126657,50,-37.5,2.3600023666054675,50,-25,2.1128169417352183,50,-12.5,2.0031381637082046,50,0,2.223768118346925,50,12.5,2.0906037820279137,50,25,1.8178158246882958,50,37.5,3.6939144258789733,50,50,1.272452330958913,50],"center":{"x":200,"z":700},"lod":2,"index":72}