{"vertices":[-50,1.1913349961832864,-50,-37.5,2.0119785620613535,-50,-25,1.5050258550763829,-50,-12.5,2.696122548485167,-50,0,2.9447021852683974,-50,12.5,1.3243383086402507,-50,25,2.0808061112620635,-50,37.5,3.029215108409203,-50,50,2.53738668448932,-50,-50,1.0914311592445172,-37.5,-37.5,2.4213974373023435,-37.5,-25,3.1559268651296586,-37.5,-12.5,0.9566810194383756,-37.5,0,2.558998099622439,-37.5,12.5,1.5681916524810366,-37.5,25,1.8775387093244411,-37.5,37.5,2.2388716924764003,-37.5,50,1.5856182881039853,-37.5,-50,2.5883614754275186,-25,-37.5,2.1806699253606627,-25,-25,2.7602387282968266,-25,-12.5,1.431709597802415,-25,0,2.394525087947841,-25,12.5,2.542232456647062,-25,25,2.74605906502984,-25,37.5,0.8652132839530722,-25,50,2.571120827269624,-25,-50,2.188727899050709,-12.5,-37.5,1.9412447725673996,-12.5,-25,1.718551980466456,-12.5,-12.5,2.533633060780842,-12.5,0,1.8870007948077365,-12.5,12.5,2.4890018817760113,-12.5,25,2.8808114572917978,-12.5,37.5,3.1940996034379303,-12.5,50,2.854806175985277,-12.5,-50,1.650918695886503,0,-37.5,1.4741564561799039,0,-25,2.257201901447843,0,-12.5,2.8976198700450717,0,0,2.4844079981994582,0,12.5,1.9607763023969758,0,25,2.2033514727809234,0,37.5,2.437357246311673,0,50,3.552970855307649,0,-50,1.6129713717988685,12.5,-37.5,2.965272235728845,12.5,-25,2.8634227215918253,12.5,-12.5,1.484673051610092,12.5,0,2.0531891893000918,12.5,12.5,1.6432677270049494,12.5,25,3.0342230522355615,12.5,37.5,3.32134236397043,12.5,50,1.9638480189828875,12.5,-50,1.957104477842222,25,-37.5,3.337235725247262,25,-25,2.777051410448621,25,-12.5,1.3169996404597628,25,0,1.9945800076675368,25,12.5,2.8361316634591405,25,25,1.6067460824706359,25,37.5,1.6609373550553448,25,50,1.7256197024107678,25,-50,2.382447610461655,37.5,-37.5,2.8062794639723956,37.5,-25,2.351197365689905,37.5,-12.5,2.26224914203253,37.5,0,2.798731201255565,37.5,12.5,1.673503847071292,37.5,25,2.2078188633536695,37.5,37.5,2.045047312235722,37.5,50,3.81800968244284,37.5,-50,3.787327978570829,50,-37.5,3.723811239411956,50,-25,2.6003795180440648,50,-12.5,2.102974992221163,50,0,2.450414873237605,50,12.5,0.969340705376758,50,25,3.1005512823321624,50,37.5,2.9416667151409293,50,50,2.0454561401129467,50],"center":{"x":600,"z":300},"lod":2,"index":36}