{"vertices":[-50,1.371774647195707,-50,-25,3.4485869917989476,-50,0,2.1192812691879226,-50,25,3.5899459470965667,-50,50,1.1421966243506176,-50,-50,2.0073523854807718,-25,-25,2.6012180063844426,-25,0,2.0608788500976516,-25,25,2.7518106152274413,-25,50,2.355514435839723,-25,-50,2.332269225080381,0,-25,2.248785427582334,0,0,1.472813762302394,0,25,3.0353664507128997,0,50,3.5877611923933728,0,-50,1.7924213146761758,25,-25,2.492569467794965,25,0,2.52122370111465,25,25,3.3944518019416137,25,50,2.890065281462739,25,-50,1.5490618085459573,50,-25,2.1070387277723057,50,0,1.376869953746791,50,25,2.2013040532328887,50,50,1.9413914967299206,50],"center":{"x":600,"z":600},"lod":3,"index":66}