{"vertices":[-50,0.8762538868904812,-50,-25,1.7960791655787034,-50,0,2.9963613911968423,-50,25,2.687658208233188,-50,50,2.6681798433855874,-50,-50,1.408708437156747,-25,-25,2.34761301362596,-25,0,1.2512875958782388,-25,25,2.1366017933905823,-25,50,2.2802820539072854,-25,-50,3.003579421711038,0,-25,2.6492263742693467,0,0,2.603036896834965,0,25,2.8758756693423493,0,50,1.1006098723009927,0,-50,1.408708437156747,25,-25,2.34761301362596,25,0,1.2512875958782388,25,25,2.1366017933905823,25,50,2.2802820539072854,25,-50,0.8762538868904812,50,-25,1.7960791655787034,50,0,2.9963613911968423,50,25,2.687658208233188,50,50,2.6681798433855874,50],"center":{"x":900,"z":0},"lod":3,"index":9}