{"vertices":[-50,1.371774647195707,-50,-37.5,2.1316861389558723,-50,-25,3.4485869917989476,-50,-12.5,1.786431103403574,-50,0,2.1192812691879226,-50,12.5,2.4108411367161224,-50,25,3.5899459470965667,-50,37.5,2.3871638875117367,-50,50,1.1421966243506176,-50,-50,3.416983260579718,-37.5,-37.5,2.8346769619652084,-37.5,-25,3.6539348641052714,-37.5,-12.5,2.4239856296848554,-37.5,0,3.0665759095891456,-37.5,12.5,0.9390092106790192,-37.5,25,1.0553976809426528,-37.5,37.5,1.6331866406148245,-37.5,50,3.1902271461022034,-37.5,-50,2.0073523854807718,-25,-37.5,2.2088527388374866,-25,-25,2.6012180063844426,-25,-12.5,1.851749465205204,-25,0,2.0608788500976516,-25,12.5,1.228794440245557,-25,25,2.7518106152274413,-25,37.5,2.3750525068743595,-25,50,2.355514435839723,-25,-50,2.857812810592453,-12.5,-37.5,1.9964224873917138,-12.5,-25,2.4789885292005063,-12.5,-12.5,1.2456581538122233,-12.5,0,2.600825153284351,-12.5,12.5,1.862155396924332,-12.5,25,2.5724071079987274,-12.5,37.5,2.1336466934302214,-12.5,50,1.0796140700180263,-12.5,-50,2.332269225080381,0,-37.5,2.15242395994228,0,-25,2.248785427582334,0,-12.5,2.41672953851104,0,0,1.472813762302394,0,12.5,3.1748522709599563,0,25,3.0353664507128997,0,37.5,1.5065775234504886,0,50,3.5877611923933728,0,-50,1.7499931710938936,12.5,-37.5,1.925960787811185,12.5,-25,1.8214782501537368,12.5,-12.5,2.7861770603831153,12.5,0,2.069765331267595,12.5,12.5,2.4263858546378443,12.5,25,2.8164846836336865,12.5,37.5,3.365625335708912,12.5,50,2.8601126913030965,12.5,-50,1.7924213146761758,25,-37.5,3.099240853716358,25,-25,2.492569467794965,25,-12.5,2.0884207558178107,25,0,2.52122370111465,25,12.5,2.0288238765439317,25,25,3.3944518019416137,25,37.5,2.4721753798899675,25,50,2.890065281462739,25,-50,1.030339003334428,37.5,-37.5,2.8812014025239128,37.5,-25,2.627275658425595,37.5,-12.5,1.2255111010823405,37.5,0,3.1640935372166226,37.5,12.5,2.8679736871538064,37.5,25,1.6836396828885103,37.5,37.5,2.2767763357335955,37.5,50,1.648944113061091,37.5,-50,1.5490618085459573,50,-37.5,2.3866849147099405,50,-25,2.1070387277723057,50,-12.5,1.4178998913271947,50,0,1.376869953746791,50,12.5,2.66268883130396,50,25,2.2013040532328887,50,37.5,1.7809426548449272,50,50,1.9413914967299206,50],"center":{"x":600,"z":600},"lod":2,"index":66}