{"vertices":[-50,1.8853123549342854,-50,-37.5,1.7913760298766856,-50,-25,1.2856852116965456,-50,-12.5,3.2100114585846287,-50,0,3.011794719423051,-50,12.5,3.0137482282004315,-50,25,2.8274511935160263,-50,37.5,1.3479624339036245,-50,50,1.2915429396525724,-50,-50,3.1170899754167385,-37.5,-37.5,2.6093359997437684,-37.5,-25,1.2781704573357704,-37.5,-12.5,1.502650955547914,-37.5,0,2.2174163395087545,-37.5,12.5,2.971010956024256,-37.5,25,2.2486133306497065,-37.5,37.5,2.530143396665774,-37.5,50,3.8369700514660816,-37.5,-50,1.3629137042880757,-25,-37.5,3.1357901011852585,-25,-25,2.2077087166690035,-25,-12.5,3.70919762828821,-25,0,2.993571791375871,-25,12.5,3.5338589599795567,-25,25,1.576265210096608,-25,37.5,2.3094783692930143,-25,50,2.798572175015579,-25,-50,1.7475098445162218,-12.5,-37.5,2.3539914100629526,-12.5,-25,2.805638946962868,-12.5,-12.5,3.3803345186773126,-12.5,0,2.115778498637875,-12.5,12.5,3.279929115166531,-12.5,25,1.9023973961417902,-12.5,37.5,2.006818480967805,-12.5,50,3.2191251506720464,-12.5,-50,3.002772784602712,0,-37.5,2.2230272092543073,0,-25,2.4925076070212526,0,-12.5,2.7518399293215534,0,0,2.1261129114282085,0,12.5,2.7115684335340005,0,25,3.019210660640965,0,37.5,1.364546390628735,0,50,0.5274218244449003,0,-50,1.730040876032621,12.5,-37.5,3.248654435001177,12.5,-25,1.7792068573687265,12.5,-12.5,2.3459376622915236,12.5,0,2.673223770597597,12.5,12.5,3.614465406361096,12.5,25,3.42725373942646,12.5,37.5,2.1378626686294484,12.5,50,2.6537031183780178,12.5,-50,2.3278917435527546,25,-37.5,3.2904528189470894,25,-25,1.5075025561236544,25,-12.5,1.5406058311838235,25,0,2.2218165132653667,25,12.5,2.9685570032645403,25,25,2.252668255750905,25,37.5,2.062835659193451,25,50,2.1629020495311124,25,-50,3.7255137669772695,37.5,-37.5,1.9099815295311915,37.5,-25,2.9411669995513963,37.5,-12.5,1.7656624757924877,37.5,0,3.0002270484822846,37.5,12.5,3.1718391866853413,37.5,25,2.2861357491016236,37.5,37.5,1.6420476423783106,37.5,50,1.2958573884099427,37.5,-50,1.26395866907842,50,-37.5,2.421812937728849,50,-25,1.4279391470336122,50,-12.5,1.0807690437055464,50,0,2.2324326965463115,50,12.5,3.1364924459038024,50,25,3.6885550262377365,50,37.5,3.054140377659505,50,50,1.540872447003494,50],"center":{"x":300,"z":300},"lod":2,"index":33}