{"vertices":[-50,1.1421966243506176,-50,-25,2.9854920080833836,-50,0,3.314157068307395,-50,25,1.6546896023646696,-50,50,3.365891046632896,-50,-50,2.355514435839723,-25,-25,2.678558932893793,-25,0,2.591169416482444,-25,25,2.7517317159072263,-25,50,2.3562983347073896,-25,-50,3.5877611923933728,0,-25,1.9454654625587864,0,0,1.0310544963431312,0,25,2.6817229313746793,0,50,2.2533909155026777,0,-50,2.890065281462739,25,-25,2.720797168367426,25,0,2.748230337674613,25,25,2.142848215808044,25,50,3.2148111535207136,25,-50,1.9413914967299206,50,-25,1.5629314950638218,50,0,1.971681952054496,50,25,2.0716035289660795,50,50,1.1385599447385175,50],"center":{"x":700,"z":600},"lod":3,"index":67}