{"vertices":[-50,3.542812584710191,-50,-37.5,1.5797987382978782,-50,-25,1.8829149932571454,-50,-12.5,3.102457238251743,-50,0,2.9899686812859727,-50,12.5,1.435137927976421,-50,25,2.385007521879743,-50,37.5,3.4064301175188785,-50,50,1.4094461237982614,-50,-50,3.263048527361685,-37.5,-37.5,1.85806734130415,-37.5,-25,2.2746844287498265,-37.5,-12.5,2.602256435132823,-37.5,0,3.5537447612226924,-37.5,12.5,1.420992612551688,-37.5,25,1.6106636204447036,-37.5,37.5,1.4383215429542795,-37.5,50,2.4352141187995486,-37.5,-50,2.919953285527299,-25,-37.5,2.354209223961937,-25,-25,2.728684488029103,-25,-12.5,2.4848491660371272,-25,0,1.9605499743920518,-25,12.5,2.425003703846154,-25,25,1.3967465672612889,-25,37.5,1.9868567150892842,-25,50,3.2975344097212655,-25,-50,3.086964763567683,-12.5,-37.5,1.252542930246379,-12.5,-25,2.314020137443058,-12.5,-12.5,2.149311358466856,-12.5,0,3.260958747751732,-12.5,12.5,1.77117408187495,-12.5,25,2.5833349074659395,-12.5,37.5,2.143008209604369,-12.5,50,2.8306066734326847,-12.5,-50,2.778364240002702,0,-37.5,2.094956461618546,0,-25,2.092537972421269,0,-12.5,2.8226444232003196,0,0,4.024668061683769,0,12.5,1.5685833321381468,0,25,1.5941874001146061,0,37.5,1.415184548466653,0,50,3.5718612110213144,0,-50,3.0207268240898886,12.5,-37.5,3.3210882423732633,12.5,-25,3.2681097437106335,12.5,-12.5,2.4841814753366256,12.5,0,1.4661484126087143,12.5,12.5,2.9732648661236527,12.5,25,3.2168668942649976,12.5,37.5,1.0209625421932802,12.5,50,3.4098019272269253,12.5,-50,2.032592414689134,25,-37.5,3.163584371569128,25,-25,2.763171735496144,25,-12.5,2.164956625949495,25,0,3.059390509079094,25,12.5,2.5412299801089766,25,25,3.0345695529103978,25,37.5,2.3075193489966175,25,50,1.6647423541144235,25,-50,1.4754671085668352,37.5,-37.5,1.247092954965148,37.5,-25,2.2035180274121986,37.5,-12.5,2.5588233158861886,37.5,0,3.2659465664506437,37.5,12.5,1.49973443083255,37.5,25,1.1513159373172122,37.5,37.5,1.1816627458355755,37.5,50,3.3779326584184393,37.5,-50,3.108939944577287,50,-37.5,2.1974086863378357,50,-25,2.484456691236119,50,-12.5,2.9160669022116488,50,0,2.288567745636101,50,12.5,2.5218018806451017,50,25,1.7755819175363285,50,37.5,2.471695112013647,50,50,2.190571252067457,50],"center":{"x":100,"z":600},"lod":2,"index":61}