{"vertices":[-50,1.26395866907842,-50,-25,1.4279391470336122,-50,0,2.2324326965463115,-50,25,3.6885550262377365,-50,50,1.540872447003494,-50,-50,3.2040084961772664,-25,-25,1.7767465713404818,-25,0,2.459966275418992,-25,25,1.385971123163472,-25,50,2.754059724320541,-25,-50,2.4168987635493977,0,-25,2.609854549446027,0,0,3.8795030448090984,0,25,1.3694265129015548,0,50,2.127347878922592,0,-50,2.6880334380985005,25,-25,1.2951684596919222,25,0,2.9742104146134807,25,25,2.679809743349324,25,50,3.233452431668411,25,-50,2.721802747619222,50,-25,1.9216858449362917,50,0,2.2711104485642863,50,25,1.6336345316813095,50,50,2.876662902344833,50],"center":{"x":300,"z":400},"lod":3,"index":43}