{"vertices":[-50,2.5272497970581753,-50,-25,2.6057608791597886,-50,0,2.5711999698978616,-50,25,3.6685185011447174,-50,50,1.2586703633860452,-50,-50,2.069695635509561,-25,-25,2.4707383283384843,-25,0,2.83621771777689,-25,25,2.518423783403705,-25,50,2.726469609697233,-25,-50,1.567288680744241,0,-25,2.7587069936998887,0,0,3.9804167910915567,0,25,2.3556665953219635,0,50,3.7267476057604654,0,-50,1.5852717000962002,25,-25,2.840089238525252,25,0,2.4849296971660806,25,25,2.4180894967139466,25,50,2.942613635023008,25,-50,1.6732073266030056,50,-25,0.9325413771875901,50,0,2.6269210740429116,50,25,2.1747888501704438,50,50,2.9088407492236,50],"center":{"x":900,"z":600},"lod":3,"index":69}