{"vertices":[-50,2.6419270101905568,-50,-25,2.8048653055884643,-50,0,1.8598458222550107,-50,25,1.4823663577408297,-50,50,1.6170751785830362,-50,-50,2.3652657929778798,-25,-25,1.7079573024966521,-25,0,1.1955079487961484,-25,25,3.6524029418797,-25,50,2.8356602525309427,-25,-50,2.63878018296964,0,-25,1.8529678036429686,0,0,1.6277533821266843,0,25,1.2030470713943942,0,50,1.763482365568052,0,-50,1.9573122326255543,25,-25,2.924051796362619,25,0,2.1404969743889524,25,25,2.9106034681171877,25,50,1.7015397286013467,25,-50,2.379286593568395,50,-25,1.0149065305449767,50,0,1.0937380842369748,50,25,1.7102381929726107,50,50,1.1913349961832864,50],"center":{"x":500,"z":200},"lod":3,"index":25}