{"vertices":[-50,1.6170751785830362,-50,-25,3.1029217753530247,-50,0,2.268656469459529,-50,25,3.5597800363757415,-50,50,2.321687905860017,-50,-50,2.8356602525309427,-25,-25,2.5568685743928654,-25,0,1.7570847045135451,-25,25,2.7606142212607665,-25,50,3.0650612402678235,-25,-50,1.763482365568052,0,-25,1.4726244721532566,0,0,1.2392100464057876,0,25,2.485698377058725,0,50,2.0750179577589734,0,-50,1.7015397286013467,25,-25,2.234596988928388,25,0,2.9828104149055434,25,25,3.536312048599939,25,50,2.28003200776584,25,-50,1.1913349961832864,50,-25,1.5050258550763829,50,0,2.9447021852683974,50,25,2.0808061112620635,50,50,2.53738668448932,50],"center":{"x":600,"z":200},"lod":3,"index":26}