{"vertices":[-50,1.9413914967299206,-50,-37.5,1.8938194736827085,-50,-25,1.5629314950638218,-50,-12.5,1.1155897244145678,-50,0,1.971681952054496,-50,12.5,1.2142886859296933,-50,25,2.0716035289660795,-50,37.5,2.4706594065487635,-50,50,1.1385599447385175,-50,-50,3.433916695832287,-37.5,-37.5,0.9228189898940958,-37.5,-25,1.2960826852924225,-37.5,-12.5,2.6861648152798843,-37.5,0,1.3852136934833945,-37.5,12.5,2.4680361113193228,-37.5,25,2.5247484829126163,-37.5,37.5,2.8833906064725467,-37.5,50,1.7615033911910194,-37.5,-50,2.2528356004477246,-25,-37.5,2.3774261832807446,-25,-25,1.8116060963802738,-25,-12.5,2.0429498068229295,-25,0,1.6215207572531654,-25,12.5,2.6199518923088645,-25,25,2.146513603438507,-25,37.5,2.5575157481723734,-25,50,1.845082111467491,-25,-50,2.503820791096361,-12.5,-37.5,1.6110207398942848,-12.5,-25,2.0524729602274228,-12.5,-12.5,3.5123334633608048,-12.5,0,2.912411763882349,-12.5,12.5,2.045652477285121,-12.5,25,2.6117383205479854,-12.5,37.5,1.9692726544667416,-12.5,50,1.531627483692645,-12.5,-50,3.5123955894232495,0,-37.5,3.5178730260940116,0,-25,2.265188651435892,0,-12.5,2.780974104760448,0,0,2.2218977804732276,0,12.5,1.7924451484777362,0,25,1.9259005708590848,0,37.5,3.075495841390487,0,50,0.755083627809654,0,-50,1.2436968455749395,12.5,-37.5,2.807167844652003,12.5,-25,3.3770500248493507,12.5,-12.5,2.398057037121901,12.5,0,3.5086330677948627,12.5,12.5,2.3491751018935814,12.5,25,1.767610731621475,12.5,37.5,1.9042574421395895,12.5,50,3.1387125535756355,12.5,-50,3.002156882357667,25,-37.5,2.8988028410957503,25,-25,3.019885825269739,25,-12.5,3.428742404173988,25,0,2.499047457749839,25,12.5,1.9453457469804782,25,25,2.173867367018829,25,37.5,1.798532159604176,25,50,1.84700763951696,25,-50,2.1853052822151633,37.5,-37.5,2.9564313764255856,37.5,-25,2.1398636488031504,37.5,-12.5,2.2531536862178276,37.5,0,1.9404349768618234,37.5,12.5,1.995618776782243,37.5,25,3.0367470107017485,37.5,37.5,2.502504174011957,37.5,50,1.4869443497184025,37.5,-50,1.1692833591223462,50,-37.5,3.1355577101783343,50,-25,1.5357723406486912,50,-12.5,2.7562981992779854,50,0,2.6696687336516334,50,12.5,2.3021432484322686,50,25,2.0317974610225065,50,37.5,1.9582176397006232,50,50,2.1322346402303083,50],"center":{"x":700,"z":700},"lod":2,"index":77}