{"vertices":[-50,1.8482914304331644,-50,-25,2.0590438757062657,-50,0,1.9995549093437148,-50,25,2.720347260401468,-50,50,2.939058809351991,-50,-50,0.8488332962588174,-25,-25,2.6507056567788823,-25,0,2.3116603265953017,-25,25,2.9839423944213195,-25,50,1.9297152448416455,-25,-50,1.648930284936796,0,-25,2.342428198826383,0,0,3.8264447222900344,0,25,2.0267154921748443,0,50,3.8535213161230786,0,-50,1.68174890037335,25,-25,1.9501490209222538,25,0,2.1300601731491042,25,25,2.88563049332879,25,50,1.9151946593046887,25,-50,1.371774647195707,50,-25,3.4485869917989476,50,0,2.1192812691879226,50,25,3.5899459470965667,50,50,1.1421966243506176,50],"center":{"x":600,"z":500},"lod":3,"index":56}