{"vertices":[-50,2.58556186388887,-50,-25,2.524287236665259,-50,0,2.8836351125937654,-50,25,2.592784589432995,-50,50,3.1203341547370655,-50,-50,2.412640742768417,-25,-25,2.0753872225031955,-25,0,2.4440705269080354,-25,25,2.9939585684769554,-25,50,3.2494363252044423,-25,-50,2.419328383912216,0,-25,1.7042483219847782,0,0,1.833153018305893,0,25,3.353960937165539,0,50,1.5430906478286488,0,-50,1.786541335095535,25,-25,2.196930629943381,25,0,2.6957025616866304,25,25,1.4114713429444237,25,50,2.779652482640813,25,-50,2.190860204209457,50,-25,2.1716146001563175,50,0,1.4384194701415254,50,25,1.6206897555821342,50,50,3.368196791780065,50],"center":{"x":400,"z":800},"lod":3,"index":84}