{"vertices":[-50,2.625078677010606,-50,-37.5,2.8042310794290626,-50,-25,1.7246372432418866,-50,-12.5,1.4468239545745185,-50,0,2.1451097964745713,-50,12.5,2.657813466440508,-50,25,3.2389072392106755,-50,37.5,2.765319645307281,-50,50,1.7462612425879342,-50,-50,2.1261515887669056,-37.5,-37.5,1.238511739672575,-37.5,-25,2.4383682161379068,-37.5,-12.5,2.8237184921949368,-37.5,0,4.227837517355544,-37.5,12.5,1.5422669354717073,-37.5,25,1.3743792438321711,-37.5,37.5,1.1339573060772277,-37.5,50,3.047731650488858,-37.5,-50,1.8107096541643841,-25,-37.5,2.2772950232884863,-25,-25,3.2537835271068616,-25,-12.5,2.2095491033193544,-25,0,3.046497726390953,-25,12.5,2.2108371092965293,-25,25,1.5322267327428563,-25,37.5,2.2812118008694537,-25,50,1.6319839393690927,-25,-50,2.0053744394366317,-12.5,-37.5,2.0307701305310517,-12.5,-25,3.2005344282104953,-12.5,-12.5,2.886132652452381,-12.5,0,2.6248780191334986,-12.5,12.5,3.042950046338866,-12.5,25,3.0905796150416065,-12.5,37.5,3.0360826180417613,-12.5,50,3.154755154005398,-12.5,-50,3.499564944577287,0,-37.5,1.4355869805174049,0,-25,2.5645364255615277,0,-12.5,1.7732761195333713,0,0,1.5919390558701707,0,12.5,3.2628702999849244,0,25,2.4163130734086735,0,37.5,3.32493152861863,0,50,3.4193722641066415,0,-50,1.611660295611702,12.5,-37.5,1.9249472946110855,12.5,-25,2.0755923592237133,12.5,-12.5,2.5369487887419795,12.5,0,1.1698293913581583,12.5,12.5,3.032004575594885,12.5,25,2.0369317950358727,12.5,37.5,2.56794035581825,12.5,50,1.7137338145832732,12.5,-50,1.4592374552012188,25,-37.5,2.1806430865234816,25,-25,2.5570696026989026,25,-12.5,3.1004035578165547,25,0,2.7329847454529954,25,12.5,1.9520287721105647,25,25,2.668340734016965,25,37.5,3.0737747470372168,25,50,2.4003149306372507,25,-50,2.640540581176587,37.5,-37.5,1.8029654451312458,37.5,-25,2.1780793862393395,37.5,-12.5,2.5255666604006577,37.5,0,2.7946152900962358,37.5,12.5,1.3255304862436346,37.5,25,1.262278825133205,37.5,37.5,1.5498206610902023,37.5,50,2.53769388647541,37.5,-50,3.834272443127702,50,-37.5,1.4078318309257485,50,-25,1.69873753497086,50,-12.5,3.286553316739586,50,0,1.7488846420746995,50,12.5,1.6605524064874588,50,25,1.7774308536172612,50,37.5,2.677195100404476,50,50,3.40873402710713,50],"center":{"x":100,"z":200},"lod":2,"index":21}