{"vertices":[-50,2.53738668448932,-50,-37.5,3.369680591992127,-50,-25,2.2096502355270786,-50,-12.5,2.8987444534998694,-50,0,2.6458164449286414,-50,12.5,2.328901440156021,-50,25,2.047989360798965,-50,37.5,2.6608270378206544,-50,50,1.7651966882840497,-50,-50,1.5856182881039853,-37.5,-37.5,2.6333945218869643,-37.5,-25,2.4653489610441266,-37.5,-12.5,2.5094002447138037,-37.5,0,1.863149818295119,-37.5,12.5,1.7086633666995295,-37.5,25,3.2795126016472764,-37.5,37.5,2.663707582887888,-37.5,50,1.6937301053596845,-37.5,-50,2.571120827269624,-25,-37.5,3.3312454622582015,-25,-25,1.2711910477810306,-25,-12.5,2.423994842935865,-25,0,1.4686288829398109,-25,12.5,2.769044181659337,-25,25,2.3444570524588926,-25,37.5,2.272500072112308,-25,50,1.8082667065755231,-25,-50,2.854806175985277,-12.5,-37.5,2.12058376585633,-12.5,-25,1.9362600637604168,-12.5,-12.5,2.942304629669572,-12.5,0,2.128691890443915,-12.5,12.5,3.1032098006058595,-12.5,25,2.252861099854097,-12.5,37.5,1.6189243259312711,-12.5,50,1.5257699597400445,-12.5,-50,3.552970855307649,0,-37.5,2.1818835127731377,0,-25,1.787639813774149,0,-12.5,1.7599094479010169,0,0,1.2419795389723731,0,12.5,3.1099004494355382,0,25,2.3454016370669706,0,37.5,2.315296857998466,0,50,2.554816074480186,0,-50,1.9638480189828875,12.5,-37.5,3.118717701515674,12.5,-25,3.6498733128836602,12.5,-12.5,2.181256558306613,12.5,0,3.4926852726170687,12.5,12.5,2.54037061988973,12.5,25,1.9008168125361513,12.5,37.5,1.6410176851815845,12.5,50,2.933847123311897,12.5,-50,1.7256197024107678,25,-37.5,2.4132032690300282,25,-25,2.7607403269939823,25,-12.5,1.9472725176807604,25,0,2.2845076914381934,25,12.5,1.5126288997789794,25,25,2.6167930586234434,25,37.5,1.8151045621625306,25,50,1.4626804662839277,25,-50,3.81800968244284,37.5,-37.5,1.1695297956168684,37.5,-25,0.8315159983951561,37.5,-12.5,2.218315931287176,37.5,0,1.548664947916849,37.5,12.5,2.6052621103352545,37.5,25,2.3445516337790444,37.5,37.5,2.713850967287309,37.5,50,1.5136010337875951,37.5,-50,2.0454561401129467,50,-37.5,2.180883453927759,50,-25,1.8387606314354343,50,-12.5,2.41805452927394,50,0,1.4071553345274879,50,12.5,2.2099468661066246,50,25,1.6281655354396207,50,37.5,1.824973349590934,50,50,1.786359615434776,50],"center":{"x":700,"z":300},"lod":2,"index":37}