{"vertices":[-50,3.1203341547370655,-50,-25,3.684663241074304,-50,0,2.828582232396002,-50,25,1.7976868495316012,-50,50,2.7972769474581582,-50,-50,3.2494363252044423,-25,-25,1.9051950325228972,-25,0,1.018761103550787,-25,25,2.79339153021283,-25,50,2.0487692689493997,-25,-50,1.5430906478286488,0,-25,2.2096944500663085,0,0,2.2260063938301755,0,25,2.7799642428726656,0,50,1.1107983922556741,0,-50,2.779652482640813,25,-25,2.1989302982547088,25,0,2.9734301618736936,25,25,1.6612877294392092,25,50,3.189053509195219,25,-50,3.368196791780065,50,-25,2.262113456890802,50,0,2.3643231443566037,50,25,2.314280007776688,50,50,0.9706666802958352,50],"center":{"x":500,"z":800},"lod":3,"index":85}