{"vertices":[-50,1.5539566351071699,-50,-37.5,2.163936962815925,-50,-25,2.2856307698384626,-50,-12.5,1.8717189198247521,-50,0,2.7980079926055623,-50,12.5,2.1370954504423487,-50,25,2.280319225319545,-50,37.5,2.407339388025404,-50,50,1.5070581871987088,-50,-50,3.214494842142213,-37.5,-37.5,3.163139340170175,-37.5,-25,2.5231731229000705,-37.5,-12.5,1.8098218758859335,-37.5,0,1.7732790350089642,-37.5,12.5,2.9047663827457915,-37.5,25,1.8534128115798854,-37.5,37.5,2.2870718655670186,-37.5,50,1.6366020877034462,-37.5,-50,2.459342546571861,-25,-37.5,2.588004638158349,-25,-25,2.43010631929792,-25,-12.5,2.462644289180995,-25,0,2.8221121109527303,-25,12.5,2.706473168166255,-25,25,1.868270676859538,-25,37.5,2.4555237878403426,-25,50,3.108516081047128,-25,-50,1.4906666041330254,-12.5,-37.5,2.5472427729945295,-12.5,-25,2.6353968553667597,-12.5,-12.5,2.707205306262618,-12.5,0,2.5213684662386204,-12.5,12.5,1.670068496039416,-12.5,25,1.8066630895813465,-12.5,37.5,3.085700509709315,-12.5,50,1.2451748097654884,-12.5,-50,1.3526762200490339,0,-37.5,2.7415875519188484,0,-25,1.6812420560017927,0,-12.5,1.504210170219431,0,0,2.2139113820594503,0,12.5,3.3354794661322993,0,25,2.0050000066839857,0,37.5,2.847700458019411,0,50,0.692478163909982,0,-50,1.6538877484932182,12.5,-37.5,1.7137260863133337,12.5,-25,1.924314115601971,12.5,-12.5,3.1688147926197727,12.5,0,2.6143829533688203,12.5,12.5,2.264771724502958,12.5,25,2.942358709426075,12.5,37.5,2.376507986414225,12.5,50,1.8683972192578537,12.5,-50,1.6619018388882978,25,-37.5,1.8767246134330025,25,-25,1.84330634008802,25,-12.5,2.2460918143804953,25,0,3.1853627837699605,25,12.5,2.1028692137570495,25,25,1.5071380550944014,25,37.5,2.290734187602765,25,50,1.6226548392296536,25,-50,0.7740402823886949,37.5,-37.5,1.8656329295810088,37.5,-25,2.3496834991540108,37.5,-12.5,2.4853639630308044,37.5,0,1.4137417332869353,37.5,12.5,2.7048753443703575,37.5,25,2.298124234943147,37.5,37.5,1.2099004584160702,37.5,50,3.0022887432971936,37.5,-50,3.365891046632896,50,-37.5,2.000469892394254,50,-25,2.9007951093808515,50,-12.5,2.9133838088068496,50,0,2.2241413272422506,50,12.5,2.5524236870304557,50,25,1.3443692441069288,50,37.5,2.4904686859872114,50,50,2.5272497970581753,50],"center":{"x":800,"z":500},"lod":2,"index":58}