{"vertices":[-50,1.2626777280092938,-50,-25,2.626825961560826,-50,0,1.2420305847626878,-50,25,1.9742346618295414,-50,50,0.7721225654677255,-50,-50,2.538924335312913,-25,-25,1.6932269365497632,-25,0,2.56091746086895,-25,25,1.2430622491956456,-25,50,2.027769211490522,-25,-50,2.9054326999903424,0,-25,2.7068070501991315,0,0,2.0031643151742173,0,25,2.2778040979028447,0,50,3.9842618739203317,0,-50,2.1467141497851117,25,-25,2.9591395885654492,25,0,3.006856465290184,25,25,2.1057608041883213,25,50,3.4228960907057626,25,-50,2.625078677010606,50,-25,1.7246372432418866,50,0,2.1451097964745713,50,25,3.2389072392106755,50,50,1.7462612425879342,50],"center":{"x":100,"z":900},"lod":3,"index":91}