{"vertices":[-50,1.1018626455188496,-50,-37.5,3.3256839305971257,-50,-25,1.8723787966155214,-50,-12.5,2.3113458690989246,-50,0,2.492840621198411,-50,12.5,2.962904902424015,-50,25,3.7982192279741867,-50,37.5,1.6529575789794575,-50,50,2.0796173734561307,-50,-50,1.777391278033435,-37.5,-37.5,3.271692905946171,-37.5,-25,1.450225484462591,-37.5,-12.5,1.919535258725244,-37.5,0,3.047956955666397,-37.5,12.5,2.7523640400319396,-37.5,25,2.10944321307958,-37.5,37.5,1.9940056183859882,-37.5,50,1.8162321577603702,-37.5,-50,4.36245218552358,-25,-37.5,1.9686886192500324,-25,-25,3.1802356841944857,-25,-12.5,1.7778650542631969,-25,0,2.647977206434007,-25,12.5,3.474768890963559,-25,25,2.2938380779669387,-25,37.5,2.2623940992643368,-25,50,1.7551824374095304,-25,-50,1.9701516947726874,-12.5,-37.5,2.3241286369841396,-12.5,-25,1.5844780371349296,-12.5,-12.5,1.3310024052276892,-12.5,0,2.4618578892109073,-12.5,12.5,3.2140735425683733,-12.5,25,3.3368811104938456,-12.5,37.5,3.08842030179826,-12.5,50,2.0806881249670144,-12.5,-50,2.023582017791341,0,-37.5,2.002372518871988,0,-25,2.24539956478111,0,-12.5,3.248283399449928,0,0,3.3102119300019694,0,12.5,0.95522642528192,0,25,2.931577229683171,0,37.5,1.766458626274225,0,50,3.5802540106669767,0,-50,3.4065389990855195,12.5,-37.5,1.7109347732725637,12.5,-25,1.1663451805646727,12.5,-12.5,1.6176002740380513,12.5,0,1.888034733782355,12.5,12.5,2.9982339791148425,12.5,25,1.0180384509004012,12.5,37.5,1.9686934530293914,12.5,50,2.5292573737220025,12.5,-50,1.098732805621694,25,-37.5,2.8041211162934077,25,-25,1.7006719711207552,25,-12.5,2.2626704550146055,25,0,2.8361326787126018,25,12.5,3.0556937435209885,25,25,2.51558106559969,25,37.5,1.7003424849058977,25,50,2.3648863954440458,25,-50,2.566431363345454,37.5,-37.5,2.6018067229569786,37.5,-25,2.362708893789374,37.5,-12.5,2.0428006145065094,37.5,0,3.4212448136164526,37.5,12.5,2.593041804455283,37.5,25,1.5035854931602186,37.5,37.5,1.9787541324954323,37.5,50,2.0527055287388145,37.5,-50,1.8853123549342854,50,-37.5,1.7913760298766856,50,-25,1.2856852116965456,50,-12.5,3.2100114585846287,50,0,3.011794719423051,50,12.5,3.0137482282004315,50,25,2.8274511935160263,50,37.5,1.3479624339036245,50,50,1.2915429396525724,50],"center":{"x":300,"z":200},"lod":2,"index":23}