{"vertices":[-50,2.53738668448932,-50,-25,2.2096502355270786,-50,0,2.6458164449286414,-50,25,2.047989360798965,-50,50,1.7651966882840497,-50,-50,2.571120827269624,-25,-25,1.2711910477810306,-25,0,1.4686288829398109,-25,25,2.3444570524588926,-25,50,1.8082667065755231,-25,-50,3.552970855307649,0,-25,1.787639813774149,0,0,1.2419795389723731,0,25,2.3454016370669706,0,50,2.554816074480186,0,-50,1.7256197024107678,25,-25,2.7607403269939823,25,0,2.2845076914381934,25,25,2.6167930586234434,25,50,1.4626804662839277,25,-50,2.0454561401129467,50,-25,1.8387606314354343,50,0,1.4071553345274879,50,25,1.6281655354396207,50,50,1.786359615434776,50],"center":{"x":700,"z":300},"lod":3,"index":37}