{"vertices":[-50,1.5490618085459573,-50,-25,2.1070387277723057,-50,0,1.376869953746791,-50,25,2.2013040532328887,-50,50,1.9413914967299206,-50,-50,2.7989935612276895,-25,-25,2.6304400775552494,-25,0,2.1468832861137344,-25,25,2.308085327313165,-25,50,2.2528356004477246,-25,-50,1.7144560551241739,0,-25,1.3955917272687657,0,0,3.556956626052852,0,25,2.4569060553767486,0,50,3.5123955894232495,0,-50,2.694958720167051,25,-25,2.778676233065198,25,0,2.9514503251266433,25,25,1.3745538045623107,25,50,3.002156882357667,25,-50,2.7972769474581582,50,-25,2.083815864098142,50,0,2.7120947610092117,50,25,3.426830684111337,50,50,1.1692833591223462,50],"center":{"x":600,"z":700},"lod":3,"index":76}