{"vertices":[-50,2.349948628616403,-50,-37.5,2.6100826272646485,-50,-25,2.2661324211367173,-50,-12.5,1.9750364290742533,-50,0,1.9928358360630227,-50,12.5,1.6529232506582237,-50,25,3.7505523737490876,-50,37.5,3.245047972270474,-50,50,2.1607473229960306,-50,-50,2.5288256836657426,-37.5,-37.5,2.759362564976511,-37.5,-25,2.4873664391904904,-37.5,-12.5,3.232747769741602,-37.5,0,2.7528022849794516,-37.5,12.5,2.7168886929959446,-37.5,25,2.8271972524581024,-37.5,37.5,2.658688168997667,-37.5,50,1.1546849217591362,-37.5,-50,0.9622067648888333,-25,-37.5,2.5695375336441706,-25,-25,2.4350005754240556,-25,-12.5,1.9801654996633,-25,0,2.679108218799229,-25,12.5,1.4366943380313704,-25,25,2.5273322936118348,-25,37.5,1.5258694922812657,-25,50,2.1753447985247476,-25,-50,1.6388916219007825,-12.5,-37.5,1.5773868347854838,-12.5,-25,2.8274610875759407,-12.5,-12.5,2.0320902597099093,-12.5,0,1.2913186446169478,-12.5,12.5,2.5729482567932016,-12.5,25,1.4753853218357815,-12.5,37.5,2.7139922736459248,-12.5,50,2.2391807962743493,-12.5,-50,2.4074316460610135,0,-37.5,2.940716248951895,0,-25,2.55268115484796,0,-12.5,3.123781163674847,0,0,3.7030680343013955,0,12.5,2.435561984566068,0,25,1.5277831133425934,0,37.5,3.5534156556608165,0,50,3.24337181802548,0,-50,1.212406737907933,12.5,-37.5,2.698818320532804,12.5,-25,1.8266548244029168,12.5,-12.5,2.6259115403686284,12.5,0,2.3580666777234214,12.5,12.5,1.9532918957211503,12.5,25,2.4731267648711737,12.5,37.5,2.4053458330930177,12.5,50,2.8831345782494067,12.5,-50,2.4980465013504727,25,-37.5,2.001661355775453,25,-25,2.463775313735823,25,-12.5,2.5840529343075946,25,0,2.7123416825634195,25,12.5,2.57751319406778,25,25,2.6284140225470765,25,37.5,2.531379262091513,25,50,3.1519868707255227,25,-50,3.3136911831721765,37.5,-37.5,2.53161167603694,37.5,-25,2.31369625750113,37.5,-12.5,1.4363884075627296,37.5,0,2.9595328196143904,37.5,12.5,3.2145717615906175,37.5,25,2.7106274531284558,37.5,37.5,1.2006395983653637,37.5,50,2.7353060037229864,37.5,-50,3.920222564411233,50,-37.5,2.3027268683614075,50,-25,1.6842215129145188,50,-12.5,2.4038057132722797,50,0,2.5099827214580728,50,12.5,2.6729293888807586,50,25,2.498521941524814,50,37.5,2.6036995652359805,50,50,1.7235153650835855,50],"center":{"x":900,"z":200},"lod":2,"index":29}