{"vertices":[-50,2.559299289059709,-50,-25,3.926067742795567,-50,0,1.3322302937012864,-50,25,3.377450785410474,-50,50,3.0693869030073984,-50,-50,1.4763022650004132,-25,-25,1.6425677568622632,-25,0,2.48706492180645,-25,25,1.5317585382581456,-25,50,2.659483078678022,-25,-50,1.4122779358149273,0,-25,2.9712859720893903,0,0,3.6353767156106187,0,25,2.550613364946912,0,50,1.8713237082556589,0,-50,1.8590037215471966,25,-25,2.545517924518208,25,0,1.7453921079140855,25,25,1.8152155790448887,25,50,2.1980194484785898,25,-50,3.542812584710191,50,-25,1.8829149932571454,50,0,2.9899686812859727,50,25,2.385007521879743,50,50,1.4094461237982614,50],"center":{"x":100,"z":500},"lod":3,"index":51}