{"vertices":[-50,2.7873995590925915,-50,-25,1.785590606086771,-50,0,2.859396576459403,-50,25,1.9504225177661283,-50,50,1.4888433290616376,-50,-50,2.3185091901541455,-25,-25,3.033105539434473,-25,0,3.3145942683768226,-25,25,2.0537139398948057,-25,50,2.638175554384361,-25,-50,1.838432519507478,0,-25,2.6898586324386997,0,0,1.480363547379966,0,25,3.7257379217044218,0,50,1.213932104219566,0,-50,2.747395901751588,25,-25,1.5808628073864384,25,0,2.589948117310996,25,25,3.339002273787628,25,50,1.48470557462133,25,-50,2.321687905860017,50,-25,3.2830896547966404,50,0,3.2534282799315406,50,25,1.6628137154475553,50,50,3.1502426339284284,50],"center":{"x":700,"z":900},"lod":3,"index":97}