{"vertices":[-50,2.431311129403184,-50,-25,3.8047547073074384,-50,0,1.8258124827843858,-50,25,2.76130594946153,-50,50,3.610365513522993,-50,-50,1.485138355565141,-25,-25,2.4113505513378186,-25,0,1.45888390536129,-25,25,1.7433916840673191,-25,50,2.9866675769881113,-25,-50,3.344719230008195,0,-25,2.895603272409062,0,0,3.3591690897446824,0,25,1.2691918823838932,0,50,3.207472983558546,0,-50,2.807992814850877,25,-25,1.3027482659526868,25,0,2.911774837921257,25,25,2.959513000023435,25,50,2.747192505557905,25,-50,2.559299289059709,50,-25,3.926067742795567,50,0,1.3322302937012864,50,25,3.377450785410474,50,50,3.0693869030073984,50],"center":{"x":100,"z":400},"lod":3,"index":41}