{"vertices":[-50,0.8762538868904812,-50,-37.5,2.7008184475636043,-50,-25,1.7960791655787034,-50,-12.5,2.26825920829545,-50,0,2.9963613911968423,-50,12.5,2.2003801229414304,-50,25,2.687658208233188,-50,37.5,2.172175035805842,-50,50,2.6681798433855874,-50,-50,2.0156271899410467,-37.5,-37.5,2.5774700400139667,-37.5,-25,2.6761859352421564,-37.5,-12.5,2.5987767686634666,-37.5,0,2.7966469370436786,-37.5,12.5,2.6261315197858237,-37.5,25,2.1836029910943657,-37.5,37.5,3.2159444230599314,-37.5,50,2.935035314260499,-37.5,-50,1.408708437156747,-25,-37.5,2.428079477351908,-25,-25,2.34761301362596,-25,-12.5,1.9891362655312466,-25,0,1.2512875958782388,-25,12.5,2.643117616974769,-25,25,2.1366017933905823,-25,37.5,2.3639617893003138,-25,50,2.2802820539072854,-25,-50,0.9504432511265655,-12.5,-37.5,2.0152031238434995,-12.5,-25,1.2092371537282203,-12.5,-12.5,2.4721574543205262,-12.5,0,2.1996526498617146,-12.5,12.5,1.5154043573648703,-12.5,25,2.1502916317194267,-12.5,37.5,1.7873994137209128,-12.5,50,2.6494665022990063,-12.5,-50,3.003579421711038,0,-37.5,3.1952253078886006,0,-25,2.6492263742693467,0,-12.5,2.6747368220932737,0,0,2.603036896834965,0,12.5,2.7580326646024558,0,25,2.8758756693423493,0,37.5,2.6537594806187266,0,50,1.1006098723009927,0,-50,0.9504432511265655,12.5,-37.5,2.0152031238434995,12.5,-25,1.2092371537282203,12.5,-12.5,2.4721574543205262,12.5,0,2.1996526498617146,12.5,12.5,1.5154043573648703,12.5,25,2.1502916317194267,12.5,37.5,1.7873994137209128,12.5,50,2.6494665022990063,12.5,-50,1.408708437156747,25,-37.5,2.428079477351908,25,-25,2.34761301362596,25,-12.5,1.9891362655312466,25,0,1.2512875958782388,25,12.5,2.643117616974769,25,25,2.1366017933905823,25,37.5,2.3639617893003138,25,50,2.2802820539072854,25,-50,2.0156271899410467,37.5,-37.5,2.5774700400139667,37.5,-25,2.6761859352421564,37.5,-12.5,2.5987767686634666,37.5,0,2.7966469370436786,37.5,12.5,2.6261315197858237,37.5,25,2.1836029910943657,37.5,37.5,3.2159444230599314,37.5,50,2.935035314260499,37.5,-50,0.8762538868904812,50,-37.5,2.7008184475636043,50,-25,1.7960791655787034,50,-12.5,2.26825920829545,50,0,2.9963613911968423,50,12.5,2.2003801229414304,50,25,2.687658208233188,50,37.5,2.172175035805842,50,50,2.6681798433855874,50],"center":{"x":900,"z":0},"lod":2,"index":9}