{"vertices":[-50,1.1913349961832864,-50,-25,1.5050258550763829,-50,0,2.9447021852683974,-50,25,2.0808061112620635,-50,50,2.53738668448932,-50,-50,2.5883614754275186,-25,-25,2.7602387282968266,-25,0,2.394525087947841,-25,25,2.74605906502984,-25,50,2.571120827269624,-25,-50,1.650918695886503,0,-25,2.257201901447843,0,0,2.4844079981994582,0,25,2.2033514727809234,0,50,3.552970855307649,0,-50,1.957104477842222,25,-25,2.777051410448621,25,0,1.9945800076675368,25,25,1.6067460824706359,25,50,1.7256197024107678,25,-50,3.787327978570829,50,-25,2.6003795180440648,50,0,2.450414873237605,50,25,3.1005512823321624,50,50,2.0454561401129467,50],"center":{"x":600,"z":300},"lod":3,"index":36}