{"vertices":[-50,2.1322346402303083,-50,-25,2.838867075552116,-50,0,2.2749149478477193,-50,25,2.757420134075801,-50,50,3.2897243339539273,-50,-50,1.9836202932492597,-25,-25,2.372650719989906,-25,0,2.599012223581667,-25,25,2.023428421744029,-25,50,2.0561284262657864,-25,-50,0.7497373891965253,0,-25,2.6362798286572797,0,0,1.835695175032015,0,25,2.8027542347990675,0,50,3.003579421711038,0,-50,1.6192997170583112,25,-25,1.9120760930672986,25,0,1.9919511354964925,25,25,2.9505780751787825,25,50,1.408708437156747,25,-50,1.4888433290616376,50,-25,1.9304788781300886,50,0,1.5544822491210653,50,25,2.4860565776907606,50,50,0.8762538868904812,50],"center":{"x":800,"z":800},"lod":3,"index":88}