{"vertices":[-50,2.4147191707015736,-50,-25,1.5611008455016417,-50,0,1.681448226372595,-50,25,2.6357040151924593,-50,50,1.5490618085459573,-50,-50,2.3609215084434254,-25,-25,1.4616068352916045,-25,0,2.8728264621895505,-25,25,2.2794328972668154,-25,50,2.7989935612276895,-25,-50,2.2448790136695607,0,-25,3.327350979016046,0,0,0.7982054404419614,0,25,2.0421436771721346,0,50,1.7144560551241739,0,-50,2.2068771783233387,25,-25,2.1294941653468413,25,0,1.3593414477509214,25,25,2.386807088550995,25,50,2.694958720167051,25,-50,3.1203341547370655,50,-25,3.684663241074304,50,0,2.828582232396002,50,25,1.7976868495316012,50,50,2.7972769474581582,50],"center":{"x":500,"z":700},"lod":3,"index":75}