{"vertices":[-50,1.2626777280092938,-50,-37.5,2.3535425498881883,-50,-25,2.585860997714917,-50,-12.5,2.6344597935509153,-50,0,2.224184354345198,-50,12.5,2.6344597935509153,-50,25,2.585860997714917,-50,37.5,2.3535425498881883,-50,50,1.2626777280092938,-50,-50,3.054053690575607,-37.5,-37.5,1.4619101203893827,-37.5,-25,1.719674955565941,-37.5,-12.5,2.8581659996512028,-37.5,0,2.720651403375538,-37.5,12.5,2.8581659996512028,-37.5,25,1.719674955565941,-37.5,37.5,1.4619101203893827,-37.5,50,3.054053690575607,-37.5,-50,1.555926917862962,-25,-37.5,1.898216386533024,-25,-25,2.1802738907717867,-25,-12.5,2.605539218536088,-25,0,1.790829380552168,-25,12.5,2.605539218536088,-25,25,2.1802738907717867,-25,37.5,1.898216386533024,-25,50,1.555926917862962,-25,-50,2.737332352684559,-12.5,-37.5,3.037421437736148,-12.5,-25,1.990171826978115,-12.5,-12.5,2.5865590630608306,-12.5,0,2.885448668487103,-12.5,12.5,2.5865590630608306,-12.5,25,1.990171826978115,-12.5,37.5,3.037421437736148,-12.5,50,2.737332352684559,-12.5,-50,2.13720899708278,0,-37.5,2.2841498661711674,0,-25,1.6025575104140444,0,-12.5,2.6478809108605694,0,0,1.1392683587473584,0,12.5,2.6478809108605694,0,25,1.6025575104140444,0,37.5,2.2841498661711674,0,50,2.13720899708278,0,-50,2.737332352684559,12.5,-37.5,3.037421437736148,12.5,-25,1.990171826978115,12.5,-12.5,2.5865590630608306,12.5,0,2.885448668487103,12.5,12.5,2.5865590630608306,12.5,25,1.990171826978115,12.5,37.5,3.037421437736148,12.5,50,2.737332352684559,12.5,-50,1.555926917862962,25,-37.5,1.898216386533024,25,-25,2.1802738907717867,25,-12.5,2.605539218536088,25,0,1.790829380552168,25,12.5,2.605539218536088,25,25,2.1802738907717867,25,37.5,1.898216386533024,25,50,1.555926917862962,25,-50,3.054053690575607,37.5,-37.5,1.4619101203893827,37.5,-25,1.719674955565941,37.5,-12.5,2.8581659996512028,37.5,0,2.720651403375538,37.5,12.5,2.8581659996512028,37.5,25,1.719674955565941,37.5,37.5,1.4619101203893827,37.5,50,3.054053690575607,37.5,-50,1.2626777280092938,50,-37.5,2.3535425498881883,50,-25,2.585860997714917,50,-12.5,2.6344597935509153,50,0,2.224184354345198,50,12.5,2.6344597935509153,50,25,2.585860997714917,50,37.5,2.3535425498881883,50,50,1.2626777280092938,50],"center":{"x":0,"z":0},"lod":2,"index":0}