{"vertices":[-50,1.4094461237982614,-50,-37.5,3.0338905691189053,-50,-25,1.3754800677270396,-50,-12.5,1.3623054902368437,-50,0,1.3099669251096202,-50,12.5,2.5722739674478676,-50,25,3.5706108056911035,-50,37.5,3.0927039924784028,-50,50,0.44395492113835644,-50,-50,2.4352141187995486,-37.5,-37.5,2.4061315639257055,-37.5,-25,1.7781656253071798,-37.5,-12.5,2.1582112689450024,-37.5,0,3.42654783071747,-37.5,12.5,2.5430952590097866,-37.5,25,3.0655803900419274,-37.5,37.5,2.555149421155924,-37.5,50,2.206483991410656,-37.5,-50,3.2975344097212655,-25,-37.5,3.4136627786204037,-25,-25,2.0739384710759623,-25,-12.5,2.3006116650281214,-25,0,2.3364667925488902,-25,12.5,1.9603662849924364,-25,25,2.6234776520141168,-25,37.5,2.9187446868533193,-25,50,3.502415573966573,-25,-50,2.8306066734326847,-12.5,-37.5,1.8088874295156416,-12.5,-25,2.6243532642289207,-12.5,-12.5,1.9696725451590629,-12.5,0,2.009035893613599,-12.5,12.5,2.38756556721457,-12.5,25,2.4754584390520282,-12.5,37.5,2.948329900421827,-12.5,50,1.9548692347646377,-12.5,-50,3.5718612110213144,0,-37.5,0.83790465625664,0,-25,2.8141472458810313,0,-12.5,2.3692185229766487,0,0,3.5559602412831737,0,12.5,0.9223403520702558,0,25,2.351563497722964,0,37.5,2.5612102347746513,0,50,0.9444291952968342,0,-50,3.4098019272269253,12.5,-37.5,2.166537129457218,12.5,-25,2.808733248248964,12.5,-12.5,3.628928850379518,12.5,0,2.514312195960009,12.5,12.5,1.0345732981320823,12.5,25,2.5818398185288505,12.5,37.5,1.9343011585552174,12.5,50,2.6965740758629635,12.5,-50,1.6647423541144235,25,-37.5,2.690471198626505,25,-25,2.8052052080602152,25,-12.5,2.331556459682781,25,0,1.6736169490468455,25,12.5,2.7479438394884386,25,25,2.3979461931594415,25,37.5,2.373934535874385,25,50,1.675463772189687,25,-50,3.3779326584184393,37.5,-37.5,2.5836788809887166,37.5,-25,2.9492725769604884,37.5,-12.5,2.598649457936051,37.5,0,2.974072362908787,37.5,12.5,3.0607416587113074,37.5,25,2.037701984886419,37.5,37.5,1.8410734164858156,37.5,50,2.0043203679546022,37.5,-50,2.190571252067457,50,-37.5,3.075059737491514,50,-25,2.127046656605671,50,-12.5,2.9065183848512843,50,0,3.83317488762259,50,12.5,2.7185835499762723,50,25,2.6780607544787927,50,37.5,1.669960829076373,50,50,3.4515257243037922,50],"center":{"x":200,"z":600},"lod":2,"index":62}