{"vertices":[-50,2.431311129403184,-50,-37.5,2.2183664675343633,-50,-25,3.8047547073074384,-50,-12.5,2.510803932911908,-50,0,1.8258124827843858,-50,12.5,2.7891531728662313,-50,25,2.76130594946153,-50,37.5,3.07714778316079,-50,50,3.610365513522993,-50,-50,3.126452041360529,-37.5,-37.5,1.7330881853805948,-37.5,-25,2.4416444970532494,-37.5,-12.5,1.9911057145788256,-37.5,0,1.824070295861064,-37.5,12.5,3.293812597337886,-37.5,25,2.10195544079323,-37.5,37.5,3.0344904677475815,-37.5,50,2.3317268339224775,-37.5,-50,1.485138355565141,-25,-37.5,1.559036276369602,-25,-25,2.4113505513378186,-25,-12.5,2.417272141432733,-25,0,1.45888390536129,-25,12.5,2.4146629564996873,-25,25,1.7433916840673191,-25,37.5,2.9738297934383553,-25,50,2.9866675769881113,-25,-50,2.617256604369299,-12.5,-37.5,1.791617929226856,-12.5,-25,2.4498921957570667,-12.5,-12.5,3.067249768053657,-12.5,0,3.2328593368102454,-12.5,12.5,1.882114340637411,-12.5,25,2.4728333207294737,-12.5,37.5,3.587727179750801,-12.5,50,1.816802031085039,-12.5,-50,3.344719230008195,0,-37.5,1.5859777775355253,0,-25,2.895603272409062,0,-12.5,2.5103424667947163,0,0,3.3591690897446824,0,12.5,1.1407721785661753,0,25,1.2691918823838932,0,37.5,1.0814210616053723,0,50,3.207472983558546,0,-50,3.575109818662746,12.5,-37.5,2.0326048406243817,12.5,-25,1.807947886603587,12.5,-12.5,2.8795969172316074,12.5,0,1.7306570110364912,12.5,12.5,2.219928618520158,12.5,25,1.7794282266206425,12.5,37.5,2.1956199798413376,12.5,50,3.4000279254934176,12.5,-50,2.807992814850877,25,-37.5,1.9294652933263552,25,-25,1.3027482659526868,25,-12.5,2.8615653829941916,25,0,2.911774837921257,25,12.5,2.177142678047707,25,25,2.959513000023435,25,37.5,1.3977376101421477,25,50,2.747192505557905,25,-50,2.586524542090066,37.5,-37.5,1.9024477378350693,37.5,-25,1.5758256588243706,37.5,-12.5,2.730690385691947,37.5,0,3.440696015753306,37.5,12.5,1.8707425755066553,37.5,25,1.2500505143141216,37.5,37.5,1.4198901190646502,37.5,50,3.140718933278599,37.5,-50,2.559299289059709,50,-37.5,3.133643367969307,50,-25,3.926067742795567,50,-12.5,2.8846308159852487,50,0,1.3322302937012864,50,12.5,3.0110973241585133,50,25,3.377450785410474,50,37.5,0.8789290209865741,50,50,3.0693869030073984,50],"center":{"x":100,"z":400},"lod":2,"index":41}