{"vertices":[-50,3.834272443127702,-50,-37.5,2.030859255177073,-50,-25,1.511691123523633,-50,-12.5,2.775454231976084,-50,0,1.7511618934076978,-50,12.5,2.775454231976084,-50,25,1.511691123523633,-50,37.5,2.030859255177073,-50,50,3.834272443127702,-50,-50,2.958555778243446,-37.5,-37.5,3.0524826137382686,-37.5,-25,2.250305060099258,-37.5,-12.5,3.3255845328092186,-37.5,0,2.8574559337866163,-37.5,12.5,3.3255845328092186,-37.5,25,2.250305060099258,-37.5,37.5,3.0524826137382686,-37.5,50,2.958555778243446,-37.5,-50,3.1766201246500714,-25,-37.5,1.682411660231848,-25,-25,2.973883211889188,-25,-12.5,2.6086280406593936,-25,0,2.534177382985945,-25,12.5,2.6086280406593936,-25,25,2.973883211889188,-25,37.5,1.682411660231848,-25,50,3.1766201246500714,-25,-50,2.4909586457074746,-12.5,-37.5,3.0068200973200394,-12.5,-25,2.9758264268507997,-12.5,-12.5,2.623372797894409,-12.5,0,3.0868121631210417,-12.5,12.5,2.623372797894409,-12.5,25,2.9758264268507997,-12.5,37.5,3.0068200973200394,-12.5,50,2.4909586457074746,-12.5,-50,4.046841381859849,0,-37.5,1.2419200539731214,0,-25,3.120311409511487,0,-12.5,2.3246621192538353,0,0,3.5207752190035535,0,12.5,2.3246621192538353,0,25,3.120311409511487,0,37.5,1.2419200539731214,0,50,4.046841381859849,0,-50,2.174682830636567,12.5,-37.5,2.307075845851736,12.5,-25,2.5736843583168936,12.5,-12.5,2.180077950766588,12.5,0,1.732637373858126,12.5,12.5,2.180077950766588,12.5,25,2.5736843583168936,12.5,37.5,2.307075845851736,12.5,50,2.174682830636567,12.5,-50,1.7884568560839398,25,-37.5,2.754232229533492,25,-25,2.4146927001856966,25,-12.5,2.6307681209177627,25,0,3.093273421327467,25,12.5,2.6307681209177627,25,25,2.4146927001856966,25,37.5,2.754232229533492,25,50,1.7884568560839398,25,-50,1.391746867753584,37.5,-37.5,1.6952021932941375,37.5,-25,2.859299742636137,37.5,-12.5,3.0561237397384944,37.5,0,2.733176774097641,37.5,12.5,3.0561237397384944,37.5,25,2.859299742636137,37.5,37.5,1.6952021932941375,37.5,50,1.391746867753584,37.5,-50,2.431311129403184,50,-37.5,2.4595088443561703,50,-25,2.8316577377700014,50,-12.5,1.9921985487324567,50,0,1.9953379831713391,50,12.5,1.9921985487324567,50,25,2.8316577377700014,50,37.5,2.4595088443561703,50,50,2.431311129403184,50],"center":{"x":0,"z":300},"lod":2,"index":30}