{"vertices":[-50,1.4094461237982614,-50,-25,1.3754800677270396,-50,0,1.3099669251096202,-50,25,3.5706108056911035,-50,50,0.44395492113835644,-50,-50,3.2975344097212655,-25,-25,2.0739384710759623,-25,0,2.3364667925488902,-25,25,2.6234776520141168,-25,50,3.502415573966573,-25,-50,3.5718612110213144,0,-25,2.8141472458810313,0,0,3.5559602412831737,0,25,2.351563497722964,0,50,0.9444291952968342,0,-50,1.6647423541144235,25,-25,2.8052052080602152,25,0,1.6736169490468455,25,25,2.3979461931594415,25,50,1.675463772189687,25,-50,2.190571252067457,50,-25,2.127046656605671,50,0,3.83317488762259,50,25,2.6780607544787927,50,50,3.4515257243037922,50],"center":{"x":200,"z":600},"lod":3,"index":62}