{"vertices":[-50,0.8762538868904812,-50,-25,1.7960791655787034,-50,0,2.9963613911968423,-50,25,2.687658208233188,-50,50,2.6681798433855874,-50,-50,3.585200651359628,-25,-25,2.377720809818129,-25,0,3.1063277884823037,-25,25,2.7806749816954834,-25,50,2.7860691880778177,-25,-50,0.6604406673432095,0,-25,1.5296189852961106,0,0,2.3737422987323953,0,25,1.634997862201999,0,50,3.590308699567686,0,-50,1.5179855067253811,25,-25,2.5273862847097917,25,0,2.1933857961994363,25,25,2.315677690130542,25,50,3.5151785349444253,25,-50,2.349948628616403,50,-25,2.2661324211367173,50,0,1.9928358360630227,50,25,3.7505523737490876,50,50,2.1607473229960306,50],"center":{"x":900,"z":900},"lod":3,"index":99}