{"vertices":[-50,3.442288159203599,-50,-25,2.8115160197921796,-50,0,2.8510707854729844,-50,25,2.2138384792924626,-50,50,2.8680790698126657,-50,-50,3.165671049428056,-25,-25,3.34621244976006,-25,0,2.2528189658623887,-25,25,2.3842787060857518,-25,50,3.231319609840284,-25,-50,2.13720899708278,0,-25,2.9525626630493207,0,0,4.056322896431084,0,25,0.9926847431779606,0,50,4.134085599143873,0,-50,1.555926917862962,25,-25,1.9316070706554456,25,0,3.2152518867951585,25,25,3.3696513686300023,25,50,2.061866644580732,25,-50,1.2626777280092938,50,-25,2.626825961560826,50,0,1.2420305847626878,50,25,1.9742346618295414,50,50,0.7721225654677255,50],"center":{"x":100,"z":800},"lod":3,"index":81}