{"vertices":[-50,3.108939944577287,-50,-25,1.9495909514807863,-50,0,3.656821330587263,-50,25,1.9495909514807863,-50,50,3.108939944577287,-50,-50,3.0317319620371563,-25,-25,2.745889485158841,-25,0,2.4299491248530103,-25,25,2.745889485158841,-25,50,3.0317319620371563,-25,-50,1.9823975551844342,0,-25,2.2264241280936403,0,0,3.906659265558119,0,25,2.2264241280936403,0,50,1.9823975551844342,0,-50,2.754878221821855,25,-25,2.3436141612910433,25,0,2.9106364450854016,25,25,2.3436141612910433,25,50,2.754878221821855,25,-50,3.442288159203599,50,-25,2.176472753562848,50,0,1.9475887022417737,50,25,2.176472753562848,50,50,3.442288159203599,50],"center":{"x":0,"z":700},"lod":3,"index":70}