{"vertices":[-50,2.3879668040171964,-50,-37.5,2.6039188985577004,-50,-25,1.8262700566992862,-50,-12.5,2.3169326244690085,-50,0,3.286572346041794,-50,12.5,1.5536224859913725,-50,25,2.1464337169163628,-50,37.5,1.543941488657711,-50,50,2.4147191707015736,-50,-50,2.1056452776459307,-37.5,-37.5,3.9495145941273395,-37.5,-25,2.081133994835902,-37.5,-12.5,1.2155984434193576,-37.5,0,3.0683353326159035,-37.5,12.5,1.335636705764542,-37.5,25,1.8150320280584848,-37.5,37.5,2.967295380569613,-37.5,50,2.5478463642922455,-37.5,-50,2.781104437817703,-25,-37.5,2.8682882518922788,-25,-25,3.0047586390719516,-25,-12.5,2.2890653572757413,-25,0,3.1422706931334687,-25,12.5,1.9924810655466896,-25,25,2.18766299476556,-25,37.5,3.0645342903944472,-25,50,2.3609215084434254,-25,-50,2.7816309736132605,-12.5,-37.5,3.1019180508281012,-12.5,-25,2.632259964130931,-12.5,-12.5,2.0649511375952923,-12.5,0,1.8805040266126682,-12.5,12.5,2.003109187194439,-12.5,25,2.2577999931187294,-12.5,37.5,1.7983532606470065,-12.5,50,3.4515080295039624,-12.5,-50,1.8960624856845243,0,-37.5,2.8791836289154293,0,-25,2.921899987195502,0,-12.5,1.8785984135457987,0,0,1.3123607128363801,0,12.5,2.1918048314755287,0,25,2.339977747105877,0,37.5,2.1509594975514794,0,50,2.2448790136695607,0,-50,2.331903320765915,12.5,-37.5,2.1746798836756858,12.5,-25,3.587835715993128,12.5,-12.5,3.198341505932294,12.5,0,1.3031355247183192,12.5,12.5,1.763172184086781,12.5,25,1.0898519157086675,12.5,37.5,2.297415474912011,12.5,50,2.1995224960242203,12.5,-50,1.4686998648539884,25,-37.5,2.2270341736807096,25,-25,2.2332498261675937,25,-12.5,2.1429965003528597,25,0,1.9657724588614656,25,12.5,2.5257187266805814,25,25,1.2957569717400474,25,37.5,0.7732881459978447,25,50,2.2068771783233387,25,-50,2.713623381835321,37.5,-37.5,3.347355013780739,37.5,-25,3.1309245684368197,37.5,-12.5,1.4062174025856267,37.5,0,2.692634505389636,37.5,12.5,3.218047337442629,37.5,25,1.9250198336049873,37.5,37.5,2.968282820474861,37.5,50,1.291417748289997,37.5,-50,2.58556186388887,50,-37.5,2.4165243177060196,50,-25,2.524287236665259,50,-12.5,1.8686696630318298,50,0,2.8836351125937654,50,12.5,1.5449929158923497,50,25,2.592784589432995,50,37.5,2.747304314663287,50,50,3.1203341547370655,50],"center":{"x":400,"z":700},"lod":2,"index":74}