{"vertices":[-50,3.0693869030073984,-50,-25,2.9653013467759592,-50,0,2.836272898639436,-50,25,2.2352852665790124,-50,50,2.721802747619222,-50,-50,2.659483078678022,-25,-25,2.5351559340924723,-25,0,2.00706142517447,-25,25,2.3413214825995965,-25,50,1.550956821811269,-25,-50,1.8713237082556589,0,-25,2.831276726719807,0,0,1.5717368158948375,0,25,1.6411932551272912,0,50,3.136182284724782,0,-50,2.1980194484785898,25,-25,2.3758619248837927,25,0,2.679233435119386,25,25,2.2805605077155633,25,50,2.297988093268941,25,-50,1.4094461237982614,50,-25,1.3754800677270396,50,0,1.3099669251096202,50,25,3.5706108056911035,50,50,0.44395492113835644,50],"center":{"x":200,"z":500},"lod":3,"index":52}