{"vertices":[-50,3.368196791780065,-50,-25,2.262113456890802,-50,0,2.3643231443566037,-50,25,2.314280007776688,-50,50,0.9706666802958352,-50,-50,1.7088693443656666,-25,-25,2.3069675912120147,-25,0,2.3835212043923093,-25,25,2.596741800007294,-25,50,1.6429006790713174,-25,-50,1.8925654951453907,0,-25,3.067082529232721,0,0,2.9742756537598325,0,25,1.5876379951805575,0,50,0.35004136319912504,0,-50,2.39649981893308,25,-25,2.6678480853297515,25,0,1.8752852133911802,25,25,2.3702536866039736,25,50,2.404954705198179,25,-50,2.6419270101905568,50,-25,2.8048653055884643,50,0,1.8598458222550107,50,25,1.4823663577408297,50,50,1.6170751785830362,50],"center":{"x":500,"z":900},"lod":3,"index":95}