{"vertices":[-50,0.7721225654677255,-50,-37.5,2.871394192468454,-50,-25,4.109268259999226,-50,-12.5,2.262453084317736,-50,0,3.1823887261998607,-50,12.5,1.9259897711962315,-50,25,2.6793839775928063,-50,37.5,3.3218337519838554,-50,50,3.6386020544887288,-50,-50,3.119266808501537,-37.5,-37.5,1.7081958458431945,-37.5,-25,2.3054393668094537,-37.5,-12.5,2.9117614898859845,-37.5,0,3.071625395630313,-37.5,12.5,1.4451117960737747,-37.5,25,1.2777980597290106,-37.5,37.5,1.8568249143551725,-37.5,50,2.4419078765724325,-37.5,-50,2.061866644580732,-25,-37.5,2.3573159255657004,-25,-25,2.208344560858677,-25,-12.5,2.3052030506249968,-25,0,1.7211170825612498,-25,12.5,2.0549025924015023,-25,25,2.6414418959029717,-25,37.5,2.640314441655226,-25,50,2.7607165340305073,-25,-50,2.050828328316134,-12.5,-37.5,3.6380745632821143,-12.5,-25,2.1078586651911055,-12.5,-12.5,2.749755874514176,-12.5,0,3.307653516297653,-12.5,12.5,2.347997251420881,-12.5,25,2.3631753472786072,-12.5,37.5,1.7870500048855986,-12.5,50,3.835907938054265,-12.5,-50,4.134085599143873,0,-37.5,2.1030335762842114,0,-25,2.856629860398243,0,-12.5,2.395563401419295,0,0,3.310796800578828,0,12.5,3.130496023100184,0,25,1.885525509060244,0,37.5,1.4768714983365876,0,50,1.6454656485439045,0,-50,2.050828328316134,12.5,-37.5,3.6380745632821143,12.5,-25,2.1078586651911055,12.5,-12.5,2.749755874514176,12.5,0,3.307653516297653,12.5,12.5,2.347997251420881,12.5,25,2.3631753472786072,12.5,37.5,1.7870500048855986,12.5,50,3.835907938054265,12.5,-50,2.061866644580732,25,-37.5,2.3573159255657004,25,-25,2.208344560858677,25,-12.5,2.3052030506249968,25,0,1.7211170825612498,25,12.5,2.0549025924015023,25,25,2.6414418959029717,25,37.5,2.640314441655226,25,50,2.7607165340305073,25,-50,3.119266808501537,37.5,-37.5,1.7081958458431945,37.5,-25,2.3054393668094537,37.5,-12.5,2.9117614898859845,37.5,0,3.071625395630313,37.5,12.5,1.4451117960737747,37.5,25,1.2777980597290106,37.5,37.5,1.8568249143551725,37.5,50,2.4419078765724325,37.5,-50,0.7721225654677255,50,-37.5,2.871394192468454,50,-25,4.109268259999226,50,-12.5,2.262453084317736,50,0,3.1823887261998607,50,12.5,1.9259897711962315,50,25,2.6793839775928063,50,37.5,3.3218337519838554,50,50,3.6386020544887288,50],"center":{"x":200,"z":0},"lod":2,"index":2}