{"vertices":[-50,2.349948628616403,-50,-25,2.2661324211367173,-50,0,1.9928358360630227,-50,25,3.7505523737490876,-50,50,2.1607473229960306,-50,-50,0.9622067648888333,-25,-25,2.4350005754240556,-25,0,2.679108218799229,-25,25,2.5273322936118348,-25,50,2.1753447985247476,-25,-50,2.4074316460610135,0,-25,2.55268115484796,0,0,3.7030680343013955,0,25,1.5277831133425934,0,50,3.24337181802548,0,-50,2.4980465013504727,25,-25,2.463775313735823,25,0,2.7123416825634195,25,25,2.6284140225470765,25,50,3.1519868707255227,25,-50,3.920222564411233,50,-25,1.6842215129145188,50,0,2.5099827214580728,50,25,2.498521941524814,50,50,1.7235153650835855,50],"center":{"x":900,"z":200},"lod":3,"index":29}