{"vertices":[-50,1.1385599447385175,-50,-37.5,2.2546415777247573,-50,-25,2.239717311967979,-50,-12.5,3.039809721806515,-50,0,2.115880516867037,-50,12.5,1.4382416443391928,-50,25,1.3301866169058485,-50,37.5,3.3124041990213406,-50,50,1.6732073266030056,-50,-50,1.7615033911910194,-37.5,-37.5,2.6596919312679868,-37.5,-25,1.7738201638056976,-37.5,-12.5,1.5421384737060384,-37.5,0,2.114990444641197,-37.5,12.5,3.016439537166144,-37.5,25,2.48176530432711,-37.5,37.5,3.0237282066408646,-37.5,50,1.4078648520220867,-37.5,-50,1.845082111467491,-25,-37.5,2.0254292839979637,-25,-25,1.4957534445420606,-25,-12.5,2.8119634887787903,-25,0,3.777492312292452,-25,12.5,2.245352609121514,-25,25,2.336241048105876,-25,37.5,1.9541498444520609,-25,50,2.3841682512284024,-25,-50,1.531627483692645,-12.5,-37.5,2.5185987405023984,-12.5,-25,2.2409797987515114,-12.5,-12.5,1.768730379584464,-12.5,0,2.1791323074579756,-12.5,12.5,2.4050917061916066,-12.5,25,2.272514744203158,-12.5,37.5,2.532028701534044,-12.5,50,1.0433335744382761,-12.5,-50,0.755083627809654,0,-37.5,1.5239618438625087,0,-25,2.805719442476402,0,-12.5,3.0275004924657734,0,0,1.5225082315009786,0,12.5,2.56625799294771,0,25,2.585308444031398,0,37.5,1.1885871047280177,0,50,2.8197190601349575,0,-50,3.1387125535756355,12.5,-37.5,1.9744730482967665,12.5,-25,2.9136568142872346,12.5,-12.5,2.482074279945038,12.5,0,2.1609002036701335,12.5,12.5,2.6050433900687544,12.5,25,1.541153060378292,12.5,37.5,2.591807433610688,12.5,50,2.7956911161558136,12.5,-50,1.84700763951696,25,-37.5,1.8331525348869708,25,-25,2.2608094586030347,25,-12.5,1.959964425394483,25,0,3.9871740020316793,25,12.5,1.8678447281113537,25,25,1.4794540817820234,25,37.5,1.9535920763068,25,50,2.8932470519066555,25,-50,1.4869443497184025,37.5,-37.5,2.3794134967909284,37.5,-25,1.4591922429187139,37.5,-12.5,2.8164226978006686,37.5,0,1.9351659101035272,37.5,12.5,3.298590514281985,37.5,25,1.6234281371281225,37.5,37.5,2.0509717436508845,37.5,50,1.2981868226076843,37.5,-50,2.1322346402303083,50,-37.5,2.118186274214853,50,-25,2.838867075552116,50,-12.5,1.4329240719765446,50,0,2.2749149478477193,50,12.5,2.395654749797006,50,25,2.757420134075801,50,37.5,1.7176519710476064,50,50,3.2897243339539273,50],"center":{"x":800,"z":700},"lod":2,"index":78}