{"vertices":[-50,2.721802747619222,-50,-25,1.9216858449362917,-50,0,2.2711104485642863,-50,25,1.6336345316813095,-50,50,2.876662902344833,-50,-50,1.550956821811269,-25,-25,1.6146770718478365,-25,0,2.811548742974992,-25,25,2.840259188596974,-25,50,2.6233655137912137,-25,-50,3.136182284724782,0,-25,2.4844693246268434,0,0,2.610944244588609,0,25,2.161865794842015,0,50,1.5762013120547635,0,-50,2.297988093268941,25,-25,1.1068210604571505,25,0,2.324943277562852,25,25,2.188917511884938,25,50,2.957311563004623,25,-50,0.44395492113835644,50,-25,1.8014886083983583,50,0,3.013965222562547,50,25,2.9207637550280197,50,50,1.7527013940707548,50],"center":{"x":300,"z":500},"lod":3,"index":53}