{"vertices":[-50,2.190860204209457,-50,-37.5,3.559422144919554,-50,-25,2.1716146001563175,-50,-12.5,2.2468887398137993,-50,0,1.4384194701415254,-50,12.5,2.2009791955861493,-50,25,1.6206897555821342,-50,37.5,1.1008290103402172,-50,50,3.368196791780065,-50,-50,2.596399813336829,-37.5,-37.5,3.104881720587498,-37.5,-25,2.6201082667227658,-37.5,-12.5,1.7644072153436943,-37.5,0,1.8561588209577335,-37.5,12.5,2.111150101846942,-37.5,25,2.05807660079232,-37.5,37.5,2.1753493591173143,-37.5,50,1.4821301797423532,-37.5,-50,2.3139172716037137,-25,-37.5,1.9158218794727278,-25,-25,3.350408358310233,-25,-12.5,2.8723541814930806,-25,0,2.01402748520195,-25,12.5,2.0848584205314484,-25,25,1.4437183498375816,-25,37.5,1.7820538155075676,-25,50,1.7088693443656666,-25,-50,1.6754568117993307,-12.5,-37.5,2.4833703750000486,-12.5,-25,2.7896622543625966,-12.5,-12.5,1.9521547044681686,-12.5,0,1.5623200781023967,-12.5,12.5,2.6221633807568656,-12.5,25,1.165029935649802,-12.5,37.5,1.4715813801527091,-12.5,50,2.6091858361790843,-12.5,-50,3.4253340883151395,0,-37.5,3.805883954239774,0,-25,3.623884154294501,0,-12.5,1.909237976802312,0,0,2.5767611950141145,0,12.5,2.807742918596487,0,25,1.9591863214009209,0,37.5,2.943391202709653,0,50,1.8925654951453907,0,-50,2.967591556961872,12.5,-37.5,2.367599079273223,12.5,-25,3.1803726290802556,12.5,-12.5,2.0845044582100565,12.5,0,2.75497478318804,12.5,12.5,1.400581557403882,12.5,25,2.2670099908884787,12.5,37.5,2.9747546818770845,12.5,50,3.183188521421555,12.5,-50,2.795335940827499,25,-37.5,2.829911141664719,25,-25,2.140056771968375,25,-12.5,1.6599038673152955,25,0,2.658207961867447,25,12.5,1.8058945209621213,25,25,3.035332834624569,25,37.5,2.5974167559385615,25,50,2.39649981893308,25,-50,1.0399634102999635,37.5,-37.5,3.308927613764245,37.5,-25,1.2439943542266299,37.5,-12.5,1.049133952720269,37.5,0,2.310532443001473,37.5,12.5,2.219116221505733,37.5,25,2.586077347948491,37.5,37.5,1.947022631377016,37.5,50,2.6112335402510762,37.5,-50,2.0796173734561307,50,-37.5,2.0489316669086257,50,-25,2.1188993582472904,50,-12.5,1.985293215349998,50,0,1.4834802835684968,50,12.5,2.7165728320470577,50,25,2.5516597687237663,50,37.5,1.9106814515514337,50,50,2.6419270101905568,50],"center":{"x":400,"z":100},"lod":2,"index":14}