{"vertices":[-50,2.810303277146886,-50,-25,3.644630079434137,-50,0,0.6877458147209836,-50,25,3.258931373056839,-50,50,1.8482914304331644,-50,-50,1.8767160240531666,-25,-25,2.9008396615245147,-25,0,2.9932624153298093,-25,25,2.201844339069794,-25,50,0.8488332962588174,-25,-50,3.3086133066535695,0,-25,2.193599109814386,0,0,1.9592025927704526,0,25,1.7330745205254061,0,50,1.648930284936796,0,-50,2.8890857163787587,25,-25,1.3701703299739165,25,0,2.4782541445893003,25,25,1.8156169697613223,25,50,1.68174890037335,25,-50,2.2110509935737355,50,-25,2.3329932142951293,50,0,1.5808567456406308,50,25,2.7276563987106783,50,50,1.371774647195707,50],"center":{"x":500,"z":500},"lod":3,"index":55}