{"vertices":[-50,2.559299289059709,-50,-25,2.963390857257764,-50,0,4.034345229665632,-50,25,2.963390857257764,-50,50,2.559299289059709,-50,-50,1.4763022650004132,-25,-25,2.441912949361722,-25,0,1.3259864650171949,-25,25,2.441912949361722,-25,50,1.4763022650004132,-25,-50,1.4122779358149273,0,-25,3.0641531052970095,0,0,3.0083636246126844,0,25,3.0641531052970095,0,50,1.4122779358149273,0,-50,1.8590037215471966,25,-25,2.5379622581385775,25,0,1.7451701364916516,25,25,2.5379622581385775,25,50,1.8590037215471966,25,-50,3.542812584710191,50,-25,3.6449297371291323,50,0,3.3495662413042737,50,25,3.6449297371291323,50,50,3.542812584710191,50],"center":{"x":0,"z":500},"lod":3,"index":50}