{"vertices":[-50,2.5272497970581753,-50,-37.5,2.214265344223523,-50,-25,2.6057608791597886,-50,-12.5,2.941781918349211,-50,0,2.5711999698978616,-50,12.5,2.984447408995864,-50,25,3.6685185011447174,-50,37.5,3.477929035476868,-50,50,1.2586703633860452,-50,-50,3.5203088955158464,-37.5,-37.5,2.3206671844383258,-37.5,-25,2.3273531950723085,-37.5,-12.5,2.165968457233694,-37.5,0,3.2349767248642562,-37.5,12.5,3.1767059219964864,-37.5,25,2.6518433393029777,-37.5,37.5,1.2689456760754445,-37.5,50,2.339762325216409,-37.5,-50,2.069695635509561,-25,-37.5,1.8719295008701504,-25,-25,2.4707383283384843,-25,-12.5,2.2407520556575675,-25,0,2.83621771777689,-25,12.5,1.5860331913010595,-25,25,2.518423783403705,-25,37.5,2.0141885982261,-25,50,2.726469609697233,-25,-50,2.862386151292134,-12.5,-37.5,2.1297496262588127,-12.5,-25,1.992008099281388,-12.5,-12.5,1.7986592077231678,-12.5,0,3.257246679170649,-12.5,12.5,2.7243087343320367,-12.5,25,2.699863952816238,-12.5,37.5,3.2589895019746318,-12.5,50,2.1563530151620474,-12.5,-50,1.567288680744241,0,-37.5,1.736889368281783,0,-25,2.7587069936998887,0,-12.5,1.2137181359757032,0,0,3.9804167910915567,0,12.5,1.6569357544779613,0,25,2.3556665953219635,0,37.5,3.4257876499536453,0,50,3.7267476057604654,0,-50,1.5094514926078137,12.5,-37.5,2.3146269824440275,12.5,-25,2.007217752159735,12.5,-12.5,2.2400417516818587,12.5,0,2.0137778949916343,12.5,12.5,1.570504172730878,12.5,25,2.538298574332641,12.5,37.5,2.6184178080747444,12.5,50,2.865772196590087,12.5,-50,1.5852717000962002,25,-37.5,1.9835573654508412,25,-25,2.840089238525252,25,-12.5,2.146107275881408,25,0,2.4849296971660806,25,12.5,2.1967470953466544,25,25,2.4180894967139466,25,37.5,3.1136293594571125,25,50,2.942613635023008,25,-50,2.6253105792221874,37.5,-37.5,3.113272588359907,37.5,-25,2.534053072719395,37.5,-12.5,2.385664949992859,37.5,0,2.3755336880813576,37.5,12.5,2.6561419280485774,37.5,25,2.9454045623645997,37.5,37.5,2.6824424521268635,37.5,50,1.508747828873494,37.5,-50,1.6732073266030056,50,-37.5,1.7223144362595728,50,-25,0.9325413771875901,50,-12.5,2.2394193264292404,50,0,2.6269210740429116,50,12.5,2.0147742142361476,50,25,2.1747888501704438,50,37.5,1.7421910369607454,50,50,2.9088407492236,50],"center":{"x":900,"z":600},"lod":2,"index":69}