{"vertices":[-50,2.7873995590925915,-50,-37.5,1.582862200706134,-50,-25,1.785590606086771,-50,-12.5,3.290394441427229,-50,0,2.859396576459403,-50,12.5,1.2228656525591632,-50,25,1.9504225177661283,-50,37.5,2.08953701450194,-50,50,1.4888433290616376,-50,-50,3.491479952598949,-37.5,-37.5,3.3766660330945886,-37.5,-25,2.2637191772408456,-37.5,-12.5,3.055509394185605,-37.5,0,2.7842651690133415,-37.5,12.5,1.51363318012789,-37.5,25,2.1533661464532106,-37.5,37.5,2.82931148070779,-37.5,50,1.709908088990364,-37.5,-50,2.3185091901541455,-25,-37.5,2.1539587328256893,-25,-25,3.033105539434473,-25,-12.5,1.8277860934245196,-25,0,3.3145942683768226,-25,12.5,2.040177806187907,-25,25,2.0537139398948057,-25,37.5,1.3107971516386632,-25,50,2.638175554384361,-25,-50,2.722381296347506,-12.5,-37.5,3.167111497767369,-12.5,-25,2.8290145251088497,-12.5,-12.5,3.4069609172285924,-12.5,0,2.1239710117349553,-12.5,12.5,2.853767839298618,-12.5,25,2.079379535715278,-12.5,37.5,2.0327334101377272,-12.5,50,2.0463325176804252,-12.5,-50,1.838432519507478,0,-37.5,2.780548666748702,0,-25,2.6898586324386997,0,-12.5,2.025584135325386,0,0,1.480363547379966,0,12.5,2.2387296947412385,0,25,3.7257379217044218,0,37.5,2.8976209376812627,0,50,1.213932104219566,0,-50,1.3892975931298637,12.5,-37.5,3.3276661901754645,12.5,-25,1.795819291094336,12.5,-12.5,2.7225039899879713,12.5,0,2.4099762228765296,12.5,12.5,2.2884831780110693,12.5,25,1.9286733490240606,12.5,37.5,1.9649012246541362,12.5,50,1.8876753415284753,12.5,-50,2.747395901751588,25,-37.5,2.7306389224421403,25,-25,1.5808628073864384,25,-12.5,3.114053646161396,25,0,2.589948117310996,25,12.5,2.7231436568418497,25,25,3.339002273787628,25,37.5,2.0480658026135106,25,50,1.48470557462133,25,-50,3.539067241911231,37.5,-37.5,2.206923833237224,37.5,-25,1.4881744511464223,37.5,-12.5,1.887427505021901,37.5,0,1.7918868028958947,37.5,12.5,2.9270746625932937,37.5,25,2.255051983023864,37.5,37.5,1.650927477131542,37.5,50,2.3197436373026865,37.5,-50,2.321687905860017,50,-37.5,3.2915583993214668,50,-25,3.2830896547966404,50,-12.5,2.6810827490959137,50,0,3.2534282799315406,50,12.5,2.804090105543212,50,25,1.6628137154475553,50,37.5,2.2796550782230716,50,50,3.1502426339284284,50],"center":{"x":700,"z":900},"lod":2,"index":97}