{"vertices":[-50,0.8762538868904812,-50,-37.5,2.7008184475636043,-50,-25,1.7960791655787034,-50,-12.5,2.26825920829545,-50,0,2.9963613911968423,-50,12.5,2.2003801229414304,-50,25,2.687658208233188,-50,37.5,2.172175035805842,-50,50,2.6681798433855874,-50,-50,3.069435282103342,-37.5,-37.5,2.063187032455331,-37.5,-25,1.9669233233007866,-37.5,-12.5,2.260228924072339,-37.5,0,2.4769772937710655,-37.5,12.5,2.6708976131424937,-37.5,25,2.711999423507584,-37.5,37.5,1.767665953423081,-37.5,50,3.15809136782057,-37.5,-50,3.585200651359628,-25,-37.5,2.2839541329803774,-25,-25,2.377720809818129,-25,-12.5,2.498623936230044,-25,0,3.1063277884823037,-25,12.5,3.217675618918247,-25,25,2.7806749816954834,-25,37.5,2.0615514348413475,-25,50,2.7860691880778177,-25,-50,3.2767748079068397,-12.5,-37.5,2.6813836173371026,-12.5,-25,2.443825242877548,-12.5,-12.5,2.194252509484942,-12.5,0,2.825176196117379,-12.5,12.5,2.522725833646808,-12.5,25,2.182105844363868,-12.5,37.5,2.6376271295133664,-12.5,50,1.288707327832842,-12.5,-50,0.6604406673432095,0,-37.5,1.4970409921549854,0,-25,1.5296189852961106,0,-12.5,2.1761172894727565,0,0,2.3737422987323953,0,12.5,2.118871459797257,0,25,1.634997862201999,0,37.5,2.2347187608053,0,50,3.590308699567686,0,-50,2.9735474427077344,12.5,-37.5,2.282960545837465,12.5,-25,2.3605757937953595,12.5,-12.5,1.180508791804111,12.5,0,3.643731864651483,12.5,12.5,2.4856604222038965,12.5,25,2.888563696861981,12.5,37.5,3.4464781181198556,12.5,50,2.042820230276222,12.5,-50,1.5179855067253811,25,-37.5,1.6189888771838434,25,-25,2.5273862847097917,25,-12.5,1.6206445710895767,25,0,2.1933857961994363,25,12.5,1.1279940174274388,25,25,2.315677690130542,25,37.5,3.337633950370943,25,50,3.5151785349444253,25,-50,1.6877998548387676,37.5,-37.5,1.4693968275914107,37.5,-25,2.6319557691221833,37.5,-12.5,2.591920511975779,37.5,0,2.4255849616551326,37.5,12.5,3.292861723462374,37.5,25,2.3231846769649724,37.5,37.5,3.0076518514666217,37.5,50,1.9459018093148468,37.5,-50,2.349948628616403,50,-37.5,2.6100826272646485,50,-25,2.2661324211367173,50,-12.5,1.9750364290742533,50,0,1.9928358360630227,50,12.5,1.6529232506582237,50,25,3.7505523737490876,50,37.5,3.245047972270474,50,50,2.1607473229960306,50],"center":{"x":900,"z":900},"lod":2,"index":99}