{"vertices":[-50,3.6386020544887288,-50,-37.5,1.48012389829774,-50,-25,0.3542136254691286,-50,-12.5,1.6026207842403353,-50,0,1.739988956178422,-50,12.5,2.8428017940921886,-50,25,1.5740501524851425,-50,37.5,1.9966093583563853,-50,50,2.190860204209457,-50,-50,2.09329386012066,-37.5,-37.5,2.4465460396385144,-37.5,-25,1.695154952366798,-37.5,-12.5,2.353053775890027,-37.5,0,2.8582785258326555,-37.5,12.5,3.5524157086386188,-37.5,25,2.2759750544389123,-37.5,37.5,1.1574105884352361,-37.5,50,2.596399813336829,-37.5,-50,1.607719517123769,-25,-37.5,2.034640772180839,-25,-25,2.3586956265353365,-25,-12.5,2.4859938677069526,-25,0,3.090479407037492,-25,12.5,3.0946185158336066,-25,25,2.033984774534474,-25,37.5,2.433650657710398,-25,50,2.3139172716037137,-25,-50,1.5066615753152146,-12.5,-37.5,2.859258436683308,-12.5,-25,2.154142837973086,-12.5,-12.5,3.0691015224058846,-12.5,0,2.231683823794702,-12.5,12.5,3.2522341310351854,-12.5,25,2.3818575431564177,-12.5,37.5,1.5510762076407603,-12.5,50,1.6754568117993307,-12.5,-50,2.9823224309802754,0,-37.5,2.3061249034024467,0,-25,1.2968145909690065,0,-12.5,0.9657636895742561,0,0,1.5954348775994731,0,12.5,2.6946946946793533,0,25,2.244643533413182,0,37.5,3.016499911922484,0,50,3.4253340883151395,0,-50,1.759057548612736,12.5,-37.5,3.2506869279758925,12.5,-25,2.0055008895524025,12.5,-12.5,3.2536068258407305,12.5,0,3.5354764795643403,12.5,12.5,3.488089824095406,12.5,25,2.3253658808377784,12.5,37.5,1.8953827946941901,12.5,50,2.967591556961872,12.5,-50,1.3000120285869343,25,-37.5,2.019897512547352,25,-25,2.4234387877368135,25,-12.5,2.742055565874719,25,0,2.8066262933862163,25,12.5,2.903409402129593,25,25,2.044034117643605,25,37.5,2.015380632174087,25,50,2.795335940827499,25,-50,3.0642151523619305,37.5,-37.5,2.7586799450831556,37.5,-25,2.7238728324212507,37.5,-12.5,3.037817178041329,37.5,0,2.5922235973694017,37.5,12.5,2.6895996660855372,37.5,25,2.4564207745357303,37.5,37.5,1.1469640928941647,37.5,50,1.0399634102999635,37.5,-50,1.1018626455188496,50,-37.5,3.3256839305971257,50,-25,1.8723787966155214,50,-12.5,2.3113458690989246,50,0,2.492840621198411,50,12.5,2.962904902424015,50,25,3.7982192279741867,50,37.5,1.6529575789794575,50,50,2.0796173734561307,50],"center":{"x":300,"z":900},"lod":2,"index":93}