{"vertices":[-50,2.625078677010606,-50,-25,1.7246372432418866,-50,0,2.1451097964745713,-50,25,3.2389072392106755,-50,50,1.7462612425879342,-50,-50,1.8107096541643841,-25,-25,3.2537835271068616,-25,0,3.046497726390953,-25,25,1.5322267327428563,-25,50,1.6319839393690927,-25,-50,3.499564944577287,0,-25,2.5645364255615277,0,0,1.5919390558701707,0,25,2.4163130734086735,0,50,3.4193722641066415,0,-50,1.4592374552012188,25,-25,2.5570696026989026,25,0,2.7329847454529954,25,25,2.668340734016965,25,50,2.4003149306372507,25,-50,3.834272443127702,50,-25,1.69873753497086,50,0,1.7488846420746995,50,25,1.7774308536172612,50,50,3.40873402710713,50],"center":{"x":100,"z":200},"lod":3,"index":21}