{"vertices":[-50,2.0796173734561307,-50,-25,2.1188993582472904,-50,0,1.4834802835684968,-50,25,2.5516597687237663,-50,50,2.6419270101905568,-50,-50,1.7551824374095304,-25,-25,2.074010355208884,-25,0,3.040343472312088,-25,25,2.3397511004441185,-25,50,2.3652657929778798,-25,-50,3.5802540106669767,0,-25,1.2994707951293094,0,0,2.9470362752181245,0,25,2.9154972492688103,0,50,2.63878018296964,0,-50,2.3648863954440458,25,-25,2.7299582788691623,25,0,1.7169954865676118,25,25,1.6923069714539452,25,50,1.9573122326255543,25,-50,1.2915429396525724,50,-25,2.4677149781928165,50,0,1.4290162413817598,50,25,1.1440731345646782,50,50,2.379286593568395,50],"center":{"x":400,"z":200},"lod":3,"index":24}