{"vertices":[-50,1.4888433290616376,-50,-37.5,2.1282810870684026,-50,-25,1.9304788781300886,-50,-12.5,2.3596428738473008,-50,0,1.5544822491210653,-50,12.5,2.4692798033363417,-50,25,2.4860565776907606,-50,37.5,2.3779103043273135,-50,50,0.8762538868904812,-50,-50,2.7552434949533913,-37.5,-37.5,2.032921401608284,-37.5,-25,1.8486159249752228,-37.5,-12.5,2.7733357209523652,-37.5,0,3.4360388760538827,-37.5,12.5,2.034732820159901,-37.5,25,1.6760324696752338,-37.5,37.5,1.8059364116001566,-37.5,50,2.0156271899410467,-37.5,-50,1.6192997170583112,-25,-37.5,2.4733425320526816,-25,-25,1.9120760930672986,-25,-12.5,2.3626442173686266,-25,0,1.9919511354964925,-25,12.5,2.6604138163555757,-25,25,2.9505780751787825,-25,37.5,2.428628475585601,-25,50,1.408708437156747,-25,-50,1.7618605948671437,-12.5,-37.5,2.516350583121783,-12.5,-25,1.9792658385478712,-12.5,-12.5,2.6237773617972096,-12.5,0,2.238373132815641,-12.5,12.5,1.859404012099823,-12.5,25,1.8722294290305144,-12.5,37.5,3.4085698361290917,-12.5,50,0.9504432511265655,-12.5,-50,0.7497373891965253,0,-37.5,2.193143242234851,0,-25,2.6362798286572797,0,-12.5,2.436989777881958,0,0,1.835695175032015,0,12.5,3.3453339823336163,0,25,2.8027542347990675,0,37.5,1.9478105587326895,0,50,3.003579421711038,0,-50,1.7618605948671437,12.5,-37.5,2.516350583121783,12.5,-25,1.9792658385478712,12.5,-12.5,2.6237773617972096,12.5,0,2.238373132815641,12.5,12.5,1.859404012099823,12.5,25,1.8722294290305144,12.5,37.5,3.4085698361290917,12.5,50,0.9504432511265655,12.5,-50,1.6192997170583112,25,-37.5,2.4733425320526816,25,-25,1.9120760930672986,25,-12.5,2.3626442173686266,25,0,1.9919511354964925,25,12.5,2.6604138163555757,25,25,2.9505780751787825,25,37.5,2.428628475585601,25,50,1.408708437156747,25,-50,2.7552434949533913,37.5,-37.5,2.032921401608284,37.5,-25,1.8486159249752228,37.5,-12.5,2.7733357209523652,37.5,0,3.4360388760538827,37.5,12.5,2.034732820159901,37.5,25,1.6760324696752338,37.5,37.5,1.8059364116001566,37.5,50,2.0156271899410467,37.5,-50,1.4888433290616376,50,-37.5,2.1282810870684026,50,-25,1.9304788781300886,50,-12.5,2.3596428738473008,50,0,1.5544822491210653,50,12.5,2.4692798033363417,50,25,2.4860565776907606,50,37.5,2.3779103043273135,50,50,0.8762538868904812,50],"center":{"x":800,"z":0},"lod":2,"index":8}