{"vertices":[-50,1.272452330958913,-50,-37.5,2.898880675541891,-50,-25,1.9919933977507753,-50,-12.5,2.852378652590026,-50,0,3.8158002826821757,-50,12.5,2.849042996990833,-50,25,2.9302683116839034,-50,37.5,1.410944800625871,-50,50,2.58556186388887,-50,-50,1.0171565466420218,-37.5,-37.5,2.5502903093676887,-37.5,-25,3.089822612885759,-37.5,-12.5,3.3605667742049383,-37.5,0,3.2748483557126824,-37.5,12.5,2.6739081217098426,-37.5,25,2.24518011648917,-37.5,37.5,2.6084306984194305,-37.5,50,2.203547463404827,-37.5,-50,2.9933859471202595,-25,-37.5,2.078627137260864,-25,-25,2.970073282995145,-25,-12.5,2.8855724064216326,-25,0,2.4155262443673564,-25,12.5,3.200191922297402,-25,25,1.650023275797139,-25,37.5,1.3243363112290174,-25,50,2.412640742768417,-25,-50,1.3716956875990525,-12.5,-37.5,3.3948500078258763,-12.5,-25,2.1539978445546724,-12.5,-12.5,2.2884438558232745,-12.5,0,2.524506303272913,-12.5,12.5,3.1853172617997476,-12.5,25,3.476014602744656,-12.5,37.5,1.9773213839357706,-12.5,50,2.512731168281923,-12.5,-50,1.6454656485439045,0,-37.5,3.0965270887388394,0,-25,1.0509272518538637,0,-12.5,1.947038293633669,0,0,3.842766318048234,0,12.5,2.6655423596285477,0,25,2.104519868080388,0,37.5,1.5858354571758528,0,50,2.419328383912216,0,-50,3.835907938054265,12.5,-37.5,2.6575074033048107,12.5,-25,2.514763353212575,12.5,-12.5,1.8749827938667183,12.5,0,2.619976631963854,12.5,12.5,3.065342027858965,12.5,25,2.282924684176004,12.5,37.5,2.9203534711894252,12.5,50,2.280883218830993,12.5,-50,2.7607165340305073,25,-37.5,2.2037902661181925,25,-25,1.606968701162259,25,-12.5,1.6275474778447907,25,0,2.6902813050401164,25,12.5,2.8852140466965013,25,25,3.017564231340657,25,37.5,2.173128781413964,25,50,1.786541335095535,25,-50,2.4419078765724325,37.5,-37.5,2.2288251650184696,37.5,-25,1.6068358727390522,37.5,-12.5,2.854077832777528,37.5,0,2.6438437642798784,37.5,12.5,2.0178666606476816,37.5,25,2.31153720868375,37.5,37.5,2.338187542387251,37.5,50,3.2485662037821523,37.5,-50,3.6386020544887288,50,-37.5,1.48012389829774,50,-25,0.3542136254691286,50,-12.5,1.6026207842403353,50,0,1.739988956178422,50,12.5,2.8428017940921886,50,25,1.5740501524851425,50,37.5,1.9966093583563853,50,50,2.190860204209457,50],"center":{"x":300,"z":800},"lod":2,"index":83}