{"vertices":[-50,0.7721225654677255,-50,-37.5,2.871394192468454,-50,-25,4.109268259999226,-50,-12.5,2.262453084317736,-50,0,3.1823887261998607,-50,12.5,1.9259897711962315,-50,25,2.6793839775928063,-50,37.5,3.3218337519838554,-50,50,3.6386020544887288,-50,-50,3.2955648907363373,-37.5,-37.5,1.2904981495505257,-37.5,-25,1.9724057754532043,-37.5,-12.5,2.4864543563686627,-37.5,0,1.3665437223844972,-37.5,12.5,3.093624017434254,-37.5,25,2.2267859690382914,-37.5,37.5,3.029176673146186,-37.5,50,2.09329386012066,-37.5,-50,2.027769211490522,-25,-37.5,3.299596972940564,-25,-25,1.9364010512799723,-25,-12.5,2.087194146398875,-25,0,2.00767177673697,-25,12.5,2.730886845958449,-25,25,3.5321173810370965,-25,37.5,3.052164550314492,-25,50,1.607719517123769,-25,-50,3.2910240197958145,-12.5,-37.5,3.027870570021978,-12.5,-25,1.9665425193517638,-12.5,-12.5,1.9231099455105014,-12.5,0,3.1011046779490363,-12.5,12.5,2.4909160797364014,-12.5,25,2.724752909477334,-12.5,37.5,1.6955275366972855,-12.5,50,1.5066615753152146,-12.5,-50,3.9842618739203317,0,-37.5,2.413630061621509,0,-25,3.3169484853715403,0,-12.5,2.1981972861731203,0,0,1.5832870039594127,0,12.5,1.5867044113656728,0,25,2.7534910284884972,0,37.5,3.217781758470565,0,50,2.9823224309802754,0,-50,2.851708184465629,12.5,-37.5,2.302629525107114,12.5,-25,2.3522541133554644,12.5,-12.5,2.0416308342296747,12.5,0,2.5025636503246265,12.5,12.5,1.7156551163615732,12.5,25,1.8490089853708374,12.5,37.5,3.4821324795646023,12.5,50,1.759057548612736,12.5,-50,3.4228960907057626,25,-37.5,1.855856660919254,25,-25,2.1285014569730265,25,-12.5,3.058894138509255,25,0,2.601061943496461,25,12.5,0.7096313306825732,25,25,2.7208612107642693,25,37.5,1.6377278060019016,25,50,1.3000120285869343,25,-50,2.1926993530005183,37.5,-37.5,2.662324294208982,37.5,-25,2.7987040881900698,37.5,-12.5,3.371424470349379,37.5,0,1.6036616151204375,37.5,12.5,2.70902337220332,37.5,25,2.45261300594616,37.5,37.5,1.9500108219034928,37.5,50,3.0642151523619305,37.5,-50,1.7462612425879342,50,-37.5,2.9802903812226624,50,-25,1.645087373253773,50,-12.5,0.9087242124693276,50,0,1.1420737537991954,50,12.5,2.568584839409297,50,25,2.0889144384273095,50,37.5,1.443592179994584,50,50,1.1018626455188496,50],"center":{"x":200,"z":100},"lod":2,"index":12}