{"vertices":[-50,1.8853123549342854,-50,-25,1.2856852116965456,-50,0,3.011794719423051,-50,25,2.8274511935160263,-50,50,1.2915429396525724,-50,-50,1.3629137042880757,-25,-25,2.2077087166690035,-25,0,2.993571791375871,-25,25,1.576265210096608,-25,50,2.798572175015579,-25,-50,3.002772784602712,0,-25,2.4925076070212526,0,0,2.1261129114282085,0,25,3.019210660640965,0,50,0.5274218244449003,0,-50,2.3278917435527546,25,-25,1.5075025561236544,25,0,2.2218165132653667,25,25,2.252668255750905,25,50,2.1629020495311124,25,-50,1.26395866907842,50,-25,1.4279391470336122,50,0,2.2324326965463115,50,25,3.6885550262377365,50,50,1.540872447003494,50],"center":{"x":300,"z":300},"lod":3,"index":33}