{"vertices":[-50,3.610365513522993,-50,-37.5,1.9310316601374566,-50,-25,2.170358073708485,-50,-12.5,2.3932777553181834,-50,0,2.7481066021573497,-50,12.5,1.8167508181057137,-50,25,2.47431687945209,-50,37.5,3.3033391189225685,-50,50,1.26395866907842,-50,-50,2.3317268339224775,-37.5,-37.5,1.7576584169352536,-37.5,-25,1.944533627530984,-37.5,-12.5,2.3994892913188344,-37.5,0,3.1095423293316986,-37.5,12.5,1.416744369442503,-37.5,25,1.5869445806976412,-37.5,37.5,1.7754057062955924,-37.5,50,2.0725332472479856,-37.5,-50,2.9866675769881113,-25,-37.5,2.423283335408243,-25,-25,2.7608569681615336,-25,-12.5,2.2654768444169355,-25,0,2.3030977282178355,-25,12.5,2.6131811391206297,-25,25,2.9330963634856744,-25,37.5,3.6392534897971967,-25,50,3.2040084961772664,-25,-50,1.816802031085039,-12.5,-37.5,2.168543428323363,-12.5,-25,2.269322256176259,-12.5,-12.5,1.7875666198044518,-12.5,0,1.5048615280956685,-12.5,12.5,3.127604426796648,-12.5,25,3.6358316713394294,-12.5,37.5,2.8521494829283203,-12.5,50,0.7375640851071024,-12.5,-50,3.207472983558546,0,-37.5,2.1015781079214326,0,-25,1.9287274002999766,0,-12.5,2.1288302891522455,0,0,3.144124332393403,0,12.5,2.8201512103889814,0,25,2.78542093867145,0,37.5,2.330270406631569,0,50,2.4168987635493977,0,-50,3.4000279254934176,12.5,-37.5,3.420183653508768,12.5,-25,1.9902498902081887,12.5,-12.5,2.1412352901455574,12.5,0,2.7096715589800677,12.5,12.5,1.8799806411356599,12.5,25,2.851353881180132,12.5,37.5,2.082659079355783,12.5,50,2.476528952331709,12.5,-50,2.747192505557905,25,-37.5,1.916959951906457,25,-25,2.4224098741979105,25,-12.5,2.1439645389055064,25,0,1.464722934688325,25,12.5,1.433800275896012,25,25,2.869340255201678,25,37.5,3.377379769420863,25,50,2.6880334380985005,25,-50,3.140718933278599,37.5,-37.5,1.357874808298054,37.5,-25,2.851178768470837,37.5,-12.5,2.8853050508156217,37.5,0,3.156819057202048,37.5,12.5,0.9834237733480158,37.5,25,2.3123579826664904,37.5,37.5,3.0353464954162623,37.5,50,1.5220371939477904,37.5,-50,3.0693869030073984,50,-37.5,1.62602118999593,50,-25,2.9653013467759592,50,-12.5,3.9744761261121733,50,0,2.836272898639436,50,12.5,0.9941299508964534,50,25,2.2352852665790124,50,37.5,1.8086820227369644,50,50,2.721802747619222,50],"center":{"x":200,"z":400},"lod":2,"index":42}