{"vertices":[-50,3.920222564411233,-50,-37.5,2.3027268683614075,-50,-25,1.6842215129145188,-50,-12.5,2.4038057132722797,-50,0,2.5099827214580728,-50,12.5,2.6729293888807586,-50,25,2.498521941524814,-50,37.5,2.6036995652359805,-50,50,1.7235153650835855,-50,-50,1.5912425951221905,-37.5,-37.5,1.5845193475708477,-37.5,-25,1.282994215049389,-37.5,-12.5,2.0656715309574025,-37.5,0,2.4021073249942755,-37.5,12.5,2.2454562986661935,-37.5,25,2.2388111877674164,-37.5,37.5,2.3417458736081227,-37.5,50,3.4544282442943697,-37.5,-50,2.68355165309913,-25,-37.5,1.680994506763431,-25,-25,2.5359437235601945,-25,-12.5,1.3309737450434644,-25,0,3.316665427337284,-25,12.5,2.6348352826119736,-25,25,3.7759259220183594,-25,37.5,3.104925816628779,-25,50,2.7322128152445657,-25,-50,1.4587226350796274,-12.5,-37.5,2.4649088080945925,-12.5,-25,2.4219149556058746,-12.5,-12.5,1.5040417182919201,-12.5,0,2.252054745942738,-12.5,12.5,1.3431651960977349,-12.5,25,2.502905745716814,-12.5,37.5,2.744545936550634,-12.5,50,2.9943481335856204,-12.5,-50,1.171470626068185,0,-37.5,1.8682778311760968,0,-25,3.250700718999724,0,-12.5,2.4027036353838755,0,0,2.329974608073826,0,12.5,3.4831399097616473,0,25,1.972696321827243,0,37.5,2.852282157776563,0,50,1.7328265046671731,0,-50,2.5307025794808027,12.5,-37.5,2.877972632216621,12.5,-25,2.4183351082533804,12.5,-12.5,2.1131911287427223,12.5,0,2.1351717560364176,12.5,12.5,1.6375162186192664,12.5,25,2.9627666495577087,12.5,37.5,3.3777713985818556,12.5,50,2.5854918899602115,12.5,-50,1.381705446910928,25,-37.5,2.3593970083045557,25,-25,2.3413065441854997,25,-12.5,2.8830653179136014,25,0,3.0947534605365945,25,12.5,2.17136895455602,25,25,1.9255474086821778,25,37.5,2.7316895532233296,25,50,1.2818020319537027,25,-50,0.9964647735661096,37.5,-37.5,2.7706926674553096,37.5,-25,1.8138804021301143,37.5,-12.5,2.215254545810975,37.5,0,2.2199357698343687,37.5,12.5,2.391323521101893,37.5,25,2.3520736348064584,37.5,37.5,2.0411165402744493,37.5,50,1.453999419499482,37.5,-50,1.8508145648956997,50,-37.5,1.2697351924380174,50,-25,2.9470570751436753,50,-12.5,1.6194674794305453,50,0,1.787941293368931,50,12.5,2.30045527577361,50,25,1.3087253149569733,50,37.5,2.4784059125425735,50,50,1.891176972349058,50],"center":{"x":900,"z":300},"lod":2,"index":39}