{"vertices":[-50,3.787327978570829,-50,-25,2.6003795180440648,-50,0,2.450414873237605,-50,25,3.1005512823321624,-50,50,2.0454561401129467,-50,-50,1.6417255734995706,-25,-25,1.9625101301789982,-25,0,3.3934193621826125,-25,25,2.536202733681421,-25,50,3.0050024080992443,-25,-50,2.944233689268003,0,-25,3.489811352264951,0,0,3.6063155304145766,0,25,1.2050294031359954,0,50,3.873955278468202,0,-50,2.044583532770048,25,-25,2.683485529196332,25,0,2.6213392387580825,25,25,2.3536045004584594,25,50,0.5190938401938183,25,-50,1.8482914304331644,50,-25,2.0590438757062657,50,0,1.9995549093437148,50,25,2.720347260401468,50,50,2.939058809351991,50],"center":{"x":600,"z":400},"lod":3,"index":46}