{"vertices":[-50,2.7972769474581582,-50,-25,2.083815864098142,-50,0,2.7120947610092117,-50,25,3.426830684111337,-50,50,1.1692833591223462,-50,-50,2.0487692689493997,-25,-25,2.1777579996705754,-25,0,2.334908820266719,-25,25,2.7959538151480956,-25,50,3.1011196661711438,-25,-50,1.1107983922556741,0,-25,2.884548834335874,0,0,3.26040712701797,0,25,1.5489160169818206,0,50,1.9168761063338025,0,-50,3.189053509195219,25,-25,2.596411487829755,25,0,2.970621265048976,25,25,2.1390194346167846,25,50,1.964724628996919,25,-50,0.9706666802958352,50,-25,2.4901583109021885,50,0,3.0440273653221084,50,25,1.947290514872293,50,50,2.7873995590925915,50],"center":{"x":600,"z":800},"lod":3,"index":86}