{"vertices":[-50,1.5539566351071699,-50,-25,2.2856307698384626,-50,0,2.7980079926055623,-50,25,2.280319225319545,-50,50,1.5070581871987088,-50,-50,2.459342546571861,-25,-25,2.43010631929792,-25,0,2.8221121109527303,-25,25,1.868270676859538,-25,50,3.108516081047128,-25,-50,1.3526762200490339,0,-25,1.6812420560017927,0,0,2.2139113820594503,0,25,2.0050000066839857,0,50,0.692478163909982,0,-50,1.6619018388882978,25,-25,1.84330634008802,25,0,3.1853627837699605,25,25,1.5071380550944014,25,50,1.6226548392296536,25,-50,3.365891046632896,50,-25,2.9007951093808515,50,0,2.2241413272422506,50,25,1.3443692441069288,50,50,2.5272497970581753,50],"center":{"x":800,"z":500},"lod":3,"index":58}