{"vertices":[-50,1.8508145648956997,-50,-37.5,1.2697351924380174,-50,-25,2.9470570751436753,-50,-12.5,1.6194674794305453,-50,0,1.787941293368931,-50,12.5,2.30045527577361,-50,25,1.3087253149569733,-50,37.5,2.4784059125425735,-50,50,1.891176972349058,-50,-50,2.275065703630406,-37.5,-37.5,2.4845520840626905,-37.5,-25,2.4192884946902984,-37.5,-12.5,3.4562937081426797,-37.5,0,2.925278002274454,-37.5,12.5,2.2426705117313506,-37.5,25,2.0055996024265528,-37.5,37.5,3.3958941572043773,-37.5,50,3.314130194876017,-37.5,-50,2.564850493145059,-25,-37.5,2.4726063418269786,-25,-25,2.528579867721419,-25,-12.5,2.2408448899134195,-25,0,2.6832531257969094,-25,12.5,2.059396802865896,-25,25,2.720682608705829,-25,37.5,2.033517403027866,-25,50,3.242972466905485,-25,-50,2.468497320206978,-12.5,-37.5,2.1002766703065125,-12.5,-25,2.7701976166708597,-12.5,-12.5,3.0843448400506626,-12.5,0,2.5065744795588984,-12.5,12.5,2.913129629485254,-12.5,25,2.9961836020553188,-12.5,37.5,3.4340238451740075,-12.5,50,2.0855491216773507,-12.5,-50,3.7796473938942654,0,-37.5,2.5816786697421454,0,-25,2.3327912756212754,0,-12.5,1.3967228706338564,0,0,3.188002841125126,0,12.5,3.1838204819969107,0,25,2.6148919638217194,0,37.5,0.8777633770715798,0,50,2.692384097535978,0,-50,2.8636989433264457,12.5,-37.5,2.2212920282783797,12.5,-25,1.7512226204682229,12.5,-12.5,2.6647202183566665,12.5,0,2.1629810546299275,12.5,12.5,2.0245306818571605,12.5,25,2.376596253680894,12.5,37.5,2.5396032908626642,12.5,50,1.9727356051733174,12.5,-50,2.1121445734024746,25,-37.5,1.9333139913093613,25,-25,1.5764660009153886,25,-12.5,2.0001814215863787,25,0,2.5814927979809,25,12.5,2.5828820892530215,25,25,2.7124100800574524,25,37.5,2.730902050584346,25,50,3.179307255704771,25,-50,1.5092437702326218,37.5,-37.5,1.694350163493993,37.5,-25,2.7257899195641953,37.5,-12.5,0.9194208402544057,37.5,0,3.359845459997603,37.5,12.5,1.9965341398500378,37.5,25,3.1089149424666385,37.5,37.5,3.197621068486244,37.5,50,3.275933138497974,37.5,-50,1.5070581871987088,50,-37.5,2.3248341136249664,50,-25,1.820220238805632,50,-12.5,1.8005965188987627,50,0,2.5718058511120034,50,12.5,1.6541212501034792,50,25,2.850258487087558,50,37.5,2.1820516619210526,50,50,2.874456021745573,50],"center":{"x":900,"z":400},"lod":2,"index":49}