{"vertices":[-50,3.610365513522993,-50,-25,2.170358073708485,-50,0,2.7481066021573497,-50,25,2.47431687945209,-50,50,1.26395866907842,-50,-50,2.9866675769881113,-25,-25,2.7608569681615336,-25,0,2.3030977282178355,-25,25,2.9330963634856744,-25,50,3.2040084961772664,-25,-50,3.207472983558546,0,-25,1.9287274002999766,0,0,3.144124332393403,0,25,2.78542093867145,0,50,2.4168987635493977,0,-50,2.747192505557905,25,-25,2.4224098741979105,25,0,1.464722934688325,25,25,2.869340255201678,25,50,2.6880334380985005,25,-50,3.0693869030073984,50,-25,2.9653013467759592,50,0,2.836272898639436,50,25,2.2352852665790124,50,50,2.721802747619222,50],"center":{"x":200,"z":400},"lod":3,"index":42}