{"vertices":[-50,1.5070581871987088,-50,-37.5,2.3248341136249664,-50,-25,1.820220238805632,-50,-12.5,1.8005965188987627,-50,0,2.5718058511120034,-50,12.5,1.6541212501034792,-50,25,2.850258487087558,-50,37.5,2.1820516619210526,-50,50,2.874456021745573,-50,-50,1.6366020877034462,-37.5,-37.5,1.752396502856436,-37.5,-25,2.849484961915789,-37.5,-12.5,2.1962012119296186,-37.5,0,2.4977259524058706,-37.5,12.5,2.962418985643969,-37.5,25,2.294946291602459,-37.5,37.5,2.9263008219855973,-37.5,50,2.162804162061474,-37.5,-50,3.108516081047128,-25,-37.5,2.788636093574168,-25,-25,2.366124130130629,-25,-12.5,2.654258167322274,-25,0,2.5246627494198037,-25,12.5,2.339019631052199,-25,25,2.9521837707579834,-25,37.5,2.833108955011723,-25,50,2.4412205552653177,-25,-50,1.2451748097654884,-12.5,-37.5,2.275822442843537,-12.5,-25,1.8485669616805092,-12.5,-12.5,2.2411007615934126,-12.5,0,2.8393230442968624,-12.5,12.5,1.8986000706082837,-12.5,25,1.9440025453750032,-12.5,37.5,2.1623722118630546,-12.5,50,2.0673358901951437,-12.5,-50,0.692478163909982,0,-37.5,3.472669489804861,0,-25,2.209823615194182,0,-12.5,1.8193305643272606,0,0,1.9425849481922342,0,12.5,2.4783489279024904,0,25,1.9765479739726288,0,37.5,2.119589077190867,0,50,1.3027336930827005,0,-50,1.8683972192578537,12.5,-37.5,1.6175700244228208,12.5,-25,3.0662433347885414,12.5,-12.5,1.7459123041294253,12.5,0,1.7003285771500856,12.5,12.5,2.3956828596944795,12.5,25,1.4928254811505135,12.5,37.5,2.9370319302997085,12.5,50,2.389866869668726,12.5,-50,1.6226548392296536,25,-37.5,2.4088944844882185,25,-25,2.412302828670363,25,-12.5,2.8095074296374922,25,0,2.266989187846775,25,12.5,1.790436568890468,25,25,1.820435809713672,25,37.5,3.396509640166923,25,50,3.17035255189694,25,-50,3.0022887432971936,37.5,-37.5,1.8932150871316207,37.5,-25,1.6961213160501443,37.5,-12.5,2.5828592402631116,37.5,0,2.3823115559680232,37.5,12.5,2.886340912414664,37.5,25,2.7284391318426997,37.5,37.5,1.813465942395545,37.5,50,3.043086680310556,37.5,-50,2.5272497970581753,50,-37.5,2.214265344223523,50,-25,2.6057608791597886,50,-12.5,2.941781918349211,50,0,2.5711999698978616,50,12.5,2.984447408995864,50,25,3.6685185011447174,50,37.5,3.477929035476868,50,50,1.2586703633860452,50],"center":{"x":900,"z":500},"lod":2,"index":59}