{"vertices":[-50,3.542812584710191,-50,-25,1.8829149932571454,-50,0,2.9899686812859727,-50,25,2.385007521879743,-50,50,1.4094461237982614,-50,-50,2.919953285527299,-25,-25,2.728684488029103,-25,0,1.9605499743920518,-25,25,1.3967465672612889,-25,50,3.2975344097212655,-25,-50,2.778364240002702,0,-25,2.092537972421269,0,0,4.024668061683769,0,25,1.5941874001146061,0,50,3.5718612110213144,0,-50,2.032592414689134,25,-25,2.763171735496144,25,0,3.059390509079094,25,25,3.0345695529103978,25,50,1.6647423541144235,25,-50,3.108939944577287,50,-25,2.484456691236119,50,0,2.288567745636101,50,25,1.7755819175363285,50,50,2.190571252067457,50],"center":{"x":100,"z":600},"lod":3,"index":61}