{"vertices":[-50,2.2110509935737355,-50,-37.5,2.797238685030823,-50,-25,2.3329932142951293,-50,-12.5,3.4595043125713465,-50,0,1.5808567456406308,-50,12.5,2.273444314408824,-50,25,2.7276563987106783,-50,37.5,2.296958018925542,-50,50,1.371774647195707,-50,-50,2.0558807763269686,-37.5,-37.5,2.7916043300972304,-37.5,-25,1.5854048454171328,-37.5,-12.5,3.3588300933901816,-37.5,0,1.3378968782371723,-37.5,12.5,3.0239866114526315,-37.5,25,2.3736474914393506,-37.5,37.5,1.6381446682604908,-37.5,50,3.416983260579718,-37.5,-50,1.639525598657201,-25,-37.5,1.5971895116338464,-25,-25,1.871601854727487,-25,-12.5,2.9572920530665407,-25,0,1.4091894082230283,-25,12.5,2.5465123088125696,-25,25,3.1169517680973513,-25,37.5,2.6232258405588027,-25,50,2.0073523854807718,-25,-50,3.0878694456598446,-12.5,-37.5,2.853614155423601,-12.5,-25,3.7943590584653366,-12.5,-12.5,3.430686035408664,-12.5,0,3.0328171337812244,-12.5,12.5,1.5300855632434727,-12.5,25,1.684755208143895,-12.5,37.5,2.4958588108074857,-12.5,50,2.857812810592453,-12.5,-50,2.2115019027114613,0,-37.5,1.7233405052616668,0,-25,3.0658066918113036,0,-12.5,3.1689729551263253,0,0,2.098392849366064,0,12.5,2.5640277584756865,0,25,1.3676691397995455,0,37.5,3.2499055381970896,0,50,2.332269225080381,0,-50,2.8108263660171833,12.5,-37.5,2.4873346263681078,12.5,-25,3.329793622956805,12.5,-12.5,1.9867222970113212,12.5,0,1.0398151104948532,12.5,12.5,2.7086465102408597,12.5,25,2.69205285791744,12.5,37.5,2.7592406644230416,12.5,50,1.7499931710938936,12.5,-50,2.4534958664298756,25,-37.5,2.5857554481013567,25,-25,2.686085020468454,25,-12.5,2.3870576513114923,25,0,2.2430944494408322,25,12.5,2.170137832923123,25,25,2.525298778709839,25,37.5,1.6105310177510779,25,50,1.7924213146761758,25,-50,1.703335922065183,37.5,-37.5,2.1509906226911757,37.5,-25,3.0402367705104028,37.5,-12.5,3.2890736695100156,37.5,0,2.3384464419488267,37.5,12.5,2.8245805920794576,37.5,25,2.1109637146919686,37.5,37.5,2.055060299235001,37.5,50,1.030339003334428,37.5,-50,2.4147191707015736,50,-37.5,3.2801773573070907,50,-25,1.5611008455016417,50,-12.5,3.581067273927415,50,0,1.681448226372595,50,12.5,3.2910044695224188,50,25,2.6357040151924593,50,37.5,4.1990713959436015,50,50,1.5490618085459573,50],"center":{"x":500,"z":600},"lod":2,"index":65}