{"vertices":[-50,1.1018626455188496,-50,-25,1.8723787966155214,-50,0,2.492840621198411,-50,25,3.7982192279741867,-50,50,2.0796173734561307,-50,-50,4.36245218552358,-25,-25,3.1802356841944857,-25,0,2.647977206434007,-25,25,2.2938380779669387,-25,50,1.7551824374095304,-25,-50,2.023582017791341,0,-25,2.24539956478111,0,0,3.3102119300019694,0,25,2.931577229683171,0,50,3.5802540106669767,0,-50,1.098732805621694,25,-25,1.7006719711207552,25,0,2.8361326787126018,25,25,2.51558106559969,25,50,2.3648863954440458,25,-50,1.8853123549342854,50,-25,1.2856852116965456,50,0,3.011794719423051,50,25,2.8274511935160263,50,50,1.2915429396525724,50],"center":{"x":300,"z":200},"lod":3,"index":23}