{"vertices":[-50,2.321687905860017,-50,-37.5,3.2915583993214668,-50,-25,3.2830896547966404,-50,-12.5,2.6810827490959137,-50,0,3.2534282799315406,-50,12.5,2.804090105543212,-50,25,1.6628137154475553,-50,37.5,2.2796550782230716,-50,50,3.1502426339284284,-50,-50,1.4324741085973205,-37.5,-37.5,2.0811839924415407,-37.5,-25,2.6800129980371095,-37.5,-12.5,2.1330152199870205,-37.5,0,3.1501245465311234,-37.5,12.5,1.3041992412486354,-37.5,25,2.039456157673063,-37.5,37.5,1.5327699127821441,-37.5,50,1.2056599046067047,-37.5,-50,3.0650612402678235,-25,-37.5,1.85958148444352,-25,-25,1.6442669502430363,-25,-12.5,1.5381835032196869,-25,0,2.0824401970457984,-25,12.5,2.537498934594476,-25,25,2.3560343606368406,-25,37.5,2.6788467185079834,-25,50,2.1123520208493574,-25,-50,2.122577239895926,-12.5,-37.5,1.9754145352992436,-12.5,-25,2.104631925032517,-12.5,-12.5,2.5200363879370444,-12.5,0,1.5443419601983512,-12.5,12.5,2.378459445626364,-12.5,25,1.7920544207188525,-12.5,37.5,2.042840337256702,-12.5,50,1.716811619097478,-12.5,-50,2.0750179577589734,0,-37.5,2.107213582071139,0,-25,2.7233072689705295,0,-12.5,2.551368608179445,0,0,2.5993516440939857,0,12.5,2.757999103817654,0,25,2.6894679589167936,0,37.5,3.0381942499070402,0,50,2.6728967500821454,0,-50,2.724721313914806,12.5,-37.5,2.082916467130143,12.5,-25,2.278269141394205,12.5,-12.5,3.223487927933915,12.5,0,3.2468361523176474,12.5,12.5,1.7804149535087195,12.5,25,2.0919851592818652,12.5,37.5,1.740947235113063,12.5,50,1.3166121383497842,12.5,-50,2.28003200776584,25,-37.5,2.9891323679883564,25,-25,2.810772763841669,25,-12.5,2.6395920040347587,25,0,3.2685538526129676,25,12.5,2.391779506518463,25,25,1.9290356261626584,25,37.5,2.6754206964811376,25,50,2.4227691365376813,25,-50,3.1466831770940384,37.5,-37.5,1.949646207894364,37.5,-25,2.231906107787753,37.5,-12.5,2.7564143115427813,37.5,0,3.4636073197545283,37.5,12.5,1.2814727043718506,37.5,25,1.5107388910842434,37.5,37.5,1.0521859207194937,37.5,50,1.96270696940436,37.5,-50,2.53738668448932,50,-37.5,3.369680591992127,50,-25,2.2096502355270786,50,-12.5,2.8987444534998694,50,0,2.6458164449286414,50,12.5,2.328901440156021,50,25,2.047989360798965,50,37.5,2.6608270378206544,50,50,1.7651966882840497,50],"center":{"x":700,"z":200},"lod":2,"index":27}