{"vertices":[-50,1.2915429396525724,-50,-25,2.4677149781928165,-50,0,1.4290162413817598,-50,25,1.1440731345646782,-50,50,2.379286593568395,-50,-50,2.798572175015579,-25,-25,3.098718209002982,-25,0,2.3766335337859346,-25,25,2.1441647171013756,-25,50,2.6239508453727467,-25,-50,0.5274218244449003,0,-25,1.2183742055640323,0,0,1.638642498801346,0,25,2.0053417741291923,0,50,2.806370264661382,0,-50,2.1629020495311124,25,-25,1.8573078343615634,25,0,2.6667123525839997,25,25,2.614890015029232,25,50,2.1770021382690175,25,-50,1.540872447003494,50,-25,2.070830596421729,50,0,3.1176560610037996,50,25,2.3280553280346794,50,50,2.1669972006202443,50],"center":{"x":400,"z":300},"lod":3,"index":34}