{"vertices":[-50,0.9706666802958352,-50,-25,2.4901583109021885,-50,0,3.0440273653221084,-50,25,1.947290514872293,-50,50,2.7873995590925915,-50,-50,1.6429006790713174,-25,-25,3.1261695239663823,-25,0,2.4099269281578017,-25,25,2.8270820428588195,-25,50,2.3185091901541455,-25,-50,0.35004136319912504,0,-25,3.03313993550546,0,0,2.866200781936641,0,25,2.129606222079019,0,50,1.838432519507478,0,-50,2.404954705198179,25,-25,2.122672281038831,25,0,1.7246258031082107,25,25,3.546992902920465,25,50,2.747395901751588,25,-50,1.6170751785830362,50,-25,3.1029217753530247,50,0,2.268656469459529,50,25,3.5597800363757415,50,50,2.321687905860017,50],"center":{"x":600,"z":900},"lod":3,"index":96}