{"vertices":[-50,3.108939944577287,-50,-37.5,2.1974086863378357,-50,-25,2.484456691236119,-50,-12.5,2.9160669022116488,-50,0,2.288567745636101,-50,12.5,2.5218018806451017,-50,25,1.7755819175363285,-50,37.5,2.471695112013647,-50,50,2.190571252067457,-50,-50,1.5360143083986673,-37.5,-37.5,1.937844759143541,-37.5,-25,2.4107265881003963,-37.5,-12.5,1.964799454832113,-37.5,0,3.2131269751599434,-37.5,12.5,1.70788756726997,-37.5,25,2.718242165187148,-37.5,37.5,2.5351880559177453,-37.5,50,1.5932151957029406,-37.5,-50,3.0317319620371563,-25,-37.5,2.0586377755376484,-25,-25,2.099868896693806,-25,-12.5,1.9779500782837207,-25,0,1.312837922523613,-25,12.5,3.554255963596522,-25,25,1.6068484697461827,-25,37.5,3.0147386331216897,-25,50,3.3305562769965036,-25,-50,1.4898403138432392,-12.5,-37.5,1.2548896224889594,-12.5,-25,2.3661882269831667,-12.5,-12.5,2.299233042688859,-12.5,0,1.5429651406702325,-12.5,12.5,2.9670665074697897,-12.5,25,2.3167447602652973,-12.5,37.5,3.043976136132846,-12.5,50,1.282299123581577,-12.5,-50,1.9823975551844342,0,-37.5,1.4274987872881473,0,-25,3.0190507502265973,0,-12.5,2.685828515076679,0,0,2.1316862344247056,0,12.5,2.6743792109712707,0,25,2.149290523302625,0,37.5,3.7537689126883675,0,50,4.124139670093427,0,-50,3.134853498651815,12.5,-37.5,2.0976722657895905,12.5,-25,1.5520518884028505,12.5,-12.5,3.1380737204766422,12.5,0,3.124209430187502,12.5,12.5,1.4597424251886406,12.5,25,1.6923161274740894,12.5,37.5,2.997983551958151,12.5,50,1.5353343274220772,12.5,-50,2.754878221821855,25,-37.5,1.3926491279611055,25,-25,1.9345071346469922,25,-12.5,2.6359585729194945,25,0,3.194934153507347,25,12.5,1.7666824951635358,25,25,2.0807530794263585,25,37.5,1.8417333129385178,25,50,3.097875539024244,25,-50,2.7724566645012274,37.5,-37.5,2.57716553601043,37.5,-25,2.6630929644546186,37.5,-12.5,1.9882489978504592,37.5,0,1.6760691584507375,37.5,12.5,2.526853081164337,37.5,25,2.0367089508706853,37.5,37.5,1.8340169122512928,37.5,50,3.2724029544959885,37.5,-50,3.442288159203599,50,-37.5,1.144753836464428,50,-25,2.8115160197921796,50,-12.5,1.6166614637160015,50,0,2.8510707854729844,50,12.5,1.077917544088104,50,25,2.2138384792924626,50,37.5,2.1671109513508098,50,50,2.8680790698126657,50],"center":{"x":100,"z":700},"lod":2,"index":71}