{"vertices":[-50,1.5070581871987088,-50,-25,1.820220238805632,-50,0,2.5718058511120034,-50,25,2.850258487087558,-50,50,2.874456021745573,-50,-50,3.108516081047128,-25,-25,2.366124130130629,-25,0,2.5246627494198037,-25,25,2.9521837707579834,-25,50,2.4412205552653177,-25,-50,0.692478163909982,0,-25,2.209823615194182,0,0,1.9425849481922342,0,25,1.9765479739726288,0,50,1.3027336930827005,0,-50,1.6226548392296536,25,-25,2.412302828670363,25,0,2.266989187846775,25,25,1.820435809713672,25,50,3.17035255189694,25,-50,2.5272497970581753,50,-25,2.6057608791597886,50,0,2.5711999698978616,50,25,3.6685185011447174,50,50,1.2586703633860452,50],"center":{"x":900,"z":500},"lod":3,"index":59}