{"vertices":[-50,2.876662902344833,-50,-25,2.4370829591498477,-50,0,2.827933677981491,-50,25,1.9025088607304497,-50,50,2.810303277146886,-50,-50,2.6233655137912137,-25,-25,2.708928866122733,-25,0,2.04271400863945,-25,25,3.0361255764000816,-25,50,1.8767160240531666,-25,-50,1.5762013120547635,0,-25,2.451433373425971,0,0,2.9975497215491487,0,25,2.3280019818776054,0,50,3.3086133066535695,0,-50,2.957311563004623,25,-25,2.1400913426623447,25,0,2.612077543089981,25,25,3.0702861904137535,25,50,2.8890857163787587,25,-50,1.7527013940707548,50,-25,3.29141928050376,50,0,0.970430919478531,50,25,1.002750819825451,50,50,2.2110509935737355,50],"center":{"x":400,"z":500},"lod":3,"index":54}