{"vertices":[-50,1.786359615434776,-50,-37.5,1.8093608178505773,-50,-25,2.217601902593742,-50,-12.5,3.195519792838135,-50,0,2.4205493606132222,-50,12.5,2.104137839430414,-50,25,3.2146223301970167,-50,37.5,2.481434544909603,-50,50,1.8508145648956997,-50,-50,2.500641770255826,-37.5,-37.5,2.0511194072620436,-37.5,-25,2.0492705767370287,-37.5,-12.5,2.948138918121839,-37.5,0,3.5606423323475704,-37.5,12.5,2.18753331800218,-37.5,25,1.7283946667668948,-37.5,37.5,1.4406902840230478,-37.5,50,2.275065703630406,-37.5,-50,1.0511974168912275,-25,-37.5,2.387108610174089,-25,-25,2.396527148594032,-25,-12.5,2.0759246611476407,-25,0,1.94569644103467,-25,12.5,2.401518532169507,-25,25,2.478799563177745,-25,37.5,2.00333304390793,-25,50,2.564850493145059,-25,-50,3.0628457602568737,-12.5,-37.5,2.168895848202122,-12.5,-25,3.225176039892743,-12.5,-12.5,2.7869667819510795,-12.5,0,1.858906712453361,-12.5,12.5,2.6114703762550007,-12.5,25,1.7431192780753317,-12.5,37.5,2.5789438442366723,-12.5,50,2.468497320206978,-12.5,-50,0.8917549921170576,0,-37.5,1.7375482842490335,0,-25,3.0317149234906537,0,-12.5,0.8204446685202118,0,0,2.731320527891512,0,12.5,1.8135193111079007,0,25,2.5933547730528517,0,37.5,2.9361522367721546,0,50,3.7796473938942654,0,-50,2.276409906652401,12.5,-37.5,2.6475058480280103,12.5,-25,1.6886877297568685,12.5,-12.5,2.0615081606389944,12.5,0,3.0307100685653916,12.5,12.5,2.637423587204193,12.5,25,1.2735046069145923,12.5,37.5,2.0279945762404017,12.5,50,2.8636989433264457,12.5,-50,1.7228651715413434,25,-37.5,2.4464312526919416,25,-25,2.2873695863381727,25,-12.5,2.194293162159664,25,0,1.8115266836684896,25,12.5,2.7953560425373136,25,25,2.7430096681200666,25,37.5,1.8705721182127866,25,50,2.1121445734024746,25,-50,2.447825092134198,37.5,-37.5,3.669327054463762,37.5,-25,1.8228392820663815,37.5,-12.5,2.6864028116926546,37.5,0,2.282853036648126,37.5,12.5,3.3479811739021907,37.5,25,1.8596204776737242,37.5,37.5,2.0703989567432175,37.5,50,1.5092437702326218,37.5,-50,1.5539566351071699,50,-37.5,2.163936962815925,50,-25,2.2856307698384626,50,-12.5,1.8717189198247521,50,0,2.7980079926055623,50,12.5,2.1370954504423487,50,25,2.280319225319545,50,37.5,2.407339388025404,50,50,1.5070581871987088,50],"center":{"x":800,"z":400},"lod":2,"index":48}