{"vertices":[-50,0.9706666802958352,-50,-37.5,0.4851803576939252,-50,-25,2.4901583109021885,-50,-12.5,3.3503351373039654,-50,0,3.0440273653221084,-50,12.5,2.7340547246033173,-50,25,1.947290514872293,-50,37.5,2.1810322247267857,-50,50,2.7873995590925915,-50,-50,2.3368680529322203,-37.5,-37.5,2.0721803217363686,-37.5,-25,1.8064089911570458,-37.5,-12.5,1.3202828962634017,-37.5,0,1.8649649880479293,-37.5,12.5,1.384891714796874,-37.5,25,1.9579642023600308,-37.5,37.5,1.7521500830044467,-37.5,50,1.9612458070143504,-37.5,-50,3.189053509195219,-25,-37.5,3.3954670446271837,-25,-25,2.596411487829755,-25,-12.5,1.8846375628905263,-25,0,2.970621265048976,-25,12.5,1.714865914662448,-25,25,2.1390194346167846,-25,37.5,2.7859915734089222,-25,50,1.964724628996919,-25,-50,1.9770747988971054,-12.5,-37.5,2.844629237946443,-12.5,-25,2.171109119033326,-12.5,-12.5,1.784494668426606,-12.5,0,1.3357079831621501,-12.5,12.5,2.6300316140287365,-12.5,25,2.5092713955741135,-12.5,37.5,1.5029365443552427,-12.5,50,2.1965533989648467,-12.5,-50,1.1107983922556741,0,-37.5,3.2694912476986455,0,-25,2.884548834335874,0,-12.5,1.4566541991626436,0,0,3.26040712701797,0,12.5,3.2284618247158843,0,25,1.5489160169818206,0,37.5,1.6734546382735744,0,50,1.9168761063338025,0,-50,1.9770747988971054,12.5,-37.5,2.844629237946443,12.5,-25,2.171109119033326,12.5,-12.5,1.784494668426606,12.5,0,1.3357079831621501,12.5,12.5,2.6300316140287365,12.5,25,2.5092713955741135,12.5,37.5,1.5029365443552427,12.5,50,2.1965533989648467,12.5,-50,3.189053509195219,25,-37.5,3.3954670446271837,25,-25,2.596411487829755,25,-12.5,1.8846375628905263,25,0,2.970621265048976,25,12.5,1.714865914662448,25,25,2.1390194346167846,25,37.5,2.7859915734089222,25,50,1.964724628996919,25,-50,2.3368680529322203,37.5,-37.5,2.0721803217363686,37.5,-25,1.8064089911570458,37.5,-12.5,1.3202828962634017,37.5,0,1.8649649880479293,37.5,12.5,1.384891714796874,37.5,25,1.9579642023600308,37.5,37.5,1.7521500830044467,37.5,50,1.9612458070143504,37.5,-50,0.9706666802958352,50,-37.5,0.4851803576939252,50,-25,2.4901583109021885,50,-12.5,3.3503351373039654,50,0,3.0440273653221084,50,12.5,2.7340547246033173,50,25,1.947290514872293,50,37.5,2.1810322247267857,50,50,2.7873995590925915,50],"center":{"x":600,"z":0},"lod":2,"index":6}