{"vertices":[-50,3.834272443127702,-50,-25,1.69873753497086,-50,0,1.7488846420746995,-50,25,1.7774308536172612,-50,50,3.40873402710713,-50,-50,3.1766201246500714,-25,-25,1.3672503263660474,-25,0,3.0418315767747117,-25,25,0.9220518980146153,-25,50,3.0356575285986764,-25,-50,4.046841381859849,0,-25,3.5895327658363385,0,0,3.6293566464883042,0,25,2.0278484437585576,0,50,2.3161793982581003,0,-50,1.7884568560839398,25,-25,2.355846408099751,25,0,3.8133526086312486,25,25,1.9415750417829258,25,50,2.952100459297071,25,-50,2.431311129403184,50,-25,3.8047547073074384,50,0,1.8258124827843858,50,25,2.76130594946153,50,50,3.610365513522993,50],"center":{"x":100,"z":300},"lod":3,"index":31}