{"vertices":[-50,3.4515257243037922,-50,-37.5,2.948260995444402,-50,-25,1.7250489297293825,-50,-12.5,1.7446012251792908,-50,0,2.8761810395371867,-50,12.5,2.9472460853770963,-50,25,3.1536090018198593,-50,37.5,2.6809033660938626,-50,50,2.3879668040171964,-50,-50,3.247173707272702,-37.5,-37.5,1.5416885895881836,-37.5,-25,2.2092933495645886,-37.5,-12.5,1.462132711594705,-37.5,0,2.85232898844745,-37.5,12.5,3.4846229834418176,-37.5,25,2.2890066295312184,-37.5,37.5,1.6860751760687307,-37.5,50,2.1056452776459307,-37.5,-50,1.8982432845950825,-25,-37.5,2.5627341875270266,-25,-25,1.3927999737643404,-25,-12.5,2.6154799137755367,-25,0,1.9857657286775066,-25,12.5,2.8807671759473994,-25,25,2.130084151212941,-25,37.5,2.833854131054313,-25,50,2.781104437817703,-25,-50,2.6880852732742717,-12.5,-37.5,2.275526992902073,-12.5,-25,1.3116403071663163,-12.5,-12.5,1.5459173336051757,-12.5,0,1.5991372007856353,-12.5,12.5,2.9690169961678397,-12.5,25,1.902700241251352,-12.5,37.5,2.0782547486042606,-12.5,50,2.7816309736132605,-12.5,-50,2.5072185758472187,0,-37.5,2.0539138928533114,0,-25,1.6733264031790895,0,-12.5,2.3959312572183618,0,0,2.746114465917344,0,12.5,3.2396539612593904,0,25,2.5506907345697982,0,37.5,1.0803569819610939,0,50,1.8960624856845243,0,-50,1.2814552712667695,12.5,-37.5,2.171525481538061,12.5,-25,1.9469979139001339,12.5,-12.5,2.46977180432567,12.5,0,3.123411410088353,12.5,12.5,3.3902546230020296,12.5,25,2.57064671593528,12.5,37.5,2.533831001170298,12.5,50,2.331903320765915,12.5,-50,1.9305016163707478,25,-37.5,2.6625796775341835,25,-25,2.0672843459033174,25,-12.5,2.3580827442361914,25,0,2.307991716588731,25,12.5,2.536459651384341,25,25,1.7220426740095718,25,37.5,1.3030166499724702,25,50,1.4686998648539884,25,-50,3.364819529585812,37.5,-37.5,2.7383421063457094,37.5,-25,1.8630969479813562,37.5,-12.5,1.7613388594043196,37.5,0,2.153295748717933,37.5,12.5,2.7100621697716756,37.5,25,2.3090262633670617,37.5,37.5,2.5315516037653567,37.5,50,2.713623381835321,37.5,-50,1.272452330958913,50,-37.5,2.898880675541891,50,-25,1.9919933977507753,50,-12.5,2.852378652590026,50,0,3.8158002826821757,50,12.5,2.849042996990833,50,25,2.9302683116839034,50,37.5,1.410944800625871,50,50,2.58556186388887,50],"center":{"x":300,"z":700},"lod":2,"index":73}