{"vertices":[-50,2.625078677010606,-50,-25,3.805174440421979,-50,0,2.0176372728747083,-50,25,3.805174440421979,-50,50,2.625078677010606,-50,-50,1.8107096541643841,-25,-25,2.466087103166501,-25,0,2.7317217789095594,-25,25,2.466087103166501,-25,50,1.8107096541643841,-25,-50,3.499564944577287,0,-25,1.8378265800856752,0,0,3.000698765317793,0,25,1.8378265800856752,0,50,3.499564944577287,0,-50,1.4592374552012188,25,-25,2.4805454018496675,25,0,3.8545913300913526,25,25,2.4805454018496675,25,50,1.4592374552012188,25,-50,3.834272443127702,50,-25,1.511691123523633,50,0,1.7511618934076978,50,25,1.511691123523633,50,50,3.834272443127702,50],"center":{"x":0,"z":200},"lod":3,"index":20}