{"vertices":[-50,3.542812584710191,-50,-25,3.6449297371291323,-50,0,3.3495662413042737,-50,25,3.6449297371291323,-50,50,3.542812584710191,-50,-50,2.919953285527299,-25,-25,2.2863659861468477,-25,0,2.228039880792494,-25,25,2.2863659861468477,-25,50,2.919953285527299,-25,-50,2.778364240002702,0,-25,2.948999017753522,0,0,3.2569045625132276,0,25,2.948999017753522,0,50,2.778364240002702,0,-50,2.032592414689134,25,-25,3.007611394205014,25,0,2.995684822599287,25,25,3.007611394205014,25,50,2.032592414689134,25,-50,3.108939944577287,50,-25,1.9495909514807863,50,0,3.656821330587263,50,25,1.9495909514807863,50,50,3.108939944577287,50],"center":{"x":0,"z":600},"lod":3,"index":60}