{"vertices":[-50,1.6732073266030056,-50,-37.5,1.7223144362595728,-50,-25,0.9325413771875901,-50,-12.5,2.2394193264292404,-50,0,2.6269210740429116,-50,12.5,2.0147742142361476,-50,25,2.1747888501704438,-50,37.5,1.7421910369607454,-50,50,2.9088407492236,-50,-50,1.4078648520220867,-37.5,-37.5,3.1264131111292706,-37.5,-25,1.9898352521759786,-37.5,-12.5,1.8101501668603968,-37.5,0,1.7076249553426548,-37.5,12.5,2.5172878316485248,-37.5,25,2.3116732454141333,-37.5,37.5,2.1528625793687657,-37.5,50,1.5735500595870966,-37.5,-50,2.3841682512284024,-25,-37.5,1.7898591843160958,-25,-25,2.8639755018957658,-25,-12.5,2.453353465410652,-25,0,2.063364522109623,-25,12.5,2.904645191325158,-25,25,2.6154008384764893,-25,37.5,2.85936440000555,-25,50,2.7352872228220804,-25,-50,1.0433335744382761,-12.5,-37.5,2.9621278761246836,-12.5,-25,2.3711374751504275,-12.5,-12.5,2.1829390466401173,-12.5,0,2.5738187816222213,-12.5,12.5,1.923453480541773,-12.5,25,2.242876997469541,-12.5,37.5,2.7548063975435317,-12.5,50,2.747491656964738,-12.5,-50,2.8197190601349575,0,-37.5,2.3003030948664454,0,-25,2.158444411397795,0,-12.5,2.3118494629612902,0,0,2.206434445033665,0,12.5,2.913147948866259,0,25,2.475379246097873,0,37.5,1.4549008998389708,0,50,3.053649935682188,0,-50,2.7956911161558136,12.5,-37.5,2.450269623352007,12.5,-25,2.6618852828466455,12.5,-12.5,2.7511992089883917,12.5,0,2.7145027026283843,12.5,12.5,2.836398360809323,12.5,25,2.8545261806688527,12.5,37.5,3.316459212002604,12.5,50,2.0486309807357186,12.5,-50,2.8932470519066555,25,-37.5,2.3428299052822457,25,-25,2.5589290627249284,25,-12.5,2.3262515356054116,25,0,3.3287672563892556,25,12.5,2.713340450575554,25,25,1.956922101599048,25,37.5,2.274445765587374,25,50,1.485026452501188,25,-50,1.2981868226076843,37.5,-37.5,1.169387697472388,37.5,-25,1.343370441218969,37.5,-12.5,2.543864893763369,37.5,0,2.570826363021478,37.5,12.5,2.1808749031489807,37.5,25,2.107951992428731,37.5,37.5,2.2655508750223667,37.5,50,3.232979938970141,37.5,-50,3.2897243339539273,50,-37.5,2.2558327180028,50,-25,2.084967679620604,50,-12.5,1.2847710663953136,50,0,4.017194347034092,50,12.5,2.539461688435348,50,25,2.8018920000613434,50,37.5,3.0971567514962044,50,50,1.4016523694590433,50],"center":{"x":900,"z":700},"lod":2,"index":79}