{"vertices":[-50,2.4147191707015736,-50,-37.5,3.2801773573070907,-50,-25,1.5611008455016417,-50,-12.5,3.581067273927415,-50,0,1.681448226372595,-50,12.5,3.2910044695224188,-50,25,2.6357040151924593,-50,37.5,4.1990713959436015,-50,50,1.5490618085459573,-50,-50,2.5478463642922455,-37.5,-37.5,1.1057928817852891,-37.5,-25,2.3224975566963826,-37.5,-12.5,2.8461675694194795,-37.5,0,2.1264118880971825,-37.5,12.5,2.084501619068695,-37.5,25,1.9967423882181685,-37.5,37.5,2.1405405840854312,-37.5,50,2.3450918190438315,-37.5,-50,2.3609215084434254,-25,-37.5,2.484546702330949,-25,-25,1.4616068352916045,-25,-12.5,1.7042943044712873,-25,0,2.8728264621895505,-25,12.5,2.4987804696524982,-25,25,2.2794328972668154,-25,37.5,1.7341557563206793,-25,50,2.7989935612276895,-25,-50,3.4515080295039624,-12.5,-37.5,2.2002489794443,-12.5,-25,1.9553941412824383,-12.5,-12.5,1.9171529289216553,-12.5,0,3.002462238266009,-12.5,12.5,2.293409459878655,-12.5,25,2.4355380752826408,-12.5,37.5,1.4572714501299344,-12.5,50,1.3563314108517366,-12.5,-50,2.2448790136695607,0,-37.5,2.036519646497859,0,-25,3.327350979016046,0,-12.5,3.227950451281012,0,0,0.7982054404419614,0,12.5,1.9075365223578988,0,25,2.0421436771721346,0,37.5,1.9039988827005885,0,50,1.7144560551241739,0,-50,2.1995224960242203,12.5,-37.5,3.004595707073948,12.5,-25,2.9472081945777022,12.5,-12.5,3.399193128721693,12.5,0,2.0398995489964,12.5,12.5,2.548138090122684,12.5,25,2.2000610799213143,12.5,37.5,2.3208634716035648,12.5,50,1.6720946543329516,12.5,-50,2.2068771783233387,25,-37.5,2.6069810756493217,25,-25,2.1294941653468413,25,-12.5,2.9984306145549944,25,0,1.3593414477509214,25,12.5,2.849527717025955,25,25,2.386807088550995,25,37.5,1.2479021707723117,25,50,2.694958720167051,25,-50,1.291417748289997,37.5,-37.5,2.0559036191219953,37.5,-25,2.7739751677222815,37.5,-12.5,2.8317878453448717,37.5,0,2.6019348922586256,37.5,12.5,1.4567035034972728,37.5,25,2.1557168218691194,37.5,37.5,2.2831558577511983,37.5,50,1.2213886885440353,37.5,-50,3.1203341547370655,50,-37.5,3.0048661762559545,50,-25,3.684663241074304,50,-12.5,3.7373862847663233,50,0,2.828582232396002,50,12.5,1.952255636764617,50,25,1.7976868495316012,50,37.5,2.721640225876116,50,50,2.7972769474581582,50],"center":{"x":500,"z":700},"lod":2,"index":75}