{"vertices":[-50,1.4888433290616376,-50,-25,1.9304788781300886,-50,0,1.5544822491210653,-50,25,2.4860565776907606,-50,50,0.8762538868904812,-50,-50,1.6192997170583112,-25,-25,1.9120760930672986,-25,0,1.9919511354964925,-25,25,2.9505780751787825,-25,50,1.408708437156747,-25,-50,0.7497373891965253,0,-25,2.6362798286572797,0,0,1.835695175032015,0,25,2.8027542347990675,0,50,3.003579421711038,0,-50,1.6192997170583112,25,-25,1.9120760930672986,25,0,1.9919511354964925,25,25,2.9505780751787825,25,50,1.408708437156747,25,-50,1.4888433290616376,50,-25,1.9304788781300886,50,0,1.5544822491210653,50,25,2.4860565776907606,50,50,0.8762538868904812,50],"center":{"x":800,"z":0},"lod":3,"index":8}