{"vertices":[-50,1.7527013940707548,-50,-37.5,2.3267045430509636,-50,-25,3.29141928050376,-50,-12.5,3.017690516162844,-50,0,0.970430919478531,-50,12.5,1.58817158614522,-50,25,1.002750819825451,-50,37.5,2.4571803627727777,-50,50,2.2110509935737355,-50,-50,1.406443650330521,-37.5,-37.5,2.423197362009808,-37.5,-25,2.273150874535091,-37.5,-12.5,2.0287388089328635,-37.5,0,2.7172778181361594,-37.5,12.5,2.9406723880339842,-37.5,25,0.901886839861543,-37.5,37.5,1.5341166159445427,-37.5,50,2.0558807763269686,-37.5,-50,2.1315368933574064,-25,-37.5,2.6728473192968316,-25,-25,2.9809582063899143,-25,-12.5,1.9829309233288073,-25,0,1.901171156714554,-25,12.5,3.557626734011319,-25,25,1.654162979029934,-25,37.5,2.4907194559591534,-25,50,1.639525598657201,-25,-50,3.2431855442926154,-12.5,-37.5,2.9444842074550497,-12.5,-25,2.686541635934725,-12.5,-12.5,1.720697085062545,-12.5,0,2.8785003422994353,-12.5,12.5,1.784760539391479,-12.5,25,2.3740122455444848,-12.5,37.5,3.023941395229026,-12.5,50,3.0878694456598446,-12.5,-50,2.5705000681773527,0,-37.5,2.2822806410559497,0,-25,1.0339332947478397,0,-12.5,2.068525064332575,0,0,1.6497829049330903,0,12.5,1.925265149725244,0,25,2.5637714325421257,0,37.5,2.449042404411771,0,50,2.2115019027114613,0,-50,2.914193807658746,12.5,-37.5,3.266376436607301,12.5,-25,2.487468567342261,12.5,-12.5,1.849787698248842,12.5,0,2.5350365893302227,12.5,12.5,3.435975276228386,12.5,25,2.48661762103667,12.5,37.5,2.6841491119721415,12.5,50,2.8108263660171833,12.5,-50,1.8440240545169218,25,-37.5,2.2186098927947078,25,-25,1.2919354269251926,25,-12.5,1.6035009374022546,25,0,2.1366610615950776,25,12.5,2.5742685828104825,25,25,2.2994434594147606,25,37.5,1.334242480704543,25,50,2.4534958664298756,25,-50,2.349802215501712,37.5,-37.5,1.681064776178759,37.5,-25,2.481195191478061,37.5,-12.5,1.6629254573356698,37.5,0,2.2503148657788197,37.5,12.5,1.5032619563071852,37.5,25,3.3943492523249126,37.5,37.5,3.1834820652420914,37.5,50,1.703335922065183,37.5,-50,2.3879668040171964,50,-37.5,2.6039188985577004,50,-25,1.8262700566992862,50,-12.5,2.3169326244690085,50,0,3.286572346041794,50,12.5,1.5536224859913725,50,25,2.1464337169163628,50,37.5,1.543941488657711,50,50,2.4147191707015736,50],"center":{"x":400,"z":600},"lod":2,"index":64}