{"vertices":[-50,3.834272443127702,-50,-25,1.511691123523633,-50,0,1.7511618934076978,-50,25,1.511691123523633,-50,50,3.834272443127702,-50,-50,3.1766201246500714,-25,-25,2.973883211889188,-25,0,2.534177382985945,-25,25,2.973883211889188,-25,50,3.1766201246500714,-25,-50,4.046841381859849,0,-25,3.120311409511487,0,0,3.5207752190035535,0,25,3.120311409511487,0,50,4.046841381859849,0,-50,1.7884568560839398,25,-25,2.4146927001856966,25,0,3.093273421327467,25,25,2.4146927001856966,25,50,1.7884568560839398,25,-50,2.431311129403184,50,-25,2.8316577377700014,50,0,1.9953379831713391,50,25,2.8316577377700014,50,50,2.431311129403184,50],"center":{"x":0,"z":300},"lod":3,"index":30}