{"vertices":[-50,1.7651966882840497,-50,-25,1.8770957661763532,-50,0,3.081085947851534,-50,25,0.6215195770346327,-50,50,3.920222564411233,-50,-50,1.8082667065755231,-25,-25,1.7379902971879346,-25,0,3.041647938589449,-25,25,2.25440506292216,-25,50,2.68355165309913,-25,-50,2.554816074480186,0,-25,2.402814693559776,0,0,1.5856140531104757,0,25,1.880303513535182,0,50,1.171470626068185,0,-50,1.4626804662839277,25,-25,2.2444026840821607,25,0,3.056758610109682,25,25,1.9384873325907392,25,50,1.381705446910928,25,-50,1.786359615434776,50,-25,2.217601902593742,50,0,2.4205493606132222,50,25,3.2146223301970167,50,50,1.8508145648956997,50],"center":{"x":800,"z":300},"lod":3,"index":38}