{"vertices":[-50,1.2626777280092938,-50,-37.5,1.6251752511802744,-50,-25,2.626825961560826,-50,-12.5,2.9095186924218144,-50,0,1.2420305847626878,-50,12.5,3.0723191075571252,-50,25,1.9742346618295414,-50,37.5,2.538386149480547,-50,50,0.7721225654677255,-50,-50,1.6682532181425136,-37.5,-37.5,1.6116451725310446,-37.5,-25,2.8497938846407385,-37.5,-12.5,2.484829930587265,-37.5,0,1.9531113747988706,-37.5,12.5,2.6218424955759057,-37.5,25,2.2458671902732066,-37.5,37.5,3.318870776237696,-37.5,50,3.2955648907363373,-37.5,-50,2.538924335312913,-25,-37.5,2.3409864727814327,-25,-25,1.6932269365497632,-25,-12.5,2.3419328932851773,-25,0,2.56091746086895,-25,12.5,1.2285493389978455,-25,25,1.2430622491956456,-25,37.5,2.278006184340186,-25,50,2.027769211490522,-25,-50,3.4574928283913997,-12.5,-37.5,1.062957843328999,-12.5,-25,1.623626715544158,-12.5,-12.5,2.80218329371398,-12.5,0,2.3998747664951274,-12.5,12.5,1.618521669767571,-12.5,25,2.401611581376763,-12.5,37.5,2.847943544836818,-12.5,50,3.2910240197958145,-12.5,-50,2.9054326999903424,0,-37.5,3.235188102727344,0,-25,2.7068070501991315,0,-12.5,1.8189479399676942,0,0,2.0031643151742173,0,12.5,2.231827406733871,0,25,2.2778040979028447,0,37.5,2.266013805066298,0,50,3.9842618739203317,0,-50,3.4931256193194518,12.5,-37.5,1.5456865919823712,12.5,-25,1.891096868907724,12.5,-12.5,2.0598331883543484,12.5,0,3.2223433584992422,12.5,12.5,1.5727710470536715,12.5,25,1.460447324683859,12.5,37.5,2.001976797130834,12.5,50,2.851708184465629,12.5,-50,2.1467141497851117,25,-37.5,2.5100442385243946,25,-25,2.9591395885654492,25,-12.5,2.5911483007451275,25,0,3.006856465290184,25,12.5,2.3433605307850485,25,25,2.1057608041883213,25,37.5,0.7969820166602073,25,50,3.4228960907057626,25,-50,3.5057751868755975,37.5,-37.5,1.9482545848260195,37.5,-25,3.375487030809486,37.5,-12.5,2.3208619340431933,37.5,0,2.837615739819188,37.5,12.5,2.5848404330020336,37.5,25,2.261834560875256,37.5,37.5,2.1192630542339175,37.5,50,2.1926993530005183,37.5,-50,2.625078677010606,50,-37.5,2.8042310794290626,50,-25,1.7246372432418866,50,-12.5,1.4468239545745185,50,0,2.1451097964745713,50,12.5,2.657813466440508,50,25,3.2389072392106755,50,37.5,2.765319645307281,50,50,1.7462612425879342,50],"center":{"x":100,"z":900},"lod":2,"index":91}