{"vertices":[-50,2.939058809351991,-50,-37.5,2.0163495948978656,-50,-25,1.7828952840500278,-50,-12.5,2.5498435758668343,-50,0,2.2102888818335487,-50,12.5,2.4265291394673074,-50,25,1.531300537099014,-50,37.5,1.799741439932612,-50,50,1.5539566351071699,-50,-50,3.6988456073706484,-37.5,-37.5,2.2771008880034014,-37.5,-25,1.8996879140093648,-37.5,-12.5,2.176422705457011,-37.5,0,1.9389591063250662,-37.5,12.5,2.664694644673097,-37.5,25,2.5126224526878707,-37.5,37.5,2.129665251281912,-37.5,50,3.214494842142213,-37.5,-50,1.9297152448416455,-25,-37.5,2.5454982477395296,-25,-25,3.246118234746973,-25,-12.5,1.2121043473947093,-25,0,3.4067573543143226,-25,12.5,2.255390893603302,-25,25,2.4888946039573057,-25,37.5,1.2490939119671987,-25,50,2.459342546571861,-25,-50,1.92705997395859,-12.5,-37.5,1.9812912712044533,-12.5,-25,2.295813359075855,-12.5,-12.5,1.712167632757313,-12.5,0,1.584448697673389,-12.5,12.5,1.938877772176511,-12.5,25,2.2258072056675737,-12.5,37.5,1.903118532831979,-12.5,50,1.4906666041330254,-12.5,-50,3.8535213161230786,0,-37.5,0.9402809794687051,0,-25,1.2679934076004429,0,-12.5,2.2907101505054888,0,0,1.1370396013808204,0,12.5,3.1442086029484373,0,25,2.910729042996536,0,37.5,3.177856715232065,0,50,1.3526762200490339,0,-50,1.9156217234747575,12.5,-37.5,2.3732423509704255,12.5,-25,2.168348269209224,12.5,-12.5,2.371724090094679,12.5,0,1.5620254302150283,12.5,12.5,2.1796223703396125,12.5,25,1.585286183414401,12.5,37.5,1.954162442336712,12.5,50,1.6538877484932182,12.5,-50,1.9151946593046887,25,-37.5,2.037413074494105,25,-25,1.9711313716106815,25,-12.5,3.272405877830681,25,0,3.6986505384993507,25,12.5,2.0183178152001275,25,25,3.552435777892242,25,37.5,2.544601411013084,25,50,1.6619018388882978,25,-50,3.4822241031557226,37.5,-37.5,3.2837794530293776,37.5,-25,1.89618260148002,37.5,-12.5,2.867411868253762,37.5,0,2.723358961450921,37.5,12.5,1.626283786981305,37.5,25,1.9583644186011604,37.5,37.5,2.3422374762481137,37.5,50,0.7740402823886949,37.5,-50,1.1421966243506176,50,-37.5,3.0131413436717622,50,-25,2.9854920080833836,50,-12.5,2.732661197254381,50,0,3.314157068307395,50,12.5,2.6228429905357524,50,25,1.6546896023646696,50,37.5,2.6263739939546014,50,50,3.365891046632896,50],"center":{"x":700,"z":500},"lod":2,"index":57}