{"vertices":[-50,1.2626777280092938,-50,-25,2.585860997714917,-50,0,2.224184354345198,-50,25,2.585860997714917,-50,50,1.2626777280092938,-50,-50,1.555926917862962,-25,-25,2.1802738907717867,-25,0,1.790829380552168,-25,25,2.1802738907717867,-25,50,1.555926917862962,-25,-50,2.13720899708278,0,-25,1.6025575104140444,0,0,1.1392683587473584,0,25,1.6025575104140444,0,50,2.13720899708278,0,-50,1.555926917862962,25,-25,2.1802738907717867,25,0,1.790829380552168,25,25,2.1802738907717867,25,50,1.555926917862962,25,-50,1.2626777280092938,50,-25,2.585860997714917,50,0,2.224184354345198,50,25,2.585860997714917,50,50,1.2626777280092938,50],"center":{"x":0,"z":0},"lod":3,"index":0}