{"vertices":[-50,2.0796173734561307,-50,-37.5,2.0489316669086257,-50,-25,2.1188993582472904,-50,-12.5,1.985293215349998,-50,0,1.4834802835684968,-50,12.5,2.7165728320470577,-50,25,2.5516597687237663,-50,37.5,1.9106814515514337,-50,50,2.6419270101905568,-50,-50,1.8162321577603702,-37.5,-37.5,1.7651461285016934,-37.5,-25,2.084947804735987,-37.5,-12.5,1.6653014771050645,-37.5,0,2.6003665458744973,-37.5,12.5,1.4335420325604682,-37.5,25,2.4450118383727846,-37.5,37.5,3.233092114888569,-37.5,50,1.9798262772962307,-37.5,-50,1.7551824374095304,-25,-37.5,2.452020700735634,-25,-25,2.074010355208884,-25,-12.5,1.972333623594095,-25,0,3.040343472312088,-25,12.5,2.1685995154205844,-25,25,2.3397511004441185,-25,37.5,2.5821684712266575,-25,50,2.3652657929778798,-25,-50,2.0806881249670144,-12.5,-37.5,3.4733822038407696,-12.5,-25,2.12779074161336,-12.5,-12.5,2.0629398174209186,-12.5,0,3.1398727692729818,-12.5,12.5,2.33521993416671,-12.5,25,2.2020634898616125,-12.5,37.5,3.3292474033031914,-12.5,50,2.4815208568487552,-12.5,-50,3.5802540106669767,0,-37.5,2.9366250179493756,0,-25,1.2994707951293094,0,-12.5,2.144037405486174,0,0,2.9470362752181245,0,12.5,2.5337422262127287,0,25,2.9154972492688103,0,37.5,2.4259201082098625,0,50,2.63878018296964,0,-50,2.5292573737220025,12.5,-37.5,2.6667254557668416,12.5,-25,2.5103527241849726,12.5,-12.5,2.413011386439258,12.5,0,1.3012291646851528,12.5,12.5,2.6694117726697146,12.5,25,2.295076271931319,12.5,37.5,1.3192732967693823,12.5,50,3.2047897771030383,12.5,-50,2.3648863954440458,25,-37.5,2.0561835269011657,25,-25,2.7299582788691623,25,-12.5,2.390122919444165,25,0,1.7169954865676118,25,12.5,2.2383082161345933,25,25,1.6923069714539452,25,37.5,1.8215488730332225,25,50,1.9573122326255543,25,-50,2.0527055287388145,37.5,-37.5,2.3477107786892644,37.5,-25,2.7471723944795716,37.5,-12.5,2.2315381035824933,37.5,0,2.5641245915214577,37.5,12.5,2.693052859528912,37.5,25,1.7711840986561322,37.5,37.5,1.6071759407787223,37.5,50,1.7214790701714073,37.5,-50,1.2915429396525724,50,-37.5,2.8230030209131862,50,-25,2.4677149781928165,50,-12.5,1.948305242974657,50,0,1.4290162413817598,50,12.5,2.5921505635977504,50,25,1.1440731345646782,50,37.5,1.2528015157996881,50,50,2.379286593568395,50],"center":{"x":400,"z":200},"lod":2,"index":24}