{"vertices":[-50,3.0693869030073984,-50,-37.5,1.62602118999593,-50,-25,2.9653013467759592,-50,-12.5,3.9744761261121733,-50,0,2.836272898639436,-50,12.5,0.9941299508964534,-50,25,2.2352852665790124,-50,37.5,1.8086820227369644,-50,50,2.721802747619222,-50,-50,1.801699702797028,-37.5,-37.5,3.0831314439090263,-37.5,-25,2.7056742855868796,-37.5,-12.5,2.736131664303123,-37.5,0,1.6560601439335048,-37.5,12.5,3.38353413780205,-37.5,25,2.254853838798,-37.5,37.5,1.9715603247992752,-37.5,50,2.6126241907646968,-37.5,-50,2.659483078678022,-25,-37.5,3.273524613173832,-25,-25,2.5351559340924723,-25,-12.5,1.9937700636486415,-25,0,2.00706142517447,-25,12.5,2.884214688294764,-25,25,2.3413214825995965,-25,37.5,1.800909189925092,-25,50,1.550956821811269,-25,-50,2.38695632865216,-12.5,-37.5,3.054176044156316,-12.5,-25,2.2911644458153804,-12.5,-12.5,2.5806016434795263,-12.5,0,3.7251867389938935,-12.5,12.5,2.78236014085397,-12.5,25,2.267679978648039,-12.5,37.5,1.4336240925392119,-12.5,50,2.7305345430564487,-12.5,-50,1.8713237082556589,0,-37.5,3.723312715408007,0,-25,2.831276726719807,0,-12.5,2.1305347180021226,0,0,1.5717368158948375,0,12.5,3.1027620082988525,0,25,1.6411932551272912,0,37.5,2.134226409895695,0,50,3.136182284724782,0,-50,3.4629578060383452,12.5,-37.5,2.007364143820995,12.5,-25,2.3062886695883815,12.5,-12.5,2.3693722616770616,12.5,0,2.922322951392211,12.5,12.5,1.5680010343855877,12.5,25,2.215369845960905,12.5,37.5,2.95636696481453,12.5,50,1.9098460266021076,12.5,-50,2.1980194484785898,25,-37.5,2.720556343519032,25,-25,2.3758619248837927,25,-12.5,2.184911755065922,25,0,2.679233435119386,25,12.5,1.469504693168449,25,25,2.2805605077155633,25,37.5,1.737447776197968,25,50,2.297988093268941,25,-50,3.399463399939824,37.5,-37.5,1.0442220877282886,37.5,-25,2.272448729537094,37.5,-12.5,2.8046017524985105,37.5,0,1.340245297298703,37.5,12.5,2.555040702667872,37.5,25,2.2725924775002726,37.5,37.5,2.987716277045699,37.5,50,2.775495327253388,37.5,-50,1.4094461237982614,50,-37.5,3.0338905691189053,50,-25,1.3754800677270396,50,-12.5,1.3623054902368437,50,0,1.3099669251096202,50,12.5,2.5722739674478676,50,25,3.5706108056911035,50,37.5,3.0927039924784028,50,50,0.44395492113835644,50],"center":{"x":200,"z":500},"lod":2,"index":52}