{"vertices":[-50,0.7721225654677255,-50,-25,4.109268259999226,-50,0,3.1823887261998607,-50,25,2.6793839775928063,-50,50,3.6386020544887288,-50,-50,2.061866644580732,-25,-25,2.208344560858677,-25,0,1.7211170825612498,-25,25,2.6414418959029717,-25,50,2.7607165340305073,-25,-50,4.134085599143873,0,-25,2.856629860398243,0,0,3.310796800578828,0,25,1.885525509060244,0,50,1.6454656485439045,0,-50,2.061866644580732,25,-25,2.208344560858677,25,0,1.7211170825612498,25,25,2.6414418959029717,25,50,2.7607165340305073,25,-50,0.7721225654677255,50,-25,4.109268259999226,50,0,3.1823887261998607,50,25,2.6793839775928063,50,50,3.6386020544887288,50],"center":{"x":200,"z":0},"lod":3,"index":2}