{"vertices":[-50,1.4888433290616376,-50,-25,1.9304788781300886,-50,0,1.5544822491210653,-50,25,2.4860565776907606,-50,50,0.8762538868904812,-50,-50,2.638175554384361,-25,-25,2.58330456148542,-25,0,3.2035818375152303,-25,25,1.740707200297038,-25,50,3.585200651359628,-25,-50,1.213932104219566,0,-25,1.8105638695851667,0,0,1.9986968911689473,0,25,2.04706538868777,0,50,0.6604406673432095,0,-50,1.48470557462133,25,-25,1.952486552108894,25,0,3.1440984881919576,25,25,1.5510344917856855,25,50,1.5179855067253811,25,-50,3.1502426339284284,50,-25,2.9898337198392255,50,0,2.3568272269767476,50,25,1.390096735485713,50,50,2.349948628616403,50],"center":{"x":800,"z":900},"lod":3,"index":98}