{"vertices":[-50,0.44395492113835644,-50,-37.5,2.080710786022566,-50,-25,1.8014886083983583,-50,-12.5,2.4273375092561618,-50,0,3.013965222562547,-50,12.5,2.8599079642591496,-50,25,2.9207637550280197,-50,37.5,2.148895492733514,-50,50,1.7527013940707548,-50,-50,2.206483991410656,-37.5,-37.5,3.0178876127209966,-37.5,-25,2.7165098382085495,-37.5,-12.5,2.2788541271993115,-37.5,0,3.099173876960885,-37.5,12.5,1.9677036043506835,-37.5,25,1.4342370822064758,-37.5,37.5,1.6394450073432427,-37.5,50,1.406443650330521,-37.5,-50,3.502415573966573,-25,-37.5,1.974733567769098,-25,-25,2.3667264583491487,-25,-12.5,2.38232513153832,-25,0,2.208029362882371,-25,12.5,3.231812266732022,-25,25,2.1721480431006057,-25,37.5,2.231331244104842,-25,50,2.1315368933574064,-25,-50,1.9548692347646377,-12.5,-37.5,2.9025238272474447,-12.5,-25,1.892000446423074,-12.5,-12.5,2.805603691303868,-12.5,0,3.664628757296332,-12.5,12.5,2.887820729786555,-12.5,25,2.701765433392691,-12.5,37.5,1.8719717260388313,-12.5,50,3.2431855442926154,-12.5,-50,0.9444291952968342,0,-37.5,2.67141660837541,0,-25,3.311162799873273,0,-12.5,3.6641092195907943,0,0,3.7424564692628337,0,12.5,2.5488594422592046,0,25,2.582226062004338,0,37.5,2.3609026797852617,0,50,2.5705000681773527,0,-50,2.6965740758629635,12.5,-37.5,1.7161860237745097,12.5,-25,2.624232717944039,12.5,-12.5,3.4432427959347494,12.5,0,2.2505781589434357,12.5,12.5,2.998427611126454,12.5,25,1.1375100544022974,12.5,37.5,1.8518214446029326,12.5,50,2.914193807658746,12.5,-50,1.675463772189687,25,-37.5,3.5111643467811855,25,-25,2.1457076671504183,25,-12.5,2.382628970987583,25,0,2.265569600785966,25,12.5,2.8431494487407267,25,25,3.188568765108357,25,37.5,1.59446823236269,25,50,1.8440240545169218,25,-50,2.0043203679546022,37.5,-37.5,2.8685122313265183,37.5,-25,1.0424628409457823,37.5,-12.5,1.8810995236840204,37.5,0,3.3135711249822086,37.5,12.5,3.4025248058448176,37.5,25,2.2595272977940386,37.5,37.5,2.0654816375339493,37.5,50,2.349802215501712,37.5,-50,3.4515257243037922,50,-37.5,2.948260995444402,50,-25,1.7250489297293825,50,-12.5,1.7446012251792908,50,0,2.8761810395371867,50,12.5,2.9472460853770963,50,25,3.1536090018198593,50,37.5,2.6809033660938626,50,50,2.3879668040171964,50],"center":{"x":300,"z":600},"lod":2,"index":63}