{"vertices":[-50,1.786359615434776,-50,-25,2.217601902593742,-50,0,2.4205493606132222,-50,25,3.2146223301970167,-50,50,1.8508145648956997,-50,-50,1.0511974168912275,-25,-25,2.396527148594032,-25,0,1.94569644103467,-25,25,2.478799563177745,-25,50,2.564850493145059,-25,-50,0.8917549921170576,0,-25,3.0317149234906537,0,0,2.731320527891512,0,25,2.5933547730528517,0,50,3.7796473938942654,0,-50,1.7228651715413434,25,-25,2.2873695863381727,25,0,1.8115266836684896,25,25,2.7430096681200666,25,50,2.1121445734024746,25,-50,1.5539566351071699,50,-25,2.2856307698384626,50,0,2.7980079926055623,50,25,2.280319225319545,50,50,1.5070581871987088,50],"center":{"x":800,"z":400},"lod":3,"index":48}