{"vertices":[-50,3.108939944577287,-50,-37.5,3.745020769653629,-50,-25,1.9495909514807863,-50,-12.5,2.976585628826518,-50,0,3.656821330587263,-50,12.5,2.976585628826518,-50,25,1.9495909514807863,-50,37.5,3.745020769653629,-50,50,3.108939944577287,-50,-50,1.5360143083986673,-37.5,-37.5,1.7408705817345214,-37.5,-25,2.279286934264227,-37.5,-12.5,2.8812020629310595,-37.5,0,2.0977053639962264,-37.5,12.5,2.8812020629310595,-37.5,25,2.279286934264227,-37.5,37.5,1.7408705817345214,-37.5,50,1.5360143083986673,-37.5,-50,3.0317319620371563,-25,-37.5,1.6210325163573,-25,-25,2.745889485158841,-25,-12.5,3.136816233865758,-25,0,2.4299491248530103,-25,12.5,3.136816233865758,-25,25,2.745889485158841,-25,37.5,1.6210325163573,-25,50,3.0317319620371563,-25,-50,1.4898403138432392,-12.5,-37.5,2.3742903650915066,-12.5,-25,2.490857099225137,-12.5,-12.5,2.3027481777021124,-12.5,0,1.5042227401623778,-12.5,12.5,2.3027481777021124,-12.5,25,2.490857099225137,-12.5,37.5,2.3742903650915066,-12.5,50,1.4898403138432392,-12.5,-50,1.9823975551844342,0,-37.5,1.5388837282306542,0,-25,2.2264241280936403,0,-12.5,3.1799071088161295,0,0,3.906659265558119,0,12.5,3.1799071088161295,0,25,2.2264241280936403,0,37.5,1.5388837282306542,0,50,1.9823975551844342,0,-50,3.134853498651815,12.5,-37.5,2.6618007917862574,12.5,-25,2.480217471515372,12.5,-12.5,3.4078895282305064,12.5,0,3.095094092303566,12.5,12.5,3.4078895282305064,12.5,25,2.480217471515372,12.5,37.5,2.6618007917862574,12.5,50,3.134853498651815,12.5,-50,2.754878221821855,25,-37.5,2.1269043216283072,25,-25,2.3436141612910433,25,-12.5,2.6932713880418775,25,0,2.9106364450854016,25,12.5,2.6932713880418775,25,25,2.3436141612910433,25,37.5,2.1269043216283072,25,50,2.754878221821855,25,-50,2.7724566645012274,37.5,-37.5,2.835408350226122,37.5,-25,2.862138542878392,37.5,-12.5,3.471881558502863,37.5,0,3.220842700922897,37.5,12.5,3.471881558502863,37.5,25,2.862138542878392,37.5,37.5,2.835408350226122,37.5,50,2.7724566645012274,37.5,-50,3.442288159203599,50,-37.5,1.9157798565604975,50,-25,2.176472753562848,50,-12.5,1.9865284959838259,50,0,1.9475887022417737,50,12.5,1.9865284959838259,50,25,2.176472753562848,50,37.5,1.9157798565604975,50,50,3.442288159203599,50],"center":{"x":0,"z":700},"lod":2,"index":70}