{"vertices":[-50,2.190860204209457,-50,-37.5,3.559422144919554,-50,-25,2.1716146001563175,-50,-12.5,2.2468887398137993,-50,0,1.4384194701415254,-50,12.5,2.2009791955861493,-50,25,1.6206897555821342,-50,37.5,1.1008290103402172,-50,50,3.368196791780065,-50,-50,3.2485662037821523,-37.5,-37.5,3.0860328101773824,-37.5,-25,2.2892455117918433,-37.5,-12.5,2.012512402963698,-37.5,0,3.253516849989593,-37.5,12.5,2.123337352257246,-37.5,25,2.7737953360292424,-37.5,37.5,2.6550391113708702,-37.5,50,2.619242285472001,-37.5,-50,1.786541335095535,-25,-37.5,3.094573704159836,-25,-25,2.196930629943381,-25,-12.5,1.5574438740724819,-25,0,2.6957025616866304,-25,12.5,2.126604162250782,-25,25,1.4114713429444237,-25,37.5,2.8093355398856215,-25,50,2.779652482640813,-25,-50,2.280883218830993,-12.5,-37.5,1.9968695267834156,-12.5,-25,2.004971391731405,-12.5,-12.5,2.2777250007229664,-12.5,0,3.0267821508932116,-12.5,12.5,2.0955425468090594,-12.5,25,2.3151640331223717,-12.5,37.5,1.9080546410664045,-12.5,50,2.0859397019864505,-12.5,-50,2.419328383912216,0,-37.5,1.678720361701866,0,-25,1.7042483219847782,0,-12.5,1.652191068987039,0,0,1.833153018305893,0,12.5,1.7376170794773083,0,25,3.353960937165539,0,37.5,3.5118387784928755,0,50,1.5430906478286488,0,-50,2.280883218830993,12.5,-37.5,1.9968695267834156,12.5,-25,2.004971391731405,12.5,-12.5,2.2777250007229664,12.5,0,3.0267821508932116,12.5,12.5,2.0955425468090594,12.5,25,2.3151640331223717,12.5,37.5,1.9080546410664045,12.5,50,2.0859397019864505,12.5,-50,1.786541335095535,25,-37.5,3.094573704159836,25,-25,2.196930629943381,25,-12.5,1.5574438740724819,25,0,2.6957025616866304,25,12.5,2.126604162250782,25,25,1.4114713429444237,25,37.5,2.8093355398856215,25,50,2.779652482640813,25,-50,3.2485662037821523,37.5,-37.5,3.0860328101773824,37.5,-25,2.2892455117918433,37.5,-12.5,2.012512402963698,37.5,0,3.253516849989593,37.5,12.5,2.123337352257246,37.5,25,2.7737953360292424,37.5,37.5,2.6550391113708702,37.5,50,2.619242285472001,37.5,-50,2.190860204209457,50,-37.5,3.559422144919554,50,-25,2.1716146001563175,50,-12.5,2.2468887398137993,50,0,1.4384194701415254,50,12.5,2.2009791955861493,50,25,1.6206897555821342,50,37.5,1.1008290103402172,50,50,3.368196791780065,50],"center":{"x":400,"z":0},"lod":2,"index":4}