{"vertices":[-50,2.3879668040171964,-50,-25,1.8262700566992862,-50,0,3.286572346041794,-50,25,2.1464337169163628,-50,50,2.4147191707015736,-50,-50,2.781104437817703,-25,-25,3.0047586390719516,-25,0,3.1422706931334687,-25,25,2.18766299476556,-25,50,2.3609215084434254,-25,-50,1.8960624856845243,0,-25,2.921899987195502,0,0,1.3123607128363801,0,25,2.339977747105877,0,50,2.2448790136695607,0,-50,1.4686998648539884,25,-25,2.2332498261675937,25,0,1.9657724588614656,25,25,1.2957569717400474,25,50,2.2068771783233387,25,-50,2.58556186388887,50,-25,2.524287236665259,50,0,2.8836351125937654,50,25,2.592784589432995,50,50,3.1203341547370655,50],"center":{"x":400,"z":700},"lod":3,"index":74}