{"vertices":[-50,2.0454561401129467,-50,-37.5,2.180883453927759,-50,-25,1.8387606314354343,-50,-12.5,2.41805452927394,-50,0,1.4071553345274879,-50,12.5,2.2099468661066246,-50,25,1.6281655354396207,-50,37.5,1.824973349590934,-50,50,1.786359615434776,-50,-50,1.5473632052473913,-37.5,-37.5,2.012374134679863,-37.5,-25,2.2816354861189403,-37.5,-12.5,2.983116109683369,-37.5,0,3.0879471744444773,-37.5,12.5,2.5213023669823214,-37.5,25,2.587310481330249,-37.5,37.5,2.6131094888484885,-37.5,50,2.500641770255826,-37.5,-50,3.0050024080992443,-25,-37.5,2.992898871267886,-25,-25,2.5666941276722355,-25,-12.5,2.558217838853497,-25,0,3.3812265987944556,-25,12.5,2.1784056906738605,-25,25,2.7405296189681394,-25,37.5,2.1246050855637826,-25,50,1.0511974168912275,-25,-50,1.7581287406671051,-12.5,-37.5,3.2439174284680616,-12.5,-25,2.9684220535674926,-12.5,-12.5,2.6430624312667246,-12.5,0,3.4496503975407187,-12.5,12.5,2.706495046776224,-12.5,25,2.1426323519658563,-12.5,37.5,2.4834592335435484,-12.5,50,3.0628457602568737,-12.5,-50,3.873955278468202,0,-37.5,1.418174723988435,0,-25,2.521756546848337,0,-12.5,3.2556916487934195,0,0,3.538725614125724,0,12.5,0.8810191797814981,0,25,1.7097642941371305,0,37.5,1.5997657237705094,0,50,0.8917549921170576,0,-50,2.4101641903363222,12.5,-37.5,3.4597585756746185,12.5,-25,2.5708177045141904,12.5,-12.5,3.0032061526074285,12.5,0,2.7621457722827216,12.5,12.5,2.6509002975681417,12.5,25,1.973506761059451,12.5,37.5,2.2865956569587107,12.5,50,2.276409906652401,12.5,-50,0.5190938401938183,25,-37.5,2.369178371568987,25,-25,2.6107479206257267,25,-12.5,2.5862155203290293,25,0,2.263042568738456,25,12.5,2.1420719085984725,25,25,2.0800082309142454,25,37.5,2.5649050674995366,25,50,1.7228651715413434,25,-50,3.124140391003043,37.5,-37.5,3.488644354950222,37.5,-25,1.038216974027204,37.5,-12.5,2.899756290003785,37.5,0,1.1402190530166727,37.5,12.5,2.9521651928797796,37.5,25,2.314952634193437,37.5,37.5,1.986743323504958,37.5,50,2.447825092134198,37.5,-50,2.939058809351991,50,-37.5,2.0163495948978656,50,-25,1.7828952840500278,50,-12.5,2.5498435758668343,50,0,2.2102888818335487,50,12.5,2.4265291394673074,50,25,1.531300537099014,50,37.5,1.799741439932612,50,50,1.5539566351071699,50],"center":{"x":700,"z":400},"lod":2,"index":47}