{"vertices":[-50,2.431311129403184,-50,-37.5,2.4595088443561703,-50,-25,2.8316577377700014,-50,-12.5,1.9921985487324567,-50,0,1.9953379831713391,-50,12.5,1.9921985487324567,-50,25,2.8316577377700014,-50,37.5,2.4595088443561703,-50,50,2.431311129403184,-50,-50,3.126452041360529,-37.5,-37.5,1.604495562734121,-37.5,-25,1.6429897803332678,-37.5,-12.5,2.8139736698614426,-37.5,0,2.8444244175865507,-37.5,12.5,2.8139736698614426,-37.5,25,1.6429897803332678,-37.5,37.5,1.604495562734121,-37.5,50,3.126452041360529,-37.5,-50,1.485138355565141,-25,-37.5,2.130515618088123,-25,-25,2.677857637681882,-25,-12.5,2.4829344279844405,-25,0,2.152051111261244,-25,12.5,2.4829344279844405,-25,25,2.677857637681882,-25,37.5,2.130515618088123,-25,50,1.485138355565141,-25,-50,2.617256604369299,-12.5,-37.5,2.8252600160691848,-12.5,-25,3.128940246675681,-12.5,-12.5,3.4805668742800986,-12.5,0,3.0379640442945344,-12.5,12.5,3.4805668742800986,-12.5,25,3.128940246675681,-12.5,37.5,2.8252600160691848,-12.5,50,2.617256604369299,-12.5,-50,3.344719230008195,0,-37.5,2.743655564837354,0,-25,1.898300260581891,0,-12.5,2.974018841959233,0,0,2.679653843442793,0,12.5,2.974018841959233,0,25,1.898300260581891,0,37.5,2.743655564837354,0,50,3.344719230008195,0,-50,3.575109818662746,12.5,-37.5,1.8129919916746773,12.5,-25,1.6278907926965536,12.5,-12.5,2.491269122646495,12.5,0,1.3904189454277156,12.5,12.5,2.491269122646495,12.5,25,1.6278907926965536,12.5,37.5,1.8129919916746773,12.5,50,3.575109818662746,12.5,-50,2.807992814850877,25,-37.5,2.4413210053087226,25,-25,1.8919101956271334,25,-12.5,2.8635038297620063,25,0,2.2161025605601026,25,12.5,2.8635038297620063,25,25,1.8919101956271334,25,37.5,2.4413210053087226,25,50,2.807992814850877,25,-50,2.586524542090066,37.5,-37.5,1.9511653275190661,37.5,-25,2.572170337799787,37.5,-12.5,1.9605016860341902,37.5,0,2.932344009967609,37.5,12.5,1.9605016860341902,37.5,25,2.572170337799787,37.5,37.5,1.9511653275190661,37.5,50,2.586524542090066,37.5,-50,2.559299289059709,50,-37.5,2.9802460887733986,50,-25,2.963390857257764,50,-12.5,3.190367608420903,50,0,4.034345229665632,50,12.5,3.190367608420903,50,25,2.963390857257764,50,37.5,2.9802460887733986,50,50,2.559299289059709,50],"center":{"x":0,"z":400},"lod":2,"index":40}