{"vertices":[-50,1.7651966882840497,-50,-37.5,2.470520091188971,-50,-25,1.8770957661763532,-50,-12.5,2.1364257105890667,-50,0,3.081085947851534,-50,12.5,2.3534598179663693,-50,25,0.6215195770346327,-50,37.5,1.7554099675992574,-50,50,3.920222564411233,-50,-50,1.6937301053596845,-37.5,-37.5,2.3953789293826526,-37.5,-25,1.9751854143896952,-37.5,-12.5,2.5010886324505286,-37.5,0,1.9099657202743554,-37.5,12.5,3.04066674239863,-37.5,25,2.4507146423277804,-37.5,37.5,2.6111422520154024,-37.5,50,1.5912425951221905,-37.5,-50,1.8082667065755231,-25,-37.5,3.1119332143288476,-25,-25,1.7379902971879346,-25,-12.5,2.0309483169893485,-25,0,3.041647938589449,-25,12.5,3.1353859419145524,-25,25,2.25440506292216,-25,37.5,1.7926993158592899,-25,50,2.68355165309913,-25,-50,1.5257699597400445,-12.5,-37.5,2.822036126566316,-12.5,-25,2.524088253459262,-12.5,-12.5,1.3816333537442742,-12.5,0,3.0463517609019957,-12.5,12.5,2.339547690062012,-12.5,25,2.1398934358350563,-12.5,37.5,2.621713598973965,-12.5,50,1.4587226350796274,-12.5,-50,2.554816074480186,0,-37.5,3.4810911910600617,0,-25,2.402814693559776,0,-12.5,2.0027376365875225,0,0,1.5856140531104757,0,12.5,3.4311064849066097,0,25,1.880303513535182,0,37.5,2.056563755447744,0,50,1.171470626068185,0,-50,2.933847123311897,12.5,-37.5,2.150962757053087,12.5,-25,2.9317458932589178,12.5,-12.5,3.077843093335452,12.5,0,2.1429934070474563,12.5,12.5,2.013473046221159,12.5,25,1.6108497568723046,12.5,37.5,3.149235939867536,12.5,50,2.5307025794808027,12.5,-50,1.4626804662839277,25,-37.5,1.9530107571477728,25,-25,2.2444026840821607,25,-12.5,3.21992898568408,25,0,3.056758610109682,25,12.5,2.176142976910623,25,25,1.9384873325907392,25,37.5,2.2379183529981086,25,50,1.381705446910928,25,-50,1.5136010337875951,37.5,-37.5,2.657338263318697,37.5,-25,1.4019138663359632,37.5,-12.5,1.7316438974162371,37.5,0,1.9775119057592838,37.5,12.5,3.1830243737622945,37.5,25,1.6913049728796323,37.5,37.5,2.579720856067911,37.5,50,0.9964647735661096,37.5,-50,1.786359615434776,50,-37.5,1.8093608178505773,50,-25,2.217601902593742,50,-12.5,3.195519792838135,50,0,2.4205493606132222,50,12.5,2.104137839430414,50,25,3.2146223301970167,50,37.5,2.481434544909603,50,50,1.8508145648956997,50],"center":{"x":800,"z":300},"lod":2,"index":38}