{"vertices":[-50,2.321687905860017,-50,-25,3.2830896547966404,-50,0,3.2534282799315406,-50,25,1.6628137154475553,-50,50,3.1502426339284284,-50,-50,3.0650612402678235,-25,-25,1.6442669502430363,-25,0,2.0824401970457984,-25,25,2.3560343606368406,-25,50,2.1123520208493574,-25,-50,2.0750179577589734,0,-25,2.7233072689705295,0,0,2.5993516440939857,0,25,2.6894679589167936,0,50,2.6728967500821454,0,-50,2.28003200776584,25,-25,2.810772763841669,25,0,3.2685538526129676,25,25,1.9290356261626584,25,50,2.4227691365376813,25,-50,2.53738668448932,50,-25,2.2096502355270786,50,0,2.6458164449286414,50,25,2.047989360798965,50,50,1.7651966882840497,50],"center":{"x":700,"z":200},"lod":3,"index":27}