{"vertices":[-50,0.9706666802958352,-50,-37.5,0.4851803576939252,-50,-25,2.4901583109021885,-50,-12.5,3.3503351373039654,-50,0,3.0440273653221084,-50,12.5,2.7340547246033173,-50,25,1.947290514872293,-50,37.5,2.1810322247267857,-50,50,2.7873995590925915,-50,-50,1.74754894672323,-37.5,-37.5,1.8091214009736756,-37.5,-25,1.9207580225962282,-37.5,-12.5,1.272246748983748,-37.5,0,3.2778205257203954,-37.5,12.5,2.8204242092348872,-37.5,25,2.6441087272404378,-37.5,37.5,2.111520091975255,-37.5,50,3.491479952598949,-37.5,-50,1.6429006790713174,-25,-37.5,2.115362742030709,-25,-25,3.1261695239663823,-25,-12.5,1.670591710781202,-25,0,2.4099269281578017,-25,12.5,2.451659440314326,-25,25,2.8270820428588195,-25,37.5,2.045255438155264,-25,50,2.3185091901541455,-25,-50,1.9892610840512595,-12.5,-37.5,2.6657803492124623,-12.5,-25,1.7026119379626248,-12.5,-12.5,2.5702572069489182,-12.5,0,2.909719516054766,-12.5,12.5,1.4065570826765255,-12.5,25,1.5926967445882183,-12.5,37.5,3.0087647736288456,-12.5,50,2.722381296347506,-12.5,-50,0.35004136319912504,0,-37.5,2.0004960954346345,0,-25,3.03313993550546,0,-12.5,1.5928367467438143,0,0,2.866200781936641,0,12.5,2.171606101159182,0,25,2.129606222079019,0,37.5,2.927030125504768,0,50,1.838432519507478,0,-50,2.906306466404127,12.5,-37.5,1.5104216050188275,12.5,-25,2.3795419818846337,12.5,-12.5,1.6618296670248613,12.5,0,2.5253895871655563,12.5,12.5,1.5122444349199617,12.5,25,2.68181218402769,12.5,37.5,1.3676654349415514,12.5,50,1.3892975931298637,12.5,-50,2.404954705198179,25,-37.5,2.1861133521566414,25,-25,2.122672281038831,25,-12.5,2.4275932458205736,25,0,1.7246258031082107,25,12.5,2.6944239604790137,25,25,3.546992902920465,25,37.5,1.8182258150863584,25,50,2.747395901751588,25,-50,1.973247271101781,37.5,-37.5,1.9650993501062064,37.5,-25,2.2551070851249135,37.5,-12.5,2.574943548364116,37.5,0,2.282822084656468,37.5,12.5,1.5538416036051337,37.5,25,2.283784763068754,37.5,37.5,2.213330787394112,37.5,50,3.539067241911231,37.5,-50,1.6170751785830362,50,-37.5,3.3935299631668747,50,-25,3.1029217753530247,50,-12.5,1.2072764511608618,50,0,2.268656469459529,50,12.5,1.3782587797924506,50,25,3.5597800363757415,50,37.5,3.5770160964760747,50,50,2.321687905860017,50],"center":{"x":600,"z":100},"lod":2,"index":16}