{"vertices":[-50,2.190860204209457,-50,-25,2.1716146001563175,-50,0,1.4384194701415254,-50,25,1.6206897555821342,-50,50,3.368196791780065,-50,-50,2.3139172716037137,-25,-25,3.350408358310233,-25,0,2.01402748520195,-25,25,1.4437183498375816,-25,50,1.7088693443656666,-25,-50,3.4253340883151395,0,-25,3.623884154294501,0,0,2.5767611950141145,0,25,1.9591863214009209,0,50,1.8925654951453907,0,-50,2.795335940827499,25,-25,2.140056771968375,25,0,2.658207961867447,25,25,3.035332834624569,25,50,2.39649981893308,25,-50,2.0796173734561307,50,-25,2.1188993582472904,50,0,1.4834802835684968,50,25,2.5516597687237663,50,50,2.6419270101905568,50],"center":{"x":400,"z":900},"lod":3,"index":94}