{"vertices":[-50,3.834272443127702,-50,-37.5,1.4078318309257485,-50,-25,1.69873753497086,-50,-12.5,3.286553316739586,-50,0,1.7488846420746995,-50,12.5,1.6605524064874588,-50,25,1.7774308536172612,-50,37.5,2.677195100404476,-50,50,3.40873402710713,-50,-50,2.958555778243446,-37.5,-37.5,2.585864585117268,-37.5,-25,2.039523269462316,-37.5,-12.5,1.98759199052934,-37.5,0,1.9700921487939071,-37.5,12.5,2.55801056621265,-37.5,25,2.40521013554968,-37.5,37.5,1.724015472593989,-37.5,50,3.2880153982300007,-37.5,-50,3.1766201246500714,-25,-37.5,1.8515162005532515,-25,-25,1.3672503263660474,-25,-12.5,2.0555629955192414,-25,0,3.0418315767747117,-25,12.5,1.8514946652840698,-25,25,0.9220518980146153,-25,37.5,1.604846727140711,-25,50,3.0356575285986764,-25,-50,2.4909586457074746,-12.5,-37.5,2.6390101230296232,-12.5,-25,3.406037881448914,-12.5,-12.5,2.4316663414626754,-12.5,0,1.9762203225720973,-12.5,12.5,2.6666878648685732,-12.5,25,3.3940671229228148,-12.5,37.5,1.3478649074946456,-12.5,50,3.2654683772252318,-12.5,-50,4.046841381859849,0,-37.5,2.1689490162482556,0,-25,3.5895327658363385,0,-12.5,2.4705679350197842,0,0,3.6293566464883042,0,12.5,2.6301060885040077,0,25,2.0278484437585576,0,37.5,2.8623685888187667,0,50,2.3161793982581003,0,-50,2.174682830636567,12.5,-37.5,3.016652588186852,12.5,-25,1.425294887854991,12.5,-12.5,1.772208139648804,12.5,0,2.5051730757080937,12.5,12.5,2.5025286776696194,12.5,25,2.3806715934150824,12.5,37.5,2.40370433475154,12.5,50,1.9585232898540479,12.5,-50,1.7884568560839398,25,-37.5,1.3567753012171382,25,-25,2.355846408099751,25,-12.5,2.612227544822985,25,0,3.8133526086312486,25,12.5,2.194464561545261,25,25,1.9415750417829258,25,37.5,1.5783199886182833,25,50,2.952100459297071,25,-50,1.391746867753584,37.5,-37.5,1.8875496337414022,37.5,-25,3.0039057513554637,37.5,-12.5,1.7802558499740628,37.5,0,3.1482843476822806,37.5,12.5,1.5522524918348257,37.5,25,2.2692954553213527,37.5,37.5,2.48182291058828,37.5,50,1.2905016109689265,37.5,-50,2.431311129403184,50,-37.5,2.2183664675343633,50,-25,3.8047547073074384,50,-12.5,2.510803932911908,50,0,1.8258124827843858,50,12.5,2.7891531728662313,50,25,2.76130594946153,50,37.5,3.07714778316079,50,50,3.610365513522993,50],"center":{"x":100,"z":300},"lod":2,"index":31}