{"vertices":[-50,3.368196791780065,-50,-37.5,1.9833348186409525,-50,-25,2.262113456890802,-50,-12.5,1.808638688413807,-50,0,2.3643231443566037,-50,12.5,1.9299927946444664,-50,25,2.314280007776688,-50,37.5,1.785416436166578,-50,50,0.9706666802958352,-50,-50,1.4821301797423532,-37.5,-37.5,2.119779395204688,-37.5,-25,3.3078697571206055,-37.5,-12.5,3.376883198911629,-37.5,0,1.2406225080181839,-37.5,12.5,2.4327544276008477,-37.5,25,2.6708266275329793,-37.5,37.5,1.6632765878999405,-37.5,50,1.74754894672323,-37.5,-50,1.7088693443656666,-25,-37.5,3.6250115676664043,-25,-25,2.3069675912120147,-25,-12.5,2.7279800023131,-25,0,2.3835212043923093,-25,12.5,2.915177390221506,-25,25,2.596741800007294,-25,37.5,1.936553178777194,-25,50,1.6429006790713174,-25,-50,2.6091858361790843,-12.5,-37.5,2.57029178116235,-12.5,-25,1.6555170790265499,-12.5,-12.5,3.1050263749776184,-12.5,0,1.5670958317177954,-12.5,12.5,2.6426438958414673,-12.5,25,2.3947786973813896,-12.5,37.5,1.6972745414481951,-12.5,50,1.9892610840512595,-12.5,-50,1.8925654951453907,0,-37.5,1.5636577698723535,0,-25,3.067082529232721,0,-12.5,2.8303711006636414,0,0,2.9742756537598325,0,12.5,1.0565367502849077,0,25,1.5876379951805575,0,37.5,2.525874714914474,0,50,0.35004136319912504,0,-50,3.183188521421555,12.5,-37.5,2.847300021225684,12.5,-25,3.755577488146144,12.5,-12.5,3.5657483740686002,12.5,0,2.789493774817968,12.5,12.5,1.6553749791346861,12.5,25,1.7358382247186153,12.5,37.5,2.6616994373506864,12.5,50,2.906306466404127,12.5,-50,2.39649981893308,25,-37.5,1.8640594210215955,25,-25,2.6678480853297515,25,-12.5,2.245897574658097,25,0,1.8752852133911802,25,12.5,2.4263994064552525,25,25,2.3702536866039736,25,37.5,2.7981742209374927,25,50,2.404954705198179,25,-50,2.6112335402510762,37.5,-37.5,3.3523729237727142,37.5,-25,2.19690503583899,37.5,-12.5,1.467370528193658,37.5,0,1.105891911059846,37.5,12.5,2.3896319123258136,37.5,25,2.4989172142269696,37.5,37.5,2.6001767191959955,37.5,50,1.973247271101781,37.5,-50,2.6419270101905568,50,-37.5,1.8867519256298229,50,-25,2.8048653055884643,50,-12.5,3.593467528224848,50,0,1.8598458222550107,50,12.5,1.6368028746072434,50,25,1.4823663577408297,50,37.5,1.499639443550057,50,50,1.6170751785830362,50],"center":{"x":500,"z":900},"lod":2,"index":95}