{"vertices":[-50,2.721802747619222,-50,-37.5,1.4572608630083566,-50,-25,1.9216858449362917,-50,-12.5,3.6804297686039567,-50,0,2.2711104485642863,-50,12.5,2.933633800476544,-50,25,1.6336345316813095,-50,37.5,1.8109260894457244,-50,50,2.876662902344833,-50,-50,2.6126241907646968,-37.5,-37.5,2.7732153800724317,-37.5,-25,2.404751474121164,-37.5,-12.5,2.6398542472847044,-37.5,0,2.252757165877144,-37.5,12.5,3.116750068298893,-37.5,25,2.8043822048158082,-37.5,37.5,1.3273529958286718,-37.5,50,1.4760676731737952,-37.5,-50,1.550956821811269,-25,-37.5,2.706558003097167,-25,-25,1.6146770718478365,-25,-12.5,2.343226251278635,-25,0,2.811548742974992,-25,12.5,3.6114654082079065,-25,25,2.840259188596974,-25,37.5,2.279030243959232,-25,50,2.6233655137912137,-25,-50,2.7305345430564487,-12.5,-37.5,3.861199426283946,-12.5,-25,2.3008636121597177,-12.5,-12.5,1.793466564775216,-12.5,0,2.1105503384424615,-12.5,12.5,3.3317683991143294,-12.5,25,2.767902575765979,-12.5,37.5,2.7161536150399774,-12.5,50,2.6540726737237295,-12.5,-50,3.136182284724782,0,-37.5,1.1371500407965993,0,-25,2.4844693246268434,0,-12.5,1.2222537684293475,0,0,2.610944244588609,0,12.5,3.247110085965763,0,25,2.161865794842015,0,37.5,1.7456846900512355,0,50,1.5762013120547635,0,-50,1.9098460266021076,12.5,-37.5,2.7455049043715207,12.5,-25,1.3679730591646286,12.5,-12.5,1.6805471559063583,12.5,0,2.1206869606532597,12.5,12.5,3.5000611238643042,12.5,25,3.0237653710858825,12.5,37.5,3.2108836347604375,12.5,50,2.2237684042751287,12.5,-50,2.297988093268941,25,-37.5,1.696806985440333,25,-25,1.1068210604571505,25,-12.5,1.4952381636224754,25,0,2.324943277562852,25,12.5,2.061176890448773,25,25,2.188917511884938,25,37.5,1.811000239873899,25,50,2.957311563004623,25,-50,2.775495327253388,37.5,-37.5,2.6176809144734885,37.5,-25,1.7951069464912905,37.5,-12.5,2.4297420434712134,37.5,0,3.0436470846337538,37.5,12.5,3.127046819438183,37.5,25,2.0477880727702926,37.5,37.5,0.9315859447107258,37.5,50,2.1077378073409543,37.5,-50,0.44395492113835644,50,-37.5,2.080710786022566,50,-25,1.8014886083983583,50,-12.5,2.4273375092561618,50,0,3.013965222562547,50,12.5,2.8599079642591496,50,25,2.9207637550280197,50,37.5,2.148895492733514,50,50,1.7527013940707548,50],"center":{"x":300,"z":500},"lod":2,"index":53}