{"vertices":[-50,2.379286593568395,-50,-37.5,2.338867050647994,-50,-25,1.0149065305449767,-50,-12.5,2.976714538500904,-50,0,1.0937380842369748,-50,12.5,2.4241819281426915,-50,25,1.7102381929726107,-50,37.5,2.604485893643775,-50,50,1.1913349961832864,-50,-50,1.4787869180897988,-37.5,-37.5,1.8154652106265823,-37.5,-25,3.220829705005751,-37.5,-12.5,3.1425645140837997,-37.5,0,2.8270323295230475,-37.5,12.5,1.597267614821677,-37.5,25,1.9655385086385762,-37.5,37.5,2.368660524514354,-37.5,50,1.0914311592445172,-37.5,-50,2.6239508453727467,-25,-37.5,2.7934420045752626,-25,-25,2.5896068562724395,-25,-12.5,2.848034374155843,-25,0,2.5420743278664304,-25,12.5,1.4258359980332835,-25,25,2.679040317234467,-25,37.5,2.4456968348545196,-25,50,2.5883614754275186,-25,-50,2.9127426730818673,-12.5,-37.5,2.1083672550916353,-12.5,-25,3.313062034934739,-12.5,-12.5,2.086852647143261,-12.5,0,1.6403375281939039,-12.5,12.5,2.4561379973704276,-12.5,25,3.265956794797536,-12.5,37.5,2.6522336667686925,-12.5,50,2.188727899050709,-12.5,-50,2.806370264661382,0,-37.5,2.863387510611953,0,-25,2.379545335934381,0,-12.5,1.4858998495934495,0,0,0.7244113139313413,0,12.5,2.3962370734655654,0,25,2.516824339327286,0,37.5,2.787783065584911,0,50,1.650918695886503,0,-50,2.5533590035054448,12.5,-37.5,2.057252131839072,12.5,-25,3.454813252421134,12.5,-12.5,3.5642791573961787,12.5,0,2.415763682862098,12.5,12.5,1.9668713337385695,12.5,25,1.2038452589722164,12.5,37.5,1.6812558629351235,12.5,50,1.6129713717988685,12.5,-50,2.1770021382690175,25,-37.5,2.496555808792463,25,-25,2.7605273474910064,25,-12.5,3.473848520410445,25,0,2.1234431914490415,25,12.5,3.153679262951059,25,25,3.0772875592083437,25,37.5,2.184994555700642,25,50,1.957104477842222,25,-50,2.5052791398286844,37.5,-37.5,1.5918136406205248,37.5,-25,2.108398738953388,37.5,-12.5,2.90180436442168,37.5,0,1.8215839969809542,37.5,12.5,1.9046237785529812,37.5,25,2.4153859929792243,37.5,37.5,2.424327104574611,37.5,50,2.382447610461655,37.5,-50,2.1669972006202443,50,-37.5,2.2692353004956862,50,-25,2.641502087280969,50,-12.5,1.8397113855107072,50,0,3.960725968281622,50,12.5,3.087529112929208,50,25,1.1630940780014498,50,37.5,1.794547768212372,50,50,3.787327978570829,50],"center":{"x":500,"z":300},"lod":2,"index":35}