{"vertices":[-50,1.1692833591223462,-50,-25,1.5357723406486912,-50,0,2.6696687336516334,-50,25,2.0317974610225065,-50,50,2.1322346402303083,-50,-50,3.1011196661711438,-25,-25,2.3265720478229923,-25,0,2.566713630731101,-25,25,2.740719161738525,-25,50,1.9836202932492597,-25,-50,1.9168761063338025,0,-25,2.6501842907600803,0,0,3.7837805743765784,0,25,2.5720015091792447,0,50,0.7497373891965253,0,-50,1.964724628996919,25,-25,2.05130945359997,25,0,1.4601238961768104,25,25,1.4706878287688596,25,50,1.6192997170583112,25,-50,2.7873995590925915,50,-25,1.785590606086771,50,0,2.859396576459403,50,25,1.9504225177661283,50,50,1.4888433290616376,50],"center":{"x":700,"z":800},"lod":3,"index":87}