{"vertices":[-50,1.540872447003494,-50,-37.5,3.07435368701087,-50,-25,2.070830596421729,-50,-12.5,2.336514843126741,-50,0,3.1176560610037996,-50,12.5,2.4883517508317308,-50,25,2.3280553280346794,-50,37.5,3.123563933642417,-50,50,2.1669972006202443,-50,-50,2.964992884817861,-37.5,-37.5,3.065607383525204,-37.5,-25,1.9317361977562588,-37.5,-12.5,1.904832429579681,-37.5,0,3.379204038082919,-37.5,12.5,2.0646505646825637,-37.5,25,2.4206752197400276,-37.5,37.5,2.5349754477468234,-37.5,50,2.89047565911293,-37.5,-50,2.754059724320541,-25,-37.5,2.5777067186378444,-25,-25,2.7944159338221652,-25,-12.5,2.429402890120122,-25,0,1.5861725300055696,-25,12.5,2.741572006445039,-25,25,3.02036700239114,-25,37.5,1.706017350650331,-25,50,3.247637457025121,-25,-50,2.4341237099731377,-12.5,-37.5,2.5537347228632705,-12.5,-25,2.967371767578059,-12.5,-12.5,2.8669891362399484,-12.5,0,1.457135130693115,-12.5,12.5,1.783114645851932,-12.5,25,1.5831901741468202,-12.5,37.5,2.458120091050693,-12.5,50,2.2150565413681305,-12.5,-50,2.127347878922592,0,-37.5,2.412086444612296,0,-25,1.8146873841033084,0,-12.5,2.141230848551375,0,0,2.288829335520859,0,12.5,3.3251468751149735,0,25,1.7180554329388542,0,37.5,1.5713168904538137,0,50,1.63827330507047,0,-50,1.6158261373013671,12.5,-37.5,2.216464014461362,12.5,-25,2.724180320905508,12.5,-12.5,2.020169956767301,12.5,0,1.379635786555097,12.5,12.5,3.236729446009696,12.5,25,1.4055839564861305,12.5,37.5,1.675402795545009,12.5,50,1.8483207048837802,12.5,-50,3.233452431668411,25,-37.5,2.8769435768908656,25,-25,3.0098843404994113,25,-12.5,1.5184322745069145,25,0,2.368297824214096,25,12.5,2.524687924568637,25,25,1.359428143405239,25,37.5,2.6753267015575637,25,50,2.5482970539451344,25,-50,2.539678525491161,37.5,-37.5,2.4311780679614947,37.5,-25,2.129002265488208,37.5,-12.5,1.8795442477882291,37.5,0,2.111970262899454,37.5,12.5,1.4658179776923186,37.5,25,2.5123472753455225,37.5,37.5,2.6196732802361513,37.5,50,2.3941504251833132,37.5,-50,2.876662902344833,50,-37.5,4.158562760437552,50,-25,2.4370829591498477,50,-12.5,1.6798257611183287,50,0,2.827933677981491,50,12.5,3.1773838775505614,50,25,1.9025088607304497,50,37.5,2.7733332217231643,50,50,2.810303277146886,50],"center":{"x":400,"z":400},"lod":2,"index":44}