{"vertices":[-50,2.1669972006202443,-50,-25,2.641502087280969,-50,0,3.960725968281622,-50,25,1.1630940780014498,-50,50,3.787327978570829,-50,-50,3.247637457025121,-25,-25,1.6878395427920623,-25,0,1.8939468316239072,-25,25,2.0837255164951785,-25,50,1.6417255734995706,-25,-50,1.63827330507047,0,-25,1.4938224007346435,0,0,1.2855130485695554,0,25,2.324469123777817,0,50,2.944233689268003,0,-50,2.5482970539451344,25,-25,3.1572525848605437,25,0,2.9148948244255735,25,25,1.9058658525318606,25,50,2.044583532770048,25,-50,2.810303277146886,50,-25,3.644630079434137,50,0,0.6877458147209836,50,25,3.258931373056839,50,50,1.8482914304331644,50],"center":{"x":500,"z":400},"lod":3,"index":45}