{"vertices":[-50,2.625078677010606,-50,-37.5,2.617863422247264,-50,-25,3.805174440421979,-50,-12.5,2.0230039117463625,-50,0,2.0176372728747083,-50,12.5,2.0230039117463625,-50,25,3.805174440421979,-50,37.5,2.617863422247264,-50,50,2.625078677010606,-50,-50,2.1261515887669056,-37.5,-37.5,2.3029834483811022,-37.5,-25,1.4904557474175906,-37.5,-12.5,3.0058413102299015,-37.5,0,2.279894300579204,-37.5,12.5,3.0058413102299015,-37.5,25,1.4904557474175906,-37.5,37.5,2.3029834483811022,-37.5,50,2.1261515887669056,-37.5,-50,1.8107096541643841,-25,-37.5,3.1418779165893618,-25,-25,2.466087103166501,-25,-12.5,3.0111988843098185,-25,0,2.7317217789095594,-25,12.5,3.0111988843098185,-25,25,2.466087103166501,-25,37.5,3.1418779165893618,-25,50,1.8107096541643841,-25,-50,2.0053744394366317,-12.5,-37.5,2.1450549891830892,-12.5,-25,2.5454332105605966,-12.5,-12.5,2.340786408320804,-12.5,0,1.2485102818737348,-12.5,12.5,2.340786408320804,-12.5,25,2.5454332105605966,-12.5,37.5,2.1450549891830892,-12.5,50,2.0053744394366317,-12.5,-50,3.499564944577287,0,-37.5,1.9002067568436898,0,-25,1.8378265800856752,0,-12.5,2.678032317684515,0,0,3.000698765317793,0,12.5,2.678032317684515,0,25,1.8378265800856752,0,37.5,1.9002067568436898,0,50,3.499564944577287,0,-50,1.611660295611702,12.5,-37.5,1.6818110490135918,12.5,-25,2.4521777055770877,12.5,-12.5,2.1139433114720267,12.5,0,1.6046735805947843,12.5,12.5,2.1139433114720267,12.5,25,2.4521777055770877,12.5,37.5,1.6818110490135918,12.5,50,1.611660295611702,12.5,-50,1.4592374552012188,25,-37.5,2.767644192318598,25,-25,2.4805454018496675,25,-12.5,3.267497520111161,25,0,3.8545913300913526,25,12.5,3.267497520111161,25,25,2.4805454018496675,25,37.5,2.767644192318598,25,50,1.4592374552012188,25,-50,2.640540581176587,37.5,-37.5,2.162933609011625,37.5,-25,1.7232541896516147,37.5,-12.5,3.344670397314637,37.5,0,2.6125222770237313,37.5,12.5,3.344670397314637,37.5,25,1.7232541896516147,37.5,37.5,2.162933609011625,37.5,50,2.640540581176587,37.5,-50,3.834272443127702,50,-37.5,2.030859255177073,50,-25,1.511691123523633,50,-12.5,2.775454231976084,50,0,1.7511618934076978,50,12.5,2.775454231976084,50,25,1.511691123523633,50,37.5,2.030859255177073,50,50,3.834272443127702,50],"center":{"x":0,"z":200},"lod":2,"index":20}