{"vertices":[-50,3.787327978570829,-50,-37.5,3.723811239411956,-50,-25,2.6003795180440648,-50,-12.5,2.102974992221163,-50,0,2.450414873237605,-50,12.5,0.969340705376758,-50,25,3.1005512823321624,-50,37.5,2.9416667151409293,-50,50,2.0454561401129467,-50,-50,2.335993294191838,-37.5,-37.5,2.2754799329380644,-37.5,-25,2.0391273496968414,-37.5,-12.5,1.8798740016606443,-37.5,0,1.2767117928373257,-37.5,12.5,1.2102548797312846,-37.5,25,2.592278577725242,-37.5,37.5,1.5644734433442204,-37.5,50,1.5473632052473913,-37.5,-50,1.6417255734995706,-25,-37.5,1.3127410863258717,-25,-25,1.9625101301789982,-25,-12.5,2.1148376970975926,-25,0,3.3934193621826125,-25,12.5,2.786676274452826,-25,25,2.536202733681421,-25,37.5,2.8592913260655006,-25,50,3.0050024080992443,-25,-50,1.8281074147763385,-12.5,-37.5,2.401721426120405,-12.5,-25,3.128880291198048,-12.5,-12.5,1.8740045073796185,-12.5,0,2.2924450794813165,-12.5,12.5,3.0147316580450134,-12.5,25,3.23375218636569,-12.5,37.5,2.3627792673247,-12.5,50,1.7581287406671051,-12.5,-50,2.944233689268003,0,-37.5,2.3631430557569426,0,-25,3.489811352264951,0,-12.5,2.2468507568986067,0,0,3.6063155304145766,0,12.5,1.6308166077621689,0,25,1.2050294031359954,0,37.5,1.3005414816157168,0,50,3.873955278468202,0,-50,1.4815179867143833,12.5,-37.5,2.4719548153563116,12.5,-25,1.7584113822770064,12.5,-12.5,2.6922453549053293,12.5,0,2.5333120309907264,12.5,12.5,1.4590956584225447,12.5,25,2.421487967179254,12.5,37.5,2.5466843955139327,12.5,50,2.4101641903363222,12.5,-50,2.044583532770048,25,-37.5,2.23351475971031,25,-25,2.683485529196332,25,-12.5,0.877132416215143,25,0,2.6213392387580825,25,12.5,1.8323991716753405,25,25,2.3536045004584594,25,37.5,2.1982754893400296,25,50,0.5190938401938183,25,-50,2.677368388747785,37.5,-37.5,1.9423336509759357,37.5,-25,2.3932548106465195,37.5,-12.5,2.040288869400281,37.5,0,2.10268036412075,37.5,12.5,2.7908941844288506,37.5,25,2.47491776243824,37.5,37.5,1.3543535401911555,37.5,50,3.124140391003043,37.5,-50,1.8482914304331644,50,-37.5,1.2015074562850645,50,-25,2.0590438757062657,50,-12.5,2.67901176270042,50,0,1.9995549093437148,50,12.5,2.4328829790996336,50,25,2.720347260401468,50,37.5,3.5123966897300414,50,50,2.939058809351991,50],"center":{"x":600,"z":400},"lod":2,"index":46}