{"vertices":[-50,2.2110509935737355,-50,-25,2.3329932142951293,-50,0,1.5808567456406308,-50,25,2.7276563987106783,-50,50,1.371774647195707,-50,-50,1.639525598657201,-25,-25,1.871601854727487,-25,0,1.4091894082230283,-25,25,3.1169517680973513,-25,50,2.0073523854807718,-25,-50,2.2115019027114613,0,-25,3.0658066918113036,0,0,2.098392849366064,0,25,1.3676691397995455,0,50,2.332269225080381,0,-50,2.4534958664298756,25,-25,2.686085020468454,25,0,2.2430944494408322,25,25,2.525298778709839,25,50,1.7924213146761758,25,-50,2.4147191707015736,50,-25,1.5611008455016417,50,0,1.681448226372595,50,25,2.6357040151924593,50,50,1.5490618085459573,50],"center":{"x":500,"z":600},"lod":3,"index":65}