{"vertices":[-50,1.2915429396525724,-50,-37.5,2.8230030209131862,-50,-25,2.4677149781928165,-50,-12.5,1.948305242974657,-50,0,1.4290162413817598,-50,12.5,2.5921505635977504,-50,25,1.1440731345646782,-50,37.5,1.2528015157996881,-50,50,2.379286593568395,-50,-50,3.8369700514660816,-37.5,-37.5,4.043152335975119,-37.5,-25,3.148290521626598,-37.5,-12.5,1.4798179766465969,-37.5,0,2.6748982846443816,-37.5,12.5,2.682263625175483,-37.5,25,1.5389968732972434,-37.5,37.5,3.0045837119876637,-37.5,50,1.4787869180897988,-37.5,-50,2.798572175015579,-25,-37.5,2.21220137879314,-25,-25,3.098718209002982,-25,-12.5,2.0173865966514866,-25,0,2.3766335337859346,-25,12.5,1.2165631098332566,-25,25,2.1441647171013756,-25,37.5,2.887965629005836,-25,50,2.6239508453727467,-25,-50,3.2191251506720464,-12.5,-37.5,3.51749003926523,-12.5,-25,2.8199643154438867,-12.5,-12.5,1.5698740831195435,-12.5,0,2.8765502323723062,-12.5,12.5,2.7474133093230013,-12.5,25,2.4468385925516016,-12.5,37.5,3.229311082934918,-12.5,50,2.9127426730818673,-12.5,-50,0.5274218244449003,0,-37.5,3.4818092368448514,0,-25,1.2183742055640323,0,-12.5,1.3377517502748244,0,0,1.638642498801346,0,12.5,1.7353243189254697,0,25,2.0053417741291923,0,37.5,1.722845624115465,0,50,2.806370264661382,0,-50,2.6537031183780178,12.5,-37.5,1.8301869271334235,12.5,-25,2.570853934619639,12.5,-12.5,2.245517071801935,12.5,0,1.6743182973359572,12.5,12.5,2.4938345375726803,12.5,25,2.6515012151648873,12.5,37.5,2.11513232726636,12.5,50,2.5533590035054448,12.5,-50,2.1629020495311124,25,-37.5,1.750809071047752,25,-25,1.8573078343615634,25,-12.5,2.0827903013178672,25,0,2.6667123525839997,25,12.5,1.212689790058559,25,25,2.614890015029232,25,37.5,1.8891190764463872,25,50,2.1770021382690175,25,-50,1.2958573884099427,37.5,-37.5,3.1252962643362907,37.5,-25,2.0362377952488635,37.5,-12.5,1.127467759160536,37.5,0,3.3238327722465897,37.5,12.5,1.5811797994617964,37.5,25,2.386615999797115,37.5,37.5,2.918529005488473,37.5,50,2.5052791398286844,37.5,-50,1.540872447003494,50,-37.5,3.07435368701087,50,-25,2.070830596421729,50,-12.5,2.336514843126741,50,0,3.1176560610037996,50,12.5,2.4883517508317308,50,25,2.3280553280346794,50,37.5,3.123563933642417,50,50,2.1669972006202443,50],"center":{"x":400,"z":300},"lod":2,"index":34}