{"vertices":[-50,1.5490618085459573,-50,-37.5,2.3866849147099405,-50,-25,2.1070387277723057,-50,-12.5,1.4178998913271947,-50,0,1.376869953746791,-50,12.5,2.66268883130396,-50,25,2.2013040532328887,-50,37.5,1.7809426548449272,-50,50,1.9413914967299206,-50,-50,2.3450918190438315,-37.5,-37.5,3.016871758840951,-37.5,-25,2.6420165160277937,-37.5,-12.5,2.13672944826242,-37.5,0,3.340295438393639,-37.5,12.5,1.6717746520388144,-37.5,25,1.7419334658443006,-37.5,37.5,2.515879969337169,-37.5,50,3.433916695832287,-37.5,-50,2.7989935612276895,-25,-37.5,3.069863847467605,-25,-25,2.6304400775552494,-25,-12.5,1.3261886450557894,-25,0,2.1468832861137344,-25,12.5,1.540404505344164,-25,25,2.308085327313165,-25,37.5,1.523685496041424,-25,50,2.2528356004477246,-25,-50,1.3563314108517366,-12.5,-37.5,1.302774818759493,-12.5,-25,1.9728650280851665,-12.5,-12.5,2.9639262029467304,-12.5,0,2.7443033288515077,-12.5,12.5,2.51564645609562,-12.5,25,2.1404692253385886,-12.5,37.5,2.100152274270681,-12.5,50,2.503820791096361,-12.5,-50,1.7144560551241739,0,-37.5,1.110070994778833,0,-25,1.3955917272687657,0,-12.5,1.4648006217097924,0,0,3.556956626052852,0,12.5,3.252653353610654,0,25,2.4569060553767486,0,37.5,2.868690647569468,0,50,3.5123955894232495,0,-50,1.6720946543329516,12.5,-37.5,1.7554895415225822,12.5,-25,3.2471050826510917,12.5,-12.5,2.094734075355025,12.5,0,1.9763465934804403,12.5,12.5,2.2906621737661985,12.5,25,3.0096102389935755,12.5,37.5,2.2511281093083197,12.5,50,1.2436968455749395,12.5,-50,2.694958720167051,25,-37.5,2.696708452952117,25,-25,2.778676233065198,25,-12.5,2.3512092479067306,25,0,2.9514503251266433,25,12.5,1.3681337936504283,25,25,1.3745538045623107,25,37.5,2.098617003508554,25,50,3.002156882357667,25,-50,1.2213886885440353,37.5,-37.5,2.4434160675920995,37.5,-25,2.852593966429379,37.5,-12.5,1.3812029163253916,37.5,0,2.2087154445952013,37.5,12.5,1.3109169281232562,37.5,25,2.2779950796818786,37.5,37.5,2.101263025461349,37.5,50,2.1853052822151633,37.5,-50,2.7972769474581582,50,-37.5,1.7607381359000476,50,-25,2.083815864098142,50,-12.5,1.3394828952567845,50,0,2.7120947610092117,50,12.5,1.3995795712930614,50,25,3.426830684111337,50,37.5,1.914543436183103,50,50,1.1692833591223462,50],"center":{"x":600,"z":700},"lod":2,"index":76}