{"vertices":[-50,3.542812584710191,-50,-37.5,2.954610833164355,-50,-25,3.6449297371291323,-50,-12.5,3.405518229257755,-50,0,3.3495662413042737,-50,12.5,3.405518229257755,-50,25,3.6449297371291323,-50,37.5,2.954610833164355,-50,50,3.542812584710191,-50,-50,3.263048527361685,-37.5,-37.5,2.4441629537039664,-37.5,-25,1.678759029502622,-37.5,-12.5,3.2547624360062564,-37.5,0,3.315618190602778,-37.5,12.5,3.2547624360062564,-37.5,25,1.678759029502622,-37.5,37.5,2.4441629537039664,-37.5,50,3.263048527361685,-37.5,-50,2.919953285527299,-25,-37.5,3.099766272024618,-25,-25,2.2863659861468477,-25,-12.5,3.1714328234848352,-25,0,2.228039880792494,-25,12.5,3.1714328234848352,-25,25,2.2863659861468477,-25,37.5,3.099766272024618,-25,50,2.919953285527299,-25,-50,3.086964763567683,-12.5,-37.5,1.9196521947307388,-12.5,-25,1.9976876944362587,-12.5,-12.5,2.4123331608944816,-12.5,0,1.3393060720992145,-12.5,12.5,2.4123331608944816,-12.5,25,1.9976876944362587,-12.5,37.5,1.9196521947307388,-12.5,50,3.086964763567683,-12.5,-50,2.778364240002702,0,-37.5,2.566694032388458,0,-25,2.948999017753522,0,-12.5,1.627325984020417,0,0,3.2569045625132276,0,12.5,1.627325984020417,0,25,2.948999017753522,0,37.5,2.566694032388458,0,50,2.778364240002702,0,-50,3.0207268240898886,12.5,-37.5,2.1732466563138875,12.5,-25,2.905326358795527,12.5,-12.5,2.463192582778114,12.5,0,3.0932311230017664,12.5,12.5,2.463192582778114,12.5,25,2.905326358795527,12.5,37.5,2.1732466563138875,12.5,50,3.0207268240898886,12.5,-50,2.032592414689134,25,-37.5,2.4507886497312863,25,-25,3.007611394205014,25,-12.5,2.148617866574318,25,0,2.995684822599287,25,12.5,2.148617866574318,25,25,3.007611394205014,25,37.5,2.4507886497312863,25,50,2.032592414689134,25,-50,1.4754671085668352,37.5,-37.5,1.7214054453628687,37.5,-25,1.4942892559750938,37.5,-12.5,2.863829726168499,37.5,0,1.1026645423441714,37.5,12.5,2.863829726168499,37.5,25,1.4942892559750938,37.5,37.5,1.7214054453628687,37.5,50,1.4754671085668352,37.5,-50,3.108939944577287,50,-37.5,3.745020769653629,50,-25,1.9495909514807863,50,-12.5,2.976585628826518,50,0,3.656821330587263,50,12.5,2.976585628826518,50,25,1.9495909514807863,50,37.5,3.745020769653629,50,50,3.108939944577287,50],"center":{"x":0,"z":600},"lod":2,"index":60}