{"vertices":[-50,1.540872447003494,-50,-25,2.070830596421729,-50,0,3.1176560610037996,-50,25,2.3280553280346794,-50,50,2.1669972006202443,-50,-50,2.754059724320541,-25,-25,2.7944159338221652,-25,0,1.5861725300055696,-25,25,3.02036700239114,-25,50,3.247637457025121,-25,-50,2.127347878922592,0,-25,1.8146873841033084,0,0,2.288829335520859,0,25,1.7180554329388542,0,50,1.63827330507047,0,-50,3.233452431668411,25,-25,3.0098843404994113,25,0,2.368297824214096,25,25,1.359428143405239,25,50,2.5482970539451344,25,-50,2.876662902344833,50,-25,2.4370829591498477,50,0,2.827933677981491,50,25,1.9025088607304497,50,50,2.810303277146886,50],"center":{"x":400,"z":400},"lod":3,"index":44}