{"vertices":[-50,3.40873402710713,-50,-25,1.9059313058824046,-50,0,3.1306137475621654,-50,25,3.0591573559649987,-50,50,1.8853123549342854,-50,-50,3.0356575285986764,-25,-25,2.315156382319401,-25,0,2.3816170129430247,-25,25,2.339930310190539,-25,50,1.3629137042880757,-25,-50,2.3161793982581003,0,-25,2.675268721577595,0,0,1.2077693972241832,0,25,2.164604290665011,0,50,3.002772784602712,0,-50,2.952100459297071,25,-25,2.6681154191464884,25,0,3.9144312176358653,25,25,2.3967299603827996,25,50,2.3278917435527546,25,-50,3.610365513522993,50,-25,2.170358073708485,50,0,2.7481066021573497,50,25,2.47431687945209,50,50,1.26395866907842,50],"center":{"x":200,"z":300},"lod":3,"index":32}