{"vertices":[-50,2.190860204209457,-50,-25,2.1716146001563175,-50,0,1.4384194701415254,-50,25,1.6206897555821342,-50,50,3.368196791780065,-50,-50,1.786541335095535,-25,-25,2.196930629943381,-25,0,2.6957025616866304,-25,25,1.4114713429444237,-25,50,2.779652482640813,-25,-50,2.419328383912216,0,-25,1.7042483219847782,0,0,1.833153018305893,0,25,3.353960937165539,0,50,1.5430906478286488,0,-50,1.786541335095535,25,-25,2.196930629943381,25,0,2.6957025616866304,25,25,1.4114713429444237,25,50,2.779652482640813,25,-50,2.190860204209457,50,-25,2.1716146001563175,50,0,1.4384194701415254,50,25,1.6206897555821342,50,50,3.368196791780065,50],"center":{"x":400,"z":0},"lod":3,"index":4}