{"vertices":[-50,1.1385599447385175,-50,-25,2.239717311967979,-50,0,2.115880516867037,-50,25,1.3301866169058485,-50,50,1.6732073266030056,-50,-50,1.845082111467491,-25,-25,1.4957534445420606,-25,0,3.777492312292452,-25,25,2.336241048105876,-25,50,2.3841682512284024,-25,-50,0.755083627809654,0,-25,2.805719442476402,0,0,1.5225082315009786,0,25,2.585308444031398,0,50,2.8197190601349575,0,-50,1.84700763951696,25,-25,2.2608094586030347,25,0,3.9871740020316793,25,25,1.4794540817820234,25,50,2.8932470519066555,25,-50,2.1322346402303083,50,-25,2.838867075552116,50,0,2.2749149478477193,50,25,2.757420134075801,50,50,3.2897243339539273,50],"center":{"x":800,"z":700},"lod":3,"index":78}