{"vertices":[-50,3.40873402710713,-50,-37.5,3.0444906764168755,-50,-25,1.9059313058824046,-50,-12.5,2.181983112803258,-50,0,3.1306137475621654,-50,12.5,2.430382345154081,-50,25,3.0591573559649987,-50,37.5,1.8303796957528904,-50,50,1.8853123549342854,-50,-50,3.2880153982300007,-37.5,-37.5,2.15892834832071,-37.5,-25,2.8717116013543995,-37.5,-12.5,2.470920717222262,-37.5,0,1.582183657403676,-37.5,12.5,1.8544704093821411,-37.5,25,2.8228534190075774,-37.5,37.5,2.9596431393964613,-37.5,50,3.1170899754167385,-37.5,-50,3.0356575285986764,-25,-37.5,2.192991729690865,-25,-25,2.315156382319401,-25,-12.5,2.6605733502374918,-25,0,2.3816170129430247,-25,12.5,1.0920092324524509,-25,25,2.339930310190539,-25,37.5,3.174320237002151,-25,50,1.3629137042880757,-25,-50,3.2654683772252318,-12.5,-37.5,1.5897237756276559,-12.5,-25,2.4208283739773013,-12.5,-12.5,3.4333150192567583,-12.5,0,2.4868114740028404,-12.5,12.5,0.9214642886207424,-12.5,25,2.192493662477438,-12.5,37.5,1.4722861953115718,-12.5,50,1.7475098445162218,-12.5,-50,2.3161793982581003,0,-37.5,3.34036454044441,0,-25,2.675268721577595,0,-12.5,2.417795078966547,0,0,1.2077693972241832,0,12.5,3.112010481169143,0,25,2.164604290665011,0,37.5,2.2112135372619983,0,50,3.002772784602712,0,-50,1.9585232898540479,12.5,-37.5,3.1000668032218,12.5,-25,2.2615363796567682,12.5,-12.5,1.12744860412228,12.5,0,1.647325854223295,12.5,12.5,2.7736110510462506,12.5,25,2.0275864680981135,12.5,37.5,1.6356640202567638,12.5,50,1.730040876032621,12.5,-50,2.952100459297071,25,-37.5,3.2129403946808317,25,-25,2.6681154191464884,25,-12.5,2.538087707100133,25,0,3.9144312176358653,25,12.5,2.6759359657374473,25,25,2.3967299603827996,25,37.5,1.338697840952574,25,50,2.3278917435527546,25,-50,1.2905016109689265,37.5,-37.5,3.3352735828432674,37.5,-25,2.5048319862198527,37.5,-12.5,2.895379343989408,37.5,0,1.8586897024366025,37.5,12.5,2.7983045451240502,37.5,25,1.6531419295584642,37.5,37.5,1.881553654546217,37.5,50,3.7255137669772695,37.5,-50,3.610365513522993,50,-37.5,1.9310316601374566,50,-25,2.170358073708485,50,-12.5,2.3932777553181834,50,0,2.7481066021573497,50,12.5,1.8167508181057137,50,25,2.47431687945209,50,37.5,3.3033391189225685,50,50,1.26395866907842,50],"center":{"x":200,"z":300},"lod":2,"index":32}