{"vertices":[-50,1.7462612425879342,-50,-37.5,2.9802903812226624,-50,-25,1.645087373253773,-50,-12.5,0.9087242124693276,-50,0,1.1420737537991954,-50,12.5,2.568584839409297,-50,25,2.0889144384273095,-50,37.5,1.443592179994584,-50,50,1.1018626455188496,-50,-50,3.047731650488858,-37.5,-37.5,2.411850619228784,-37.5,-25,2.6025615096650965,-37.5,-12.5,2.491987955291052,-37.5,0,3.671699377918462,-37.5,12.5,2.850197215425611,-37.5,25,2.2416612897738104,-37.5,37.5,1.8032350903424987,-37.5,50,1.777391278033435,-37.5,-50,1.6319839393690927,-25,-37.5,4.083788636050972,-25,-25,1.941660267111729,-25,-12.5,2.6290480169666353,-25,0,2.681972268546815,-25,12.5,2.8624956858701216,-25,25,1.8767804645904107,-25,37.5,2.2967575792276267,-25,50,4.36245218552358,-25,-50,3.154755154005398,-12.5,-37.5,1.6345366125905147,-12.5,-25,2.6023427101841294,-12.5,-12.5,2.2927685626900414,-12.5,0,2.454895298408456,-12.5,12.5,2.3758389360709327,-12.5,25,2.8729249027143258,-12.5,37.5,2.4562700159838657,-12.5,50,1.9701516947726874,-12.5,-50,3.4193722641066415,0,-37.5,1.321931018983673,0,-25,2.164901268479298,0,-12.5,2.3332767978844196,0,0,3.3661873969685985,0,12.5,1.5102272567422292,0,25,1.0268633806117577,0,37.5,1.247498445919894,0,50,2.023582017791341,0,-50,1.7137338145832732,12.5,-37.5,2.920615457111635,12.5,-25,3.6661353239734735,12.5,-12.5,2.1133911209056735,12.5,0,2.755848840777593,12.5,12.5,1.780132000378075,12.5,25,2.918856597127326,12.5,37.5,3.365879203525257,12.5,50,3.4065389990855195,12.5,-50,2.4003149306372507,25,-37.5,1.6625728519252259,25,-25,2.263991457220982,25,-12.5,2.373178395801401,25,0,1.5735657844197704,25,12.5,2.579646509713107,25,25,2.9952431463607354,25,37.5,3.6765563275489717,25,50,1.098732805621694,25,-50,2.53769388647541,37.5,-37.5,2.590286126813734,37.5,-25,2.1177752102380993,37.5,-12.5,2.4374039457964374,37.5,0,2.8563958982515225,37.5,12.5,2.7963860518615418,37.5,25,3.0228001891665004,37.5,37.5,2.811001781660431,37.5,50,2.566431363345454,37.5,-50,3.40873402710713,50,-37.5,3.0444906764168755,50,-25,1.9059313058824046,50,-12.5,2.181983112803258,50,0,3.1306137475621654,50,12.5,2.430382345154081,50,25,3.0591573559649987,50,37.5,1.8303796957528904,50,50,1.8853123549342854,50],"center":{"x":200,"z":200},"lod":2,"index":22}