{"vertices":[-50,3.368196791780065,-50,-37.5,1.9833348186409525,-50,-25,2.262113456890802,-50,-12.5,1.808638688413807,-50,0,2.3643231443566037,-50,12.5,1.9299927946444664,-50,25,2.314280007776688,-50,37.5,1.785416436166578,-50,50,0.9706666802958352,-50,-50,2.619242285472001,-37.5,-37.5,1.864745263448127,-37.5,-25,2.1082046588714336,-37.5,-12.5,2.533562974378763,-37.5,0,1.6981723938403468,-37.5,12.5,3.052118300014641,-37.5,25,1.2742317370707656,-37.5,37.5,2.744560863865443,-37.5,50,2.3368680529322203,-37.5,-50,2.779652482640813,-25,-37.5,1.774522992009992,-25,-25,2.1989302982547088,-25,-12.5,2.171584664532242,-25,0,2.9734301618736936,-25,12.5,2.101174794879856,-25,25,1.6612877294392092,-25,37.5,1.885433396785241,-25,50,3.189053509195219,-25,-50,2.0859397019864505,-12.5,-37.5,3.002216102958209,-12.5,-25,2.086324459789916,-12.5,-12.5,3.515591634481173,-12.5,0,1.6151167150644674,-12.5,12.5,3.5394714624662327,-12.5,25,2.9311069024989256,-12.5,37.5,3.6637547310833316,-12.5,50,1.9770747988971054,-12.5,-50,1.5430906478286488,0,-37.5,2.229062800316899,0,-25,2.2096944500663085,0,-12.5,3.3593818420887867,0,0,2.2260063938301755,0,12.5,3.021618338606262,0,25,2.7799642428726656,0,37.5,1.5497781890904958,0,50,1.1107983922556741,0,-50,2.0859397019864505,12.5,-37.5,3.002216102958209,12.5,-25,2.086324459789916,12.5,-12.5,3.515591634481173,12.5,0,1.6151167150644674,12.5,12.5,3.5394714624662327,12.5,25,2.9311069024989256,12.5,37.5,3.6637547310833316,12.5,50,1.9770747988971054,12.5,-50,2.779652482640813,25,-37.5,1.774522992009992,25,-25,2.1989302982547088,25,-12.5,2.171584664532242,25,0,2.9734301618736936,25,12.5,2.101174794879856,25,25,1.6612877294392092,25,37.5,1.885433396785241,25,50,3.189053509195219,25,-50,2.619242285472001,37.5,-37.5,1.864745263448127,37.5,-25,2.1082046588714336,37.5,-12.5,2.533562974378763,37.5,0,1.6981723938403468,37.5,12.5,3.052118300014641,37.5,25,1.2742317370707656,37.5,37.5,2.744560863865443,37.5,50,2.3368680529322203,37.5,-50,3.368196791780065,50,-37.5,1.9833348186409525,50,-25,2.262113456890802,50,-12.5,1.808638688413807,50,0,2.3643231443566037,50,12.5,1.9299927946444664,50,25,2.314280007776688,50,37.5,1.785416436166578,50,50,0.9706666802958352,50],"center":{"x":500,"z":0},"lod":2,"index":5}