{"vertices":[-50,1.4888433290616376,-50,-37.5,2.1282810870684026,-50,-25,1.9304788781300886,-50,-12.5,2.3596428738473008,-50,0,1.5544822491210653,-50,12.5,2.4692798033363417,-50,25,2.4860565776907606,-50,37.5,2.3779103043273135,-50,50,0.8762538868904812,-50,-50,1.709908088990364,-37.5,-37.5,1.4737915032890152,-37.5,-25,2.854034434816073,-37.5,-12.5,2.622911659946543,-37.5,0,1.6999834468758057,-37.5,12.5,2.30655822755129,-37.5,25,2.4484755243208074,-37.5,37.5,1.4257345050723065,-37.5,50,3.069435282103342,-37.5,-50,2.638175554384361,-25,-37.5,2.2959057498416477,-25,-25,2.58330456148542,-25,-12.5,1.4440560898502832,-25,0,3.2035818375152303,-25,12.5,2.4185086406306864,-25,25,1.740707200297038,-25,37.5,2.5383742562309863,-25,50,3.585200651359628,-25,-50,2.0463325176804252,-12.5,-37.5,2.664786273258322,-12.5,-25,2.3837901343329184,-12.5,-12.5,1.6993812702611595,-12.5,0,3.476384130699456,-12.5,12.5,2.2269270064309907,-12.5,25,1.1711120937132449,-12.5,37.5,1.9014620920290608,-12.5,50,3.2767748079068397,-12.5,-50,1.213932104219566,0,-37.5,2.3789395368330926,0,-25,1.8105638695851667,0,-12.5,2.930103780663096,0,0,1.9986968911689473,0,12.5,3.3138470081291835,0,25,2.04706538868777,0,37.5,2.4953703171357793,0,50,0.6604406673432095,0,-50,1.8876753415284753,12.5,-37.5,2.250328294119623,12.5,-25,2.4345644638025608,12.5,-12.5,1.6937173583005996,12.5,0,2.295880045368571,12.5,12.5,2.731590036346744,12.5,25,2.595098731060153,12.5,37.5,1.7891443840856223,12.5,50,2.9735474427077344,12.5,-50,1.48470557462133,25,-37.5,2.8266437534555093,25,-25,1.952486552108894,25,-12.5,2.102412526010575,25,0,3.1440984881919576,25,12.5,2.681051914919795,25,25,1.5510344917856855,25,37.5,2.525889487790037,25,50,1.5179855067253811,25,-50,2.3197436373026865,37.5,-37.5,3.5413690018197332,37.5,-25,2.057793574995169,37.5,-12.5,1.5392193441269517,37.5,0,1.649716050131179,37.5,12.5,3.3944224348520633,37.5,25,1.6662353484500458,37.5,37.5,1.9550746611192182,37.5,50,1.6877998548387676,37.5,-50,3.1502426339284284,50,-37.5,2.1290727110418386,50,-25,2.9898337198392255,50,-12.5,3.334015098106528,50,0,2.3568272269767476,50,12.5,1.596538070875878,50,25,1.390096735485713,50,37.5,3.3131094272453887,50,50,2.349948628616403,50],"center":{"x":800,"z":100},"lod":2,"index":18}