{"vertices":[-50,1.1692833591223462,-50,-37.5,3.1355577101783343,-50,-25,1.5357723406486912,-50,-12.5,2.7562981992779854,-50,0,2.6696687336516334,-50,12.5,2.3021432484322686,-50,25,2.0317974610225065,-50,37.5,1.9582176397006232,-50,50,2.1322346402303083,-50,-50,2.8607803052522742,-37.5,-37.5,2.8892628046138884,-37.5,-25,1.6173112541374595,-37.5,-12.5,3.2364404800360322,-37.5,0,1.6542622055062024,-37.5,12.5,2.8733967269450282,-37.5,25,2.519320693814908,-37.5,37.5,1.970386600584812,-37.5,50,2.1521067656744908,-37.5,-50,3.1011196661711438,-25,-37.5,2.5416478117033146,-25,-25,2.3265720478229923,-25,-12.5,1.6774100776435843,-25,0,2.566713630731101,-25,12.5,3.438965084606833,-25,25,2.740719161738525,-25,37.5,1.5996078065831079,-25,50,1.9836202932492597,-25,-50,2.770829633289205,-12.5,-37.5,3.285910115888078,-12.5,-25,3.152502125850487,-12.5,-12.5,2.4495060149774197,-12.5,0,3.254309430352285,-12.5,12.5,3.054135998196278,-12.5,25,2.2110012250219677,-12.5,37.5,2.0761875638458758,-12.5,50,3.142343041071089,-12.5,-50,1.9168761063338025,0,-37.5,1.9228366981664107,0,-25,2.6501842907600803,0,-12.5,2.075906604892266,0,0,3.7837805743765784,0,12.5,1.1301982396048282,0,25,2.5720015091792447,0,37.5,1.8230781601591097,0,50,0.7497373891965253,0,-50,2.1965533989648467,12.5,-37.5,1.9305313508939204,12.5,-25,1.810581389620671,12.5,-12.5,1.5200151936328807,12.5,0,2.1364573623544048,12.5,12.5,1.8321231179960007,12.5,25,1.8743074274413836,12.5,37.5,2.165317009962269,12.5,50,1.7618605948671437,12.5,-50,1.964724628996919,25,-37.5,0.9717073998037008,25,-25,2.05130945359997,25,-12.5,2.5496566929170585,25,0,1.4601238961768104,25,12.5,2.5487131715392497,25,25,1.4706878287688596,25,37.5,2.6384008112200927,25,50,1.6192997170583112,25,-50,1.9612458070143504,37.5,-37.5,2.5354296362003477,37.5,-25,1.7465180931108024,37.5,-12.5,2.4884461176712054,37.5,0,2.2939535943048828,37.5,12.5,2.762841421850291,37.5,25,2.262452901762326,37.5,37.5,2.5675134579425123,37.5,50,2.7552434949533913,37.5,-50,2.7873995590925915,50,-37.5,1.582862200706134,50,-25,1.785590606086771,50,-12.5,3.290394441427229,50,0,2.859396576459403,50,12.5,1.2228656525591632,50,25,1.9504225177661283,50,37.5,2.08953701450194,50,50,1.4888433290616376,50],"center":{"x":700,"z":800},"lod":2,"index":87}