{"vertices":[-50,3.365891046632896,-50,-25,2.9007951093808515,-50,0,2.2241413272422506,-50,25,1.3443692441069288,-50,50,2.5272497970581753,-50,-50,2.3562983347073896,-25,-25,1.5597578061715467,-25,0,2.6345926202338887,-25,25,1.589909535177867,-25,50,2.069695635509561,-25,-50,2.2533909155026777,0,-25,2.631534106840263,0,0,1.9532474554580403,0,25,1.7027159447752638,0,50,1.567288680744241,0,-50,3.2148111535207136,25,-25,2.971478320469032,25,0,1.9584414042037679,25,25,1.6634670312487287,25,50,1.5852717000962002,25,-50,1.1385599447385175,50,-25,2.239717311967979,50,0,2.115880516867037,50,25,1.3301866169058485,50,50,1.6732073266030056,50],"center":{"x":800,"z":600},"lod":3,"index":68}