{"vertices":[-50,3.1502426339284284,-50,-25,2.9898337198392255,-50,0,2.3568272269767476,-50,25,1.390096735485713,-50,50,2.349948628616403,-50,-50,2.1123520208493574,-25,-25,1.6764076722756727,-25,0,2.2595971501868917,-25,25,1.9232103641115827,-25,50,0.9622067648888333,-25,-50,2.6728967500821454,0,-25,2.768325574506889,0,0,3.2793017900985433,0,25,1.4091857190214796,0,50,2.4074316460610135,0,-50,2.4227691365376813,25,-25,3.128411389698158,25,0,1.8605455435317708,25,25,1.9931057508074446,25,50,2.4980465013504727,25,-50,1.7651966882840497,50,-25,1.8770957661763532,50,0,3.081085947851534,50,25,0.6215195770346327,50,50,3.920222564411233,50],"center":{"x":800,"z":200},"lod":3,"index":28}